# ************************************************************
# Sequel Pro SQL dump
# Version 5446
#
# https://www.sequelpro.com/
# https://github.com/sequelpro/sequelpro
#
# Host: 123.56.118.219 (MySQL 8.0.19)
# Database: leo
# Generation Time: 2020-05-27 17:04:59 +0000
# ************************************************************


/*!40101 SET @OLD_CHARACTER_SET_CLIENT=@@CHARACTER_SET_CLIENT */;
/*!40101 SET @OLD_CHARACTER_SET_RESULTS=@@CHARACTER_SET_RESULTS */;
/*!40101 SET @OLD_COLLATION_CONNECTION=@@COLLATION_CONNECTION */;
/*!40101 SET NAMES utf8 */;
SET NAMES utf8mb4;
/*!40014 SET @OLD_FOREIGN_KEY_CHECKS=@@FOREIGN_KEY_CHECKS, FOREIGN_KEY_CHECKS=0 */;
/*!40101 SET @OLD_SQL_MODE=@@SQL_MODE, SQL_MODE='NO_AUTO_VALUE_ON_ZERO' */;
/*!40111 SET @OLD_SQL_NOTES=@@SQL_NOTES, SQL_NOTES=0 */;


# Dump of table database_info
# ------------------------------------------------------------

DROP TABLE IF EXISTS `database_info`;

CREATE TABLE `database_info` (
  `db_id` bigint NOT NULL COMMENT '主键id',
  `db_name` varchar(255) NOT NULL COMMENT '数据库名称（英文名称）',
  `jdbc_driver` varchar(255) NOT NULL COMMENT 'jdbc的驱动类型',
  `user_name` varchar(255) NOT NULL COMMENT '数据库连接的账号',
  `password` varchar(255) NOT NULL COMMENT '数据库连接密码',
  `jdbc_url` varchar(2000) NOT NULL COMMENT 'jdbc的url',
  `remarks` varchar(255) DEFAULT NULL COMMENT '备注，摘要',
  `create_time` datetime DEFAULT NULL COMMENT '创建时间',
  PRIMARY KEY (`db_id`) USING BTREE,
  UNIQUE KEY `NAME_UNIQUE` (`db_name`) USING BTREE
) ENGINE=InnoDB DEFAULT CHARSET=utf8 ROW_FORMAT=DYNAMIC COMMENT='数据库信息表';

LOCK TABLES `database_info` WRITE;
/*!40000 ALTER TABLE `database_info` DISABLE KEYS */;

INSERT INTO `database_info` (`db_id`, `db_name`, `jdbc_driver`, `user_name`, `password`, `jdbc_url`, `remarks`, `create_time`)
VALUES
	(1265640609126404097,'master','com.mysql.jdbc.Driver','root','123456','jdbc:mysql://123.56.118.219:3306/leo?characterEncoding=UTF8&autoReconnect=true','主数据源，项目启动数据源！','2020-05-27 21:46:50');

/*!40000 ALTER TABLE `database_info` ENABLE KEYS */;
UNLOCK TABLES;


# Dump of table oauth_user_info
# ------------------------------------------------------------

DROP TABLE IF EXISTS `oauth_user_info`;

CREATE TABLE `oauth_user_info` (
  `oauth_id` bigint NOT NULL COMMENT '主键id',
  `user_id` bigint NOT NULL COMMENT '用户主键id',
  `nick_name` varchar(255) DEFAULT NULL COMMENT '昵称',
  `avatar` varchar(500) DEFAULT NULL COMMENT '头像',
  `blog` varchar(255) DEFAULT NULL COMMENT '用户网址',
  `company` varchar(255) DEFAULT NULL COMMENT '所在公司',
  `location` varchar(255) DEFAULT NULL COMMENT '位置',
  `email` varchar(255) DEFAULT NULL COMMENT '邮箱',
  `remark` varchar(255) DEFAULT NULL COMMENT '用户备注（各平台中的用户个人介绍）',
  `gender` int DEFAULT NULL COMMENT '性别，1-男，0-女',
  `source` varchar(255) DEFAULT NULL COMMENT '用户来源',
  `token` varchar(255) DEFAULT NULL COMMENT '用户授权的token',
  `uuid` varchar(255) DEFAULT NULL COMMENT '第三方平台的用户唯一di',
  `create_time` datetime DEFAULT NULL COMMENT '创建时间',
  `create_user` bigint DEFAULT NULL COMMENT '创建用户',
  `update_time` datetime DEFAULT NULL COMMENT '更新时间',
  `update_user` bigint DEFAULT NULL COMMENT '更新用户',
  PRIMARY KEY (`oauth_id`) USING BTREE
) ENGINE=InnoDB DEFAULT CHARSET=utf8 ROW_FORMAT=DYNAMIC COMMENT='第三方用户信息表';



# Dump of table sys_config
# ------------------------------------------------------------

DROP TABLE IF EXISTS `sys_config`;

CREATE TABLE `sys_config` (
  `id` bigint NOT NULL COMMENT '主键',
  `name` varchar(200) NOT NULL COMMENT '名称',
  `code` varchar(200) NOT NULL COMMENT '属性编码标识',
  `dict_flag` char(1) NOT NULL COMMENT '是否是字典中的值',
  `dict_type_id` bigint DEFAULT NULL COMMENT '字典类型的编码',
  `value` varchar(200) NOT NULL COMMENT '属性值，如果是字典中的类型，则为dict的code',
  `remark` varchar(200) DEFAULT NULL COMMENT '备注',
  `create_time` datetime DEFAULT NULL COMMENT '创建时间',
  `create_user` bigint DEFAULT NULL COMMENT '创建人',
  `update_time` datetime DEFAULT NULL COMMENT '更新时间',
  `update_user` bigint DEFAULT NULL COMMENT '更新人',
  PRIMARY KEY (`id`) USING BTREE
) ENGINE=InnoDB DEFAULT CHARSET=utf8 ROW_FORMAT=DYNAMIC COMMENT='参数配置';

LOCK TABLES `sys_config` WRITE;
/*!40000 ALTER TABLE `sys_config` DISABLE KEYS */;

INSERT INTO `sys_config` (`id`, `name`, `code`, `dict_flag`, `dict_type_id`, `value`, `remark`, `create_time`, `create_user`, `update_time`, `update_user`)
VALUES
	(1143324237579165697,'验证码开关','GUNS_KAPTCHA_OPEN','Y',1106120265689055233,'DISABLE','是否开启验证码','2019-06-24 12:46:43',1,'2019-06-25 09:04:42',1),
	(1143386834613694465,'阿里云短信的keyId','GUNS_SMS_ACCESSKEY_ID','N',NULL,'xxxkey','阿里云短信的密钥key','2019-06-25 13:13:59',1,'2019-06-25 13:19:21',1),
	(1143386953933254657,'阿里云短信的secret','GUNS_SMS_ACCESSKEY_SECRET','N',NULL,'xxxsecret','阿里云短信的secret','2019-06-25 13:14:28',1,NULL,NULL),
	(1143387023449649154,'阿里云短信的签名','GUNS_SMS_SIGN_NAME','N',NULL,'xxxsign','阿里云短信的签名','2019-06-25 13:14:44',1,NULL,NULL),
	(1143387131109044225,'阿里云短信登录的模板号','GUNS_SMS_LOGIN_TEMPLATE_CODE','N',NULL,'SMS_XXXXXX','阿里云短信登录的模板号','2019-06-25 13:15:10',1,NULL,NULL),
	(1143387225019510785,'验证码短信失效时间','GUNS_SMS_INVALIDATE_MINUTES','N',NULL,'2','验证码短信失效时间','2019-06-25 13:15:32',1,NULL,NULL),
	(1143468689664876546,'管理系统名称','GUNS_SYSTEM_NAME','N',NULL,'Guns快速开发平台','管理系统名称','2019-06-25 18:39:15',1,NULL,NULL),
	(1143468867767607297,'默认系统密码','GUNS_DEFAULT_PASSWORD','N',NULL,'111111','默认系统密码','2019-06-25 18:39:57',1,NULL,NULL),
	(1143469008025133058,'OAuth2登录用户的账号标识','GUNS_OAUTH2_PREFIX','N',NULL,'oauth2','OAuth2登录用户的账号标识','2019-06-25 18:40:31',1,NULL,NULL),
	(1145207130463191041,'顶部导航条是否开启','GUNS_DEFAULT_ADVERT','Y',1106120265689055233,'ENABLE','顶部Guns广告是否开启','2019-06-30 13:47:11',1,'2019-06-30 13:47:20',1),
	(1145915627211370498,'Guns发布的编号','GUNS_SYSTEM_RELEASE_VERSION','N',NULL,'20191029','用于防止浏览器缓存相关的js和css','2019-07-02 12:42:30',1,NULL,NULL),
	(1145915627211370499,'文件上传路径','GUNS_FILE_UPLOAD_PATH','N',NULL,'/Users/stylefeng/tmp/gunsTempFiles/','文件上传默认目录','2019-08-30 09:10:40',1,NULL,NULL),
	(1145915627211370500,'BPMN文件上传路径','GUNS_BPMN_FILE_UPLOAD_PATH','N',NULL,'/Users/stylefeng/tmp/gunsTempFiles/','工作流文件上传默认目录','2019-08-30 09:10:40',1,NULL,NULL),
	(1145915627211370501,'获取系统地密钥过期时间','GUNS_JWT_SECRET_EXPIRE','N',NULL,'86400','获取系统地密钥过期时间（单位：秒），默认1天','2019-10-16 23:02:39',1,NULL,NULL),
	(1145915627211370502,'获取token的header标识','GUNS_TOKEN_HEADER_NAME','N',NULL,'Authorization','获取token的header标识','2019-10-16 23:02:39',1,NULL,NULL),
	(1145915627211370503,'获取租户是否开启的标识','GUNS_TENANT_OPEN','Y',1106120265689055233,'DISABLE','获取租户是否开启的标识，默认是关的','2019-10-16 23:02:39',1,NULL,NULL);

/*!40000 ALTER TABLE `sys_config` ENABLE KEYS */;
UNLOCK TABLES;


# Dump of table sys_dept
# ------------------------------------------------------------

DROP TABLE IF EXISTS `sys_dept`;

CREATE TABLE `sys_dept` (
  `dept_id` bigint NOT NULL COMMENT '主键id',
  `pid` bigint DEFAULT '0' COMMENT '父部门id',
  `pids` varchar(512) DEFAULT '' COMMENT '父级ids',
  `simple_name` varchar(45) DEFAULT NULL COMMENT '简称',
  `full_name` varchar(255) DEFAULT NULL COMMENT '全称',
  `description` varchar(255) DEFAULT NULL COMMENT '描述',
  `version` int DEFAULT NULL COMMENT '版本（乐观锁保留字段）',
  `sort` int DEFAULT NULL COMMENT '排序',
  `create_time` datetime DEFAULT NULL COMMENT '创建时间',
  `update_time` datetime DEFAULT NULL COMMENT '修改时间',
  `create_user` bigint DEFAULT NULL COMMENT '创建人',
  `update_user` bigint DEFAULT NULL COMMENT '修改人',
  PRIMARY KEY (`dept_id`) USING BTREE
) ENGINE=InnoDB DEFAULT CHARSET=utf8 ROW_FORMAT=DYNAMIC COMMENT='部门表';

LOCK TABLES `sys_dept` WRITE;
/*!40000 ALTER TABLE `sys_dept` DISABLE KEYS */;

INSERT INTO `sys_dept` (`dept_id`, `pid`, `pids`, `simple_name`, `full_name`, `description`, `version`, `sort`, `create_time`, `update_time`, `create_user`, `update_user`)
VALUES
	(24,0,'[0],','总公司','总公司','',NULL,1,NULL,NULL,NULL,NULL),
	(25,24,'[0],[24],','开发部','开发部','',NULL,2,NULL,NULL,NULL,NULL),
	(26,24,'[0],[24],','运营部','运营部','',NULL,3,NULL,NULL,NULL,NULL),
	(27,24,'[0],[24],','战略部','战略部','',NULL,4,NULL,NULL,NULL,NULL);

/*!40000 ALTER TABLE `sys_dept` ENABLE KEYS */;
UNLOCK TABLES;


# Dump of table sys_dict
# ------------------------------------------------------------

DROP TABLE IF EXISTS `sys_dict`;

CREATE TABLE `sys_dict` (
  `dict_id` bigint NOT NULL COMMENT '字典id',
  `dict_type_id` bigint NOT NULL COMMENT '所属字典类型的id',
  `code` varchar(50) NOT NULL COMMENT '字典编码',
  `name` varchar(255) NOT NULL COMMENT '字典名称',
  `parent_id` bigint NOT NULL COMMENT '上级代码id',
  `parent_ids` varchar(255) DEFAULT NULL COMMENT '所有上级id',
  `status` varchar(10) NOT NULL DEFAULT 'ENABLE' COMMENT '状态（字典）',
  `sort` int DEFAULT NULL COMMENT '排序',
  `description` varchar(1000) DEFAULT NULL COMMENT '字典的描述',
  `create_time` datetime DEFAULT NULL COMMENT '创建时间',
  `update_time` datetime DEFAULT NULL COMMENT '更新时间',
  `create_user` bigint DEFAULT NULL COMMENT '创建人',
  `update_user` bigint DEFAULT NULL COMMENT '修改人',
  PRIMARY KEY (`dict_id`) USING BTREE
) ENGINE=InnoDB DEFAULT CHARSET=utf8 ROW_FORMAT=DYNAMIC COMMENT='基础字典';

LOCK TABLES `sys_dict` WRITE;
/*!40000 ALTER TABLE `sys_dict` DISABLE KEYS */;

INSERT INTO `sys_dict` (`dict_id`, `dict_type_id`, `code`, `name`, `parent_id`, `parent_ids`, `status`, `sort`, `description`, `create_time`, `update_time`, `create_user`, `update_user`)
VALUES
	(1106120532442595330,1106120208097067009,'M','男',0,'[0]','ENABLE',NULL,'','2019-03-14 17:11:00',NULL,1,NULL),
	(1106120574163337218,1106120208097067009,'F','女',0,'[0]','ENABLE',NULL,'','2019-03-14 17:11:10',NULL,1,NULL),
	(1106120645697191938,1106120265689055233,'ENABLE','启用',0,'[0]','ENABLE',NULL,'','2019-03-14 17:11:27',NULL,1,NULL),
	(1106120699468169217,1106120265689055233,'DISABLE','禁用',0,'[0]','ENABLE',NULL,'','2019-03-14 17:11:40',NULL,1,NULL),
	(1106120784318939137,1106120322450571266,'ENABLE','启用',0,'[0]','ENABLE',NULL,'','2019-03-14 17:12:00',NULL,1,NULL),
	(1106120825993543682,1106120322450571266,'FREEZE','冻结',0,'[0]','ENABLE',1,'','2019-03-14 17:12:10','2019-03-16 10:56:36',1,1),
	(1106120875872206849,1106120322450571266,'DELETED','已删除',0,'[0]','ENABLE',-1221,'','2019-03-14 17:12:22','2019-03-16 10:56:53',1,1),
	(1106120935070613505,1106120388036902914,'Y','删除',0,'[0]','ENABLE',23333,'','2019-03-14 17:12:36','2019-03-16 10:58:53',1,1),
	(1106120968910258177,1106120388036902914,'N','未删除',0,'[0]','ENABLE',1212211221,'','2019-03-14 17:12:44','2019-03-16 10:59:03',1,1),
	(1149218674746355713,1149217131989069826,'BASE_SYSTEM','系统管理',0,'[0]','ENABLE',1,'系统管理平台','2019-07-11 15:27:38','2019-07-11 20:27:14',1,1),
	(1160533174626959361,1160532704105742337,'00101','办公审批',0,'[0]','ENABLE',10,'','2019-08-11 20:47:25',NULL,1,NULL),
	(1160533264645111810,1160532704105742337,'00102','行政审批',0,'[0]','ENABLE',20,'','2019-08-11 20:47:47',NULL,1,NULL),
	(1160533377727741954,1160532775455047681,'KEY_LEAVE','请假流程标识',0,'[0]','ENABLE',10,'','2019-08-11 20:48:14',NULL,1,NULL),
	(1160533455343337474,1160532775455047681,'KEY_FINANCE','财务流程标识',0,'[0]','ENABLE',20,'','2019-08-11 20:48:32',NULL,1,NULL),
	(1160533574843252737,1160532886713155585,'00401','事假',0,'[0]','ENABLE',10,'','2019-08-11 20:49:01',NULL,1,NULL),
	(1160533625615302658,1160532886713155585,'00402','婚假',0,'[0]','ENABLE',20,'','2019-08-11 20:49:13',NULL,1,NULL),
	(1160533707215486977,1160532886713155585,'00403','产假',0,'[0]','ENABLE',30,'','2019-08-11 20:49:32',NULL,1,NULL),
	(1160533765403066370,1160532886713155585,'00404','病假',0,'[0]','ENABLE',40,'','2019-08-11 20:49:46',NULL,1,NULL),
	(1160533863834992641,1160532886713155585,'00405','公假',0,'[0]','ENABLE',50,'','2019-08-11 20:50:09',NULL,1,NULL),
	(1160533945309347841,1160532886713155585,'00406','年假',0,'[0]','ENABLE',60,'','2019-08-11 20:50:29',NULL,1,NULL),
	(1160534007389241346,1160532886713155585,'00407','其他',0,'[0]','ENABLE',70,'','2019-08-11 20:50:44',NULL,1,NULL);

/*!40000 ALTER TABLE `sys_dict` ENABLE KEYS */;
UNLOCK TABLES;


# Dump of table sys_dict_type
# ------------------------------------------------------------

DROP TABLE IF EXISTS `sys_dict_type`;

CREATE TABLE `sys_dict_type` (
  `dict_type_id` bigint NOT NULL COMMENT '字典类型id',
  `code` varchar(255) NOT NULL COMMENT '字典类型编码',
  `name` varchar(255) NOT NULL COMMENT '字典类型名称',
  `description` varchar(1000) DEFAULT NULL COMMENT '字典描述',
  `system_flag` char(1) CHARACTER SET utf8 COLLATE utf8_bin NOT NULL COMMENT '是否是系统字典，Y-是，N-否',
  `status` varchar(10) NOT NULL DEFAULT 'ENABLE' COMMENT '状态(字典)',
  `sort` int DEFAULT NULL COMMENT '排序',
  `create_time` datetime DEFAULT NULL COMMENT '添加时间',
  `create_user` bigint DEFAULT NULL COMMENT '创建人',
  `update_time` datetime DEFAULT NULL COMMENT '修改时间',
  `update_user` bigint DEFAULT NULL COMMENT '修改人',
  PRIMARY KEY (`dict_type_id`) USING BTREE
) ENGINE=InnoDB DEFAULT CHARSET=utf8 ROW_FORMAT=DYNAMIC COMMENT='字典类型表';

LOCK TABLES `sys_dict_type` WRITE;
/*!40000 ALTER TABLE `sys_dict_type` DISABLE KEYS */;

INSERT INTO `sys_dict_type` (`dict_type_id`, `code`, `name`, `description`, `system_flag`, `status`, `sort`, `create_time`, `create_user`, `update_time`, `update_user`)
VALUES
	(1106120208097067009,'SEX','性别','',X'59','ENABLE',4,'2019-03-14 17:09:43',1,NULL,NULL),
	(1106120265689055233,'STATUS','状态','',X'59','ENABLE',3,'2019-03-14 17:09:57',1,NULL,NULL),
	(1106120322450571266,'ACCOUNT_STATUS','账号状态','',X'59','ENABLE',40,'2019-03-14 17:10:10',1,'2019-08-11 20:46:38',1),
	(1106120388036902914,'DEL_FLAG','是否删除','',X'59','ENABLE',2,'2019-03-14 17:10:26',1,'2019-03-27 16:26:31',1),
	(1149217131989069826,'SYSTEM_TYPE','系统分类','系统所有分类的维护',X'59','ENABLE',50,'2019-07-11 15:21:30',1,'2019-08-11 20:46:47',1),
	(1160532704105742337,'FLOW_CATEGARY','工作流分类','工作流分类',X'59','ENABLE',60,'2019-08-11 20:45:33',1,NULL,NULL),
	(1160532775455047681,'FLOW_KEY','工作流标识','工作流标识',X'59','ENABLE',70,'2019-08-11 20:45:50',1,NULL,NULL),
	(1160532886713155585,'LEAVE_TYPE','请假类型','请假类型',X'59','ENABLE',80,'2019-08-11 20:46:17',1,'2019-08-11 20:46:23',1);

/*!40000 ALTER TABLE `sys_dict_type` ENABLE KEYS */;
UNLOCK TABLES;


# Dump of table sys_file_info
# ------------------------------------------------------------

DROP TABLE IF EXISTS `sys_file_info`;

CREATE TABLE `sys_file_info` (
  `file_id` varchar(50) NOT NULL COMMENT '主键id',
  `file_bucket` varchar(100) DEFAULT NULL COMMENT '文件仓库（oss仓库）',
  `file_name` varchar(100) NOT NULL COMMENT '文件名称',
  `file_suffix` varchar(50) DEFAULT NULL COMMENT '文件后缀',
  `file_size_kb` bigint DEFAULT NULL COMMENT '文件大小kb',
  `final_name` varchar(100) NOT NULL COMMENT '文件唯一标识id',
  `file_path` varchar(1000) DEFAULT NULL COMMENT '存储路径',
  `create_time` datetime DEFAULT NULL COMMENT '创建时间',
  `update_time` datetime DEFAULT NULL COMMENT '修改时间',
  `create_user` bigint DEFAULT NULL COMMENT '创建用户',
  `update_user` bigint DEFAULT NULL COMMENT '修改用户',
  PRIMARY KEY (`file_id`) USING BTREE
) ENGINE=InnoDB DEFAULT CHARSET=utf8 ROW_FORMAT=DYNAMIC COMMENT='文件信息表';

LOCK TABLES `sys_file_info` WRITE;
/*!40000 ALTER TABLE `sys_file_info` DISABLE KEYS */;

INSERT INTO `sys_file_info` (`file_id`, `file_bucket`, `file_name`, `file_suffix`, `file_size_kb`, `final_name`, `file_path`, `create_time`, `update_time`, `create_user`, `update_user`)
VALUES
	('1167385745179131905',NULL,'请假流程.bpmn20.xml','xml',6,'1167385745179131905.xml','/Users/stylefeng/tmp/gunsTempFiles/1167385745179131905.xml','2019-08-30 18:37:05',NULL,1,NULL);

/*!40000 ALTER TABLE `sys_file_info` ENABLE KEYS */;
UNLOCK TABLES;


# Dump of table sys_login_log
# ------------------------------------------------------------

DROP TABLE IF EXISTS `sys_login_log`;

CREATE TABLE `sys_login_log` (
  `login_log_id` bigint NOT NULL COMMENT '主键',
  `log_name` varchar(255) DEFAULT NULL COMMENT '日志名称',
  `user_id` bigint DEFAULT NULL COMMENT '管理员id',
  `create_time` datetime DEFAULT NULL COMMENT '创建时间',
  `succeed` varchar(255) DEFAULT NULL COMMENT '是否执行成功',
  `message` text CHARACTER SET utf8 COLLATE utf8_bin COMMENT '具体消息',
  `ip_address` varchar(255) DEFAULT NULL COMMENT '登录ip',
  PRIMARY KEY (`login_log_id`) USING BTREE
) ENGINE=InnoDB DEFAULT CHARSET=utf8 ROW_FORMAT=DYNAMIC COMMENT='登录记录';



# Dump of table sys_menu
# ------------------------------------------------------------

DROP TABLE IF EXISTS `sys_menu`;

CREATE TABLE `sys_menu` (
  `menu_id` bigint NOT NULL COMMENT '主键id',
  `code` varchar(255) DEFAULT NULL COMMENT '菜单编号',
  `pcode` varchar(255) DEFAULT NULL COMMENT '菜单父编号',
  `pcodes` varchar(255) DEFAULT NULL COMMENT '当前菜单的所有父菜单编号',
  `name` varchar(255) DEFAULT NULL COMMENT '菜单名称',
  `icon` varchar(255) DEFAULT NULL COMMENT '菜单图标',
  `url` varchar(255) DEFAULT NULL COMMENT 'url地址',
  `sort` int DEFAULT NULL COMMENT '菜单排序号',
  `levels` int DEFAULT NULL COMMENT '菜单层级',
  `menu_flag` varchar(32) DEFAULT NULL COMMENT '是否是菜单(字典)',
  `description` varchar(255) DEFAULT NULL COMMENT '备注',
  `status` varchar(32) DEFAULT 'ENABLE' COMMENT '菜单状态(字典)',
  `new_page_flag` varchar(32) DEFAULT NULL COMMENT '是否打开新页面的标识(字典)',
  `open_flag` varchar(32) DEFAULT NULL COMMENT '是否打开(字典)',
  `system_type` varchar(100) DEFAULT NULL COMMENT '系统分类(字典)',
  `create_time` datetime DEFAULT NULL COMMENT '创建时间',
  `update_time` datetime DEFAULT NULL COMMENT '修改时间',
  `create_user` bigint DEFAULT NULL COMMENT '创建人',
  `update_user` bigint DEFAULT NULL COMMENT '修改人',
  PRIMARY KEY (`menu_id`) USING BTREE
) ENGINE=InnoDB DEFAULT CHARSET=utf8 ROW_FORMAT=DYNAMIC COMMENT='菜单表';

LOCK TABLES `sys_menu` WRITE;
/*!40000 ALTER TABLE `sys_menu` DISABLE KEYS */;

INSERT INTO `sys_menu` (`menu_id`, `code`, `pcode`, `pcodes`, `name`, `icon`, `url`, `sort`, `levels`, `menu_flag`, `description`, `status`, `new_page_flag`, `open_flag`, `system_type`, `create_time`, `update_time`, `create_user`, `update_user`)
VALUES
	(105,'system','0','[0],','系统管理','layui-icon layui-icon-set','#',20,1,'Y',NULL,'ENABLE',NULL,'1','BASE_SYSTEM',NULL,'2019-03-29 16:32:27',NULL,1),
	(106,'mgr','system','[0],[system],','用户管理','','/mgr',10,2,'Y',NULL,'ENABLE',NULL,'0','BASE_SYSTEM',NULL,'2019-06-30 13:48:07',NULL,1),
	(107,'mgr_add','mgr','[0],[system],[mgr],','添加用户',NULL,'/mgr/add',1,3,'N',NULL,'ENABLE',NULL,'0','BASE_SYSTEM',NULL,'2019-06-30 13:48:07',NULL,1),
	(108,'mgr_edit','mgr','[0],[system],[mgr],','修改用户',NULL,'/mgr/edit',2,3,'N',NULL,'ENABLE',NULL,'0','BASE_SYSTEM',NULL,'2019-06-30 13:48:07',NULL,1),
	(109,'mgr_delete','mgr','[0],[system],[mgr],','删除用户',NULL,'/mgr/delete',3,3,'N',NULL,'ENABLE',NULL,'0','BASE_SYSTEM',NULL,'2019-06-30 13:48:07',NULL,1),
	(110,'mgr_reset','mgr','[0],[system],[mgr],','重置密码',NULL,'/mgr/reset',4,3,'N',NULL,'ENABLE',NULL,'0','BASE_SYSTEM',NULL,'2019-06-30 13:48:07',NULL,1),
	(111,'mgr_freeze','mgr','[0],[system],[mgr],','冻结用户',NULL,'/mgr/freeze',5,3,'N',NULL,'ENABLE',NULL,'0','BASE_SYSTEM',NULL,'2019-06-30 13:48:07',NULL,1),
	(112,'mgr_unfreeze','mgr','[0],[system],[mgr],','解除冻结用户',NULL,'/mgr/unfreeze',6,3,'N',NULL,'ENABLE',NULL,'0','BASE_SYSTEM',NULL,'2019-06-30 13:48:07',NULL,1),
	(113,'mgr_setRole','mgr','[0],[system],[mgr],','分配角色',NULL,'/mgr/setRole',7,3,'N',NULL,'ENABLE',NULL,'0','BASE_SYSTEM',NULL,'2019-06-30 13:48:07',NULL,1),
	(114,'role','system','[0],[system],','角色管理','','/role',20,2,'Y',NULL,'ENABLE',NULL,'0','BASE_SYSTEM',NULL,'2019-06-30 13:48:12',NULL,1),
	(115,'role_add','role','[0],[system],[role],','添加角色',NULL,'/role/add',1,3,'N',NULL,'ENABLE',NULL,'0','BASE_SYSTEM',NULL,'2019-06-30 13:48:12',NULL,1),
	(116,'role_edit','role','[0],[system],[role],','修改角色',NULL,'/role/edit',2,3,'N',NULL,'ENABLE',NULL,'0','BASE_SYSTEM',NULL,'2019-06-30 13:48:12',NULL,1),
	(117,'role_remove','role','[0],[system],[role],','删除角色',NULL,'/role/remove',3,3,'N',NULL,'ENABLE',NULL,'0','BASE_SYSTEM',NULL,'2019-06-30 13:48:12',NULL,1),
	(118,'role_setAuthority','role','[0],[system],[role],','配置权限',NULL,'/role/setAuthority',4,3,'N',NULL,'ENABLE',NULL,'0','BASE_SYSTEM',NULL,'2019-06-30 13:48:12',NULL,1),
	(119,'menu','system','[0],[system],','菜单管理','','/menu',50,2,'Y',NULL,'ENABLE',NULL,'0','BASE_SYSTEM',NULL,'2019-06-30 13:48:25',NULL,1),
	(120,'menu_add','menu','[0],[system],[menu],','添加菜单',NULL,'/menu/add',1,3,'N',NULL,'ENABLE',NULL,'0','BASE_SYSTEM',NULL,'2019-06-30 13:48:25',NULL,1),
	(121,'menu_edit','menu','[0],[system],[menu],','修改菜单',NULL,'/menu/edit',2,3,'N',NULL,'ENABLE',NULL,'0','BASE_SYSTEM',NULL,'2019-06-30 13:48:25',NULL,1),
	(122,'menu_remove','menu','[0],[system],[menu],','删除菜单',NULL,'/menu/remove',3,3,'N',NULL,'ENABLE',NULL,'0','BASE_SYSTEM',NULL,'2019-06-30 13:48:25',NULL,1),
	(128,'log','system','[0],[system],','业务日志','','/log',70,2,'Y',NULL,'ENABLE',NULL,'0','BASE_SYSTEM',NULL,'2019-06-30 13:48:39',NULL,1),
	(130,'druid','system','[0],[system],','监控管理','','/druid',80,2,'Y',NULL,'ENABLE',NULL,NULL,'BASE_SYSTEM',NULL,'2019-06-30 13:50:06',NULL,1),
	(131,'dept','system','[0],[system],','部门管理','','/dept',30,2,'Y',NULL,'ENABLE',NULL,NULL,'BASE_SYSTEM',NULL,'2019-06-30 13:48:53',NULL,1),
	(132,'dict','system','[0],[system],','字典管理','','/dictType',40,2,'Y',NULL,'ENABLE',NULL,NULL,'BASE_SYSTEM',NULL,'2019-06-30 13:49:04',NULL,1),
	(133,'loginLog','system','[0],[system],','登录日志','','/loginLog',60,2,'Y',NULL,'ENABLE',NULL,NULL,'BASE_SYSTEM',NULL,'2019-06-30 13:49:29',NULL,1),
	(134,'log_clean','log','[0],[system],[log],','清空日志',NULL,'/log/delLog',3,3,'N',NULL,'ENABLE',NULL,NULL,'BASE_SYSTEM',NULL,'2019-06-30 13:48:39',NULL,1),
	(135,'dept_add','dept','[0],[system],[dept],','添加部门',NULL,'/dept/add',1,3,'N',NULL,'ENABLE',NULL,NULL,'BASE_SYSTEM',NULL,'2019-06-30 13:48:53',NULL,1),
	(136,'dept_update','dept','[0],[system],[dept],','修改部门',NULL,'/dept/update',1,3,'N',NULL,'ENABLE',NULL,NULL,'BASE_SYSTEM',NULL,'2019-06-30 13:48:53',NULL,1),
	(137,'dept_delete','dept','[0],[system],[dept],','删除部门',NULL,'/dept/delete',1,3,'N',NULL,'ENABLE',NULL,NULL,'BASE_SYSTEM',NULL,'2019-06-30 13:48:53',NULL,1),
	(138,'dict_add','dict','[0],[system],[dict],','添加字典',NULL,'/dictType/addItem',1,3,'N',NULL,'ENABLE',NULL,NULL,'BASE_SYSTEM',NULL,'2019-06-30 13:49:04',NULL,1),
	(139,'dict_update','dict','[0],[system],[dict],','修改字典',NULL,'/dictType/editItem',1,3,'N',NULL,'ENABLE',NULL,NULL,'BASE_SYSTEM',NULL,'2019-06-30 13:49:04',NULL,1),
	(140,'dict_delete','dict','[0],[system],[dict],','删除字典',NULL,'/dictType/delete',1,3,'N',NULL,'ENABLE',NULL,NULL,'BASE_SYSTEM',NULL,'2019-06-30 13:49:04',NULL,1),
	(141,'notice','system','[0],[system],','通知管理','','/notice',90,2,'Y',NULL,'ENABLE',NULL,NULL,'BASE_SYSTEM',NULL,'2019-06-30 13:49:44',NULL,1),
	(142,'notice_add','notice','[0],[system],[notice],','添加通知',NULL,'/notice/add',1,3,'N',NULL,'ENABLE',NULL,NULL,'BASE_SYSTEM',NULL,'2019-06-30 13:49:44',NULL,1),
	(143,'notice_update','notice','[0],[system],[notice],','修改通知',NULL,'/notice/update',2,3,'N',NULL,'ENABLE',NULL,NULL,'BASE_SYSTEM',NULL,'2019-06-30 13:49:44',NULL,1),
	(144,'notice_delete','notice','[0],[system],[notice],','删除通知',NULL,'/notice/delete',3,3,'N',NULL,'ENABLE',NULL,NULL,'BASE_SYSTEM',NULL,'2019-06-30 13:49:44',NULL,1),
	(145,'sys_message','dashboard','[0],[dashboard],','消息通知','layui-icon layui-icon-tips','/system/notice',30,2,'Y',NULL,'ENABLE',NULL,NULL,'BASE_SYSTEM',NULL,'2019-04-08 22:49:39',NULL,1),
	(149,'api_mgr','dev_tools','[0],[dev_tools],','接口文档','fa-leaf','/swagger-ui.html',30,2,'Y',NULL,'ENABLE',NULL,NULL,'BASE_SYSTEM',NULL,'2019-06-15 18:13:00',NULL,1),
	(150,'to_menu_edit','menu','[0],[system],[menu],','菜单编辑跳转','','/menu/menu_edit',4,3,'N',NULL,'ENABLE',NULL,NULL,'BASE_SYSTEM',NULL,'2019-06-30 13:48:25',NULL,1),
	(151,'menu_list','menu','[0],[system],[menu],','菜单列表','','/menu/list',5,3,'N',NULL,'ENABLE',NULL,NULL,'BASE_SYSTEM',NULL,'2019-06-30 13:48:25',NULL,1),
	(152,'to_dept_update','dept','[0],[system],[dept],','修改部门跳转','','/dept/dept_update',4,3,'N',NULL,'ENABLE',NULL,NULL,'BASE_SYSTEM',NULL,'2019-06-30 13:48:53',NULL,1),
	(153,'dept_list','dept','[0],[system],[dept],','部门列表','','/dept/list',5,3,'N',NULL,'ENABLE',NULL,NULL,'BASE_SYSTEM',NULL,'2019-06-30 13:48:53',NULL,1),
	(154,'dept_detail','dept','[0],[system],[dept],','部门详情','','/dept/detail',6,3,'N',NULL,'ENABLE',NULL,NULL,'BASE_SYSTEM',NULL,'2019-06-30 13:48:53',NULL,1),
	(155,'to_dict_edit','dict','[0],[system],[dict],','修改菜单跳转','','/dict/dict_edit',4,3,'N',NULL,'ENABLE',NULL,NULL,'BASE_SYSTEM',NULL,'2019-06-30 13:49:04',NULL,1),
	(156,'dict_list','dict','[0],[system],[dict],','字典列表','','/dict/list',5,3,'N',NULL,'ENABLE',NULL,NULL,'BASE_SYSTEM',NULL,'2019-06-30 13:49:04',NULL,1),
	(157,'dict_detail','dict','[0],[system],[dict],','字典详情','','/dict/detail',6,3,'N',NULL,'ENABLE',NULL,NULL,'BASE_SYSTEM',NULL,'2019-06-30 13:49:04',NULL,1),
	(158,'log_list','log','[0],[system],[log],','日志列表','','/log/list',2,3,'N',NULL,'ENABLE',NULL,NULL,'BASE_SYSTEM',NULL,'2019-06-30 13:48:39',NULL,1),
	(159,'log_detail','log','[0],[system],[log],','日志详情','','/log/detail',3,3,'N',NULL,'ENABLE',NULL,NULL,'BASE_SYSTEM',NULL,'2019-06-30 13:48:39',NULL,1),
	(160,'del_login_log','loginLog','[0],[system],[loginLog],','清空登录日志','','/loginLog/delLoginLog',1,3,'N',NULL,'ENABLE',NULL,NULL,'BASE_SYSTEM',NULL,'2019-06-30 13:49:29',NULL,1),
	(161,'login_log_list','loginLog','[0],[system],[loginLog],','登录日志列表','','/loginLog/list',2,3,'N',NULL,'ENABLE',NULL,NULL,'BASE_SYSTEM',NULL,'2019-06-30 13:49:29',NULL,1),
	(162,'to_role_edit','role','[0],[system],[role],','修改角色跳转','','/role/role_edit',5,3,'N',NULL,'ENABLE',NULL,NULL,'BASE_SYSTEM',NULL,'2019-06-30 13:48:12',NULL,1),
	(163,'to_role_assign','role','[0],[system],[role],','角色分配跳转','','/role/role_assign',6,3,'N',NULL,'ENABLE',NULL,NULL,'BASE_SYSTEM',NULL,'2019-06-30 13:48:12',NULL,1),
	(164,'role_list','role','[0],[system],[role],','角色列表','','/role/list',7,3,'N',NULL,'ENABLE',NULL,NULL,'BASE_SYSTEM',NULL,'2019-06-30 13:48:12',NULL,1),
	(165,'to_assign_role','mgr','[0],[system],[mgr],','分配角色跳转','','/mgr/role_assign',8,3,'N',NULL,'ENABLE',NULL,NULL,'BASE_SYSTEM',NULL,'2019-06-30 13:48:07',NULL,1),
	(166,'to_user_edit','mgr','[0],[system],[mgr],','编辑用户跳转','','/mgr/user_edit',9,3,'N',NULL,'ENABLE',NULL,NULL,'BASE_SYSTEM',NULL,'2019-06-30 13:48:07',NULL,1),
	(167,'mgr_list','mgr','[0],[system],[mgr],','用户列表','','/mgr/list',10,3,'N',NULL,'ENABLE',NULL,NULL,'BASE_SYSTEM',NULL,'2019-06-30 13:48:07',NULL,1),
	(171,'dev_tools','0','[0],','开发管理','layui-icon layui-icon-code-circle','#',30,1,'Y',NULL,'ENABLE',NULL,NULL,'BASE_SYSTEM',NULL,'2019-05-11 13:40:27',NULL,1),
	(172,'dashboard','0','[0],','主控面板','layui-icon layui-icon-home','#',10,1,'Y',NULL,'ENABLE',NULL,NULL,'BASE_SYSTEM',NULL,'2019-04-08 22:48:15',NULL,1),
	(1110777136265838594,'demos_show','dev_tools','[0],[dev_tools],','模板页面','layui-icon layui-icon-template','#',40,2,'Y',NULL,'ENABLE',NULL,NULL,'BASE_SYSTEM','2019-03-27 13:34:41','2019-06-15 18:13:11',1,1),
	(1110777366856089602,'excel_import','demos_show','[0],[dev_tools],[demos_show],','excel导入','','/excel/import',10,3,'Y',NULL,'ENABLE',NULL,NULL,'BASE_SYSTEM','2019-03-27 13:35:36','2019-06-15 18:13:11',1,1),
	(1110777491464667137,'excel_export','demos_show','[0],[dev_tools],[demos_show],','excel导出','','/excel/export',20,3,'Y',NULL,'ENABLE',NULL,NULL,'BASE_SYSTEM','2019-03-27 13:36:06','2019-06-15 18:13:11',1,1),
	(1110787391943098370,'advanced_form','demos_show','[0],[dev_tools],[demos_show],','高级表单','','/egForm',30,3,'Y',NULL,'ENABLE',NULL,NULL,'BASE_SYSTEM','2019-03-27 14:15:26','2019-06-15 18:13:11',1,1),
	(1110839216310329346,'pdf_view','demos_show','[0],[dev_tools],[demos_show],','文档预览','','/loadPdfFile',40,3,'Y',NULL,'ENABLE',NULL,NULL,'BASE_SYSTEM','2019-03-27 17:41:22','2019-06-15 18:13:11',1,1),
	(1111545968697860098,'console','dashboard','[0],[dashboard],','项目介绍','','/system/console',10,2,'Y',NULL,'ENABLE',NULL,NULL,'BASE_SYSTEM','2019-03-29 16:29:45','2019-04-09 20:57:08',1,1),
	(1111546189892870145,'console2','dashboard','[0],[dashboard],','统计报表','','/system/console2',20,2,'Y',NULL,'ENABLE',NULL,NULL,'BASE_SYSTEM','2019-03-29 16:30:38','2019-04-08 22:49:48',1,1),
	(1127085735660421122,'code_generate','dev_tools','[0],[dev_tools],','代码生成','','/gen',20,2,'Y',NULL,'ENABLE',NULL,NULL,'BASE_SYSTEM','2019-05-11 13:39:14','2019-06-15 18:12:45',1,1),
	(1139826657964593154,'meta_data','dev_tools','[0],[dev_tools],','系统配置','','#',10,2,'Y',NULL,'ENABLE',NULL,NULL,'BASE_SYSTEM','2019-06-15 17:27:07','2019-06-15 18:12:35',1,1),
	(1139827152854716418,'data_source','meta_data','[0],[dev_tools],[meta_data],','数据源管理','','/databaseInfo',10,3,'Y',NULL,'ENABLE',NULL,NULL,'BASE_SYSTEM','2019-06-15 17:29:05','2019-06-15 18:12:35',1,1),
	(1142957882422112257,'SYS_CONFIG','meta_data','[0],[dev_tools],[meta_data],','参数配置','fa-star','/sysConfig',5,3,'Y','','ENABLE','','','BASE_SYSTEM','2019-06-24 08:49:28','2019-06-24 08:57:34',1,1),
	(1142957882422112258,'SYS_CONFIG_ADD','SYS_CONFIG','[0],[dev_tools],[meta_data],[SYS_CONFIG],','参数配置添加','fa-star','',999,4,'N','','ENABLE','','','BASE_SYSTEM','2019-06-24 08:49:28','2019-06-24 08:57:34',1,1),
	(1142957882422112259,'SYS_CONFIG_EDIT','SYS_CONFIG','[0],[dev_tools],[meta_data],[SYS_CONFIG],','参数配置修改','fa-star','',999,4,'N','','ENABLE','','','BASE_SYSTEM','2019-06-24 08:49:28','2019-06-24 08:57:34',1,1),
	(1142957882426306562,'SYS_CONFIG_DELETE','SYS_CONFIG','[0],[dev_tools],[meta_data],[SYS_CONFIG],','参数配置删除','fa-star','',999,4,'N','','ENABLE','','','BASE_SYSTEM','2019-06-24 08:49:28','2019-06-24 08:57:34',1,1),
	(1144441072852684801,'SYS_POSITION','system','[0],[system],','职位管理','fa-star','/position',35,2,'Y','','ENABLE','','','BASE_SYSTEM','2019-06-28 11:03:09','2019-06-28 11:06:42',1,1),
	(1144441072852684802,'SYS_POSITION_ADD','SYS_POSITION','[0],[system],[SYS_POSITION],','职位表添加','fa-star','',999,3,'N','','ENABLE','','','BASE_SYSTEM','2019-06-28 11:03:09','2019-06-28 11:06:42',1,1),
	(1144441072852684803,'SYS_POSITION_EDIT','SYS_POSITION','[0],[system],[SYS_POSITION],','职位表修改','fa-star','',999,3,'N','','ENABLE','','','BASE_SYSTEM','2019-06-28 11:03:09','2019-06-28 11:06:42',1,1),
	(1144441072852684804,'SYS_POSITION_DELETE','SYS_POSITION','[0],[system],[SYS_POSITION],','职位表删除','fa-star','',999,3,'N','','ENABLE','','','BASE_SYSTEM','2019-06-28 11:03:09','2019-06-28 11:06:42',1,1),
	(1149955324929765378,'system_info','dashboard','[0],[dashboard],','系统监控','layui-icon-star-fill','/system/systemInfo',40,2,'Y',NULL,'ENABLE',NULL,NULL,'BASE_SYSTEM','2019-07-13 16:14:49',NULL,1,NULL);

/*!40000 ALTER TABLE `sys_menu` ENABLE KEYS */;
UNLOCK TABLES;


# Dump of table sys_notice
# ------------------------------------------------------------

DROP TABLE IF EXISTS `sys_notice`;

CREATE TABLE `sys_notice` (
  `notice_id` bigint NOT NULL COMMENT '主键',
  `title` varchar(255) DEFAULT NULL COMMENT '标题',
  `content` text CHARACTER SET utf8 COLLATE utf8_bin COMMENT '内容',
  `create_time` datetime DEFAULT NULL COMMENT '创建时间',
  `create_user` bigint DEFAULT NULL COMMENT '创建人',
  `update_time` datetime DEFAULT NULL COMMENT '修改时间',
  `update_user` bigint DEFAULT NULL COMMENT '修改人',
  PRIMARY KEY (`notice_id`) USING BTREE
) ENGINE=InnoDB DEFAULT CHARSET=utf8 ROW_FORMAT=DYNAMIC COMMENT='通知表';

LOCK TABLES `sys_notice` WRITE;
/*!40000 ALTER TABLE `sys_notice` DISABLE KEYS */;

INSERT INTO `sys_notice` (`notice_id`, `title`, `content`, `create_time`, `create_user`, `update_time`, `update_user`)
VALUES
	(6,'欢迎',X'6869EFBC8C47756E73E69797E888B0E78988E58F91E5B883E4BA86EFBC81','2017-01-11 08:53:20',1,'2018-12-28 23:24:48',1),
	(8,'你好',X'E4BDA0E5A5BDEFBC8CE4B896E7958CEFBC81','2017-05-10 19:28:57',1,'2018-12-28 23:28:26',1);

/*!40000 ALTER TABLE `sys_notice` ENABLE KEYS */;
UNLOCK TABLES;


# Dump of table sys_operation_log
# ------------------------------------------------------------

DROP TABLE IF EXISTS `sys_operation_log`;

CREATE TABLE `sys_operation_log` (
  `operation_log_id` bigint NOT NULL COMMENT '主键',
  `log_type` varchar(32) DEFAULT NULL COMMENT '日志类型(字典)',
  `log_name` varchar(255) DEFAULT NULL COMMENT '日志名称',
  `user_id` bigint DEFAULT NULL COMMENT '用户id',
  `class_name` varchar(255) DEFAULT NULL COMMENT '类名称',
  `method` text CHARACTER SET utf8 COLLATE utf8_bin COMMENT '方法名称',
  `create_time` datetime DEFAULT NULL COMMENT '创建时间',
  `succeed` varchar(32) DEFAULT NULL COMMENT '是否成功(字典)',
  `message` text CHARACTER SET utf8 COLLATE utf8_bin COMMENT '备注',
  PRIMARY KEY (`operation_log_id`) USING BTREE
) ENGINE=InnoDB DEFAULT CHARSET=utf8 ROW_FORMAT=DYNAMIC COMMENT='操作日志';

LOCK TABLES `sys_operation_log` WRITE;
/*!40000 ALTER TABLE `sys_operation_log` DISABLE KEYS */;

INSERT INTO `sys_operation_log` (`operation_log_id`, `log_type`, `log_name`, `user_id`, `class_name`, `method`, `create_time`, `succeed`, `message`)
VALUES
	(1189120665279750145,'业务日志','清空业务日志',1,'cn.stylefeng.guns.sys.modular.system.controller.LogController',X'64656C4C6F67','2019-10-29 18:03:54','成功',X'E4B8BBE994AE69643D6E756C6C'),
	(1189120674465275906,'业务日志','清空登录日志',1,'cn.stylefeng.guns.sys.modular.system.controller.LoginLogController',X'64656C4C6F67','2019-10-29 18:03:56','成功',X'E4B8BBE994AE69643D6E756C6C');

/*!40000 ALTER TABLE `sys_operation_log` ENABLE KEYS */;
UNLOCK TABLES;


# Dump of table sys_position
# ------------------------------------------------------------

DROP TABLE IF EXISTS `sys_position`;

CREATE TABLE `sys_position` (
  `position_id` bigint NOT NULL COMMENT '主键id',
  `name` varchar(50) NOT NULL COMMENT '职位名称',
  `code` varchar(64) NOT NULL COMMENT '职位编码',
  `sort` int NOT NULL COMMENT '顺序',
  `status` varchar(100) NOT NULL DEFAULT 'ENABLE' COMMENT '状态(字典)',
  `remark` varchar(500) DEFAULT NULL COMMENT '备注',
  `create_time` datetime DEFAULT NULL COMMENT '创建时间',
  `update_user` bigint DEFAULT NULL COMMENT '更新者',
  `update_time` datetime DEFAULT NULL COMMENT '更新时间',
  `create_user` bigint DEFAULT NULL COMMENT '创建者',
  PRIMARY KEY (`position_id`) USING BTREE,
  UNIQUE KEY `CODE_UNI` (`code`) USING BTREE
) ENGINE=InnoDB DEFAULT CHARSET=utf8 ROW_FORMAT=DYNAMIC COMMENT='职位表';

LOCK TABLES `sys_position` WRITE;
/*!40000 ALTER TABLE `sys_position` DISABLE KEYS */;

INSERT INTO `sys_position` (`position_id`, `name`, `code`, `sort`, `status`, `remark`, `create_time`, `update_user`, `update_time`, `create_user`)
VALUES
	(1,'董事长','President',1,'ENABLE',NULL,'2019-06-27 18:14:43',1,NULL,NULL),
	(2,'总经理','GM',2,'ENABLE',NULL,'2019-06-27 18:14:43',1,NULL,NULL);

/*!40000 ALTER TABLE `sys_position` ENABLE KEYS */;
UNLOCK TABLES;


# Dump of table sys_relation
# ------------------------------------------------------------

DROP TABLE IF EXISTS `sys_relation`;

CREATE TABLE `sys_relation` (
  `relation_id` bigint NOT NULL COMMENT '主键',
  `menu_id` bigint DEFAULT NULL COMMENT '菜单id',
  `role_id` bigint DEFAULT NULL COMMENT '角色id',
  PRIMARY KEY (`relation_id`) USING BTREE
) ENGINE=InnoDB DEFAULT CHARSET=utf8 ROW_FORMAT=DYNAMIC COMMENT='角色和菜单关联表';

LOCK TABLES `sys_relation` WRITE;
/*!40000 ALTER TABLE `sys_relation` DISABLE KEYS */;

INSERT INTO `sys_relation` (`relation_id`, `menu_id`, `role_id`)
VALUES
	(1189120635936399361,105,5),
	(1189120635944787970,132,5),
	(1189120635953176578,138,5),
	(1189120635961565185,139,5),
	(1189120635969953794,140,5),
	(1189120635978342401,155,5),
	(1189120635978342402,156,5),
	(1189120635990925313,157,5),
	(1189120635999313922,141,5),
	(1189120636003508225,142,5),
	(1189120636003508226,143,5),
	(1189120636011896834,144,5),
	(1189120636020285442,171,5),
	(1189120636024479746,149,5),
	(1189120636032868353,1127085735660421122,5),
	(1189120636041256962,172,5),
	(1189120636041256963,145,5),
	(1189120636049645569,1111545968697860098,5),
	(1189120636058034177,1111546189892870145,5),
	(1235565904484089858,105,1),
	(1235565904517644290,106,1),
	(1235565904526032897,107,1),
	(1235565904534421506,108,1),
	(1235565904542810114,109,1),
	(1235565904555393026,110,1),
	(1235565904563781634,111,1),
	(1235565904572170242,112,1),
	(1235565904580558850,113,1),
	(1235565904601530370,165,1),
	(1235565904614113281,166,1),
	(1235565904622501889,167,1),
	(1235565904635084801,114,1),
	(1235565904643473409,115,1),
	(1235565904643473410,116,1),
	(1235565904660250625,117,1),
	(1235565904668639233,118,1),
	(1235565904681222145,162,1),
	(1235565904693805058,163,1),
	(1235565904702193665,164,1),
	(1235565904710582274,119,1),
	(1235565904718970881,120,1),
	(1235565904731553793,121,1),
	(1235565904731553794,122,1),
	(1235565904748331009,150,1),
	(1235565904748331010,151,1),
	(1235565904765108226,128,1),
	(1235565904773496834,134,1),
	(1235565904781885441,158,1),
	(1235565904786079745,159,1),
	(1235565904794468354,130,1),
	(1235565904802856961,131,1),
	(1235565904802856962,135,1),
	(1235565904815439874,136,1),
	(1235565904823828481,137,1),
	(1235565904836411394,152,1),
	(1235565904840605698,153,1),
	(1235565904857382914,154,1),
	(1235565904874160130,132,1),
	(1235565904874160131,138,1),
	(1235565904890937346,139,1),
	(1235565904903520258,140,1),
	(1235565904911908866,155,1),
	(1235565904920297474,156,1),
	(1235565904932880386,157,1),
	(1235565904932880387,133,1),
	(1235565904932880388,160,1),
	(1235565904962240514,161,1),
	(1235565904979017729,141,1),
	(1235565904995794945,142,1),
	(1235565905004183553,143,1),
	(1235565905012572162,144,1),
	(1235565905025155073,1144441072852684801,1),
	(1235565905041932290,1144441072852684802,1),
	(1235565905058709506,1144441072852684803,1),
	(1235565905067098114,1144441072852684804,1),
	(1235565905083875330,171,1),
	(1235565905109041153,149,1),
	(1235565905121624065,1110777136265838594,1),
	(1235565905138401282,1110777366856089602,1),
	(1235565905150984193,1110777491464667137,1),
	(1235565905163567105,1110787391943098370,1),
	(1235565905171955713,1110839216310329346,1),
	(1235565905184538626,1127085735660421122,1),
	(1235565905188732929,1139826657964593154,1),
	(1235565905218093057,1139827152854716418,1),
	(1235565905226481666,1142957882422112257,1),
	(1235565905234870273,1142957882422112258,1),
	(1235565905243258881,1142957882422112259,1),
	(1235565905251647490,1142957882426306562,1),
	(1235565905264230401,172,1),
	(1235565905272619010,145,1),
	(1235565905281007617,1111545968697860098,1),
	(1235565905285201922,1111546189892870145,1),
	(1235565905297784834,1149955324929765378,1);

/*!40000 ALTER TABLE `sys_relation` ENABLE KEYS */;
UNLOCK TABLES;


# Dump of table sys_role
# ------------------------------------------------------------

DROP TABLE IF EXISTS `sys_role`;

CREATE TABLE `sys_role` (
  `role_id` bigint NOT NULL COMMENT '主键id',
  `pid` bigint DEFAULT NULL COMMENT '父角色id',
  `name` varchar(255) DEFAULT NULL COMMENT '角色名称',
  `description` varchar(255) DEFAULT NULL COMMENT '提示',
  `sort` int DEFAULT NULL COMMENT '序号',
  `version` int DEFAULT NULL COMMENT '乐观锁',
  `create_time` datetime DEFAULT NULL COMMENT '创建时间',
  `update_time` datetime DEFAULT NULL COMMENT '修改时间',
  `create_user` bigint DEFAULT NULL COMMENT '创建用户',
  `update_user` bigint DEFAULT NULL COMMENT '修改用户',
  PRIMARY KEY (`role_id`) USING BTREE
) ENGINE=InnoDB DEFAULT CHARSET=utf8 ROW_FORMAT=DYNAMIC COMMENT='角色表';

LOCK TABLES `sys_role` WRITE;
/*!40000 ALTER TABLE `sys_role` DISABLE KEYS */;

INSERT INTO `sys_role` (`role_id`, `pid`, `name`, `description`, `sort`, `version`, `create_time`, `update_time`, `create_user`, `update_user`)
VALUES
	(1,0,'超级管理员','administrator',1,1,NULL,NULL,NULL,NULL),
	(5,1,'第三方登录','oauth_role',2,NULL,NULL,'2019-06-11 13:59:40',NULL,1);

/*!40000 ALTER TABLE `sys_role` ENABLE KEYS */;
UNLOCK TABLES;


# Dump of table sys_user
# ------------------------------------------------------------

DROP TABLE IF EXISTS `sys_user`;

CREATE TABLE `sys_user` (
  `user_id` bigint NOT NULL COMMENT '主键id',
  `avatar` varchar(255) DEFAULT NULL COMMENT '头像',
  `account` varchar(45) DEFAULT NULL COMMENT '账号',
  `password` varchar(45) DEFAULT NULL COMMENT '密码',
  `salt` varchar(45) DEFAULT NULL COMMENT 'md5密码盐',
  `name` varchar(45) DEFAULT NULL COMMENT '名字',
  `birthday` datetime DEFAULT NULL COMMENT '生日',
  `sex` varchar(32) DEFAULT NULL COMMENT '性别(字典)',
  `email` varchar(45) DEFAULT NULL COMMENT '电子邮件',
  `phone` varchar(45) DEFAULT NULL COMMENT '电话',
  `role_id` varchar(255) DEFAULT NULL COMMENT '角色id(多个逗号隔开)',
  `dept_id` bigint DEFAULT NULL COMMENT '部门id(多个逗号隔开)',
  `status` varchar(32) DEFAULT NULL COMMENT '状态(字典)',
  `create_time` datetime DEFAULT NULL COMMENT '创建时间',
  `create_user` bigint DEFAULT NULL COMMENT '创建人',
  `update_time` datetime DEFAULT NULL COMMENT '更新时间',
  `update_user` bigint DEFAULT NULL COMMENT '更新人',
  `version` int DEFAULT NULL COMMENT '乐观锁',
  PRIMARY KEY (`user_id`) USING BTREE
) ENGINE=InnoDB DEFAULT CHARSET=utf8 ROW_FORMAT=DYNAMIC COMMENT='管理员表';

LOCK TABLES `sys_user` WRITE;
/*!40000 ALTER TABLE `sys_user` DISABLE KEYS */;

INSERT INTO `sys_user` (`user_id`, `avatar`, `account`, `password`, `salt`, `name`, `birthday`, `sex`, `email`, `phone`, `role_id`, `dept_id`, `status`, `create_time`, `create_user`, `update_time`, `update_user`, `version`)
VALUES
	(1,'1124606971782160385','admin','17db03c22596b7609c7c9704f16663e0','abcdef','stylefeng','2018-11-16 00:00:00','M','sn93@qq.com','18200000000','1',25,'ENABLE','2016-01-29 08:49:53',NULL,'2019-06-28 14:38:19',24,25);

/*!40000 ALTER TABLE `sys_user` ENABLE KEYS */;
UNLOCK TABLES;


# Dump of table sys_user_pos
# ------------------------------------------------------------

DROP TABLE IF EXISTS `sys_user_pos`;

CREATE TABLE `sys_user_pos` (
  `user_pos_id` bigint NOT NULL COMMENT '主键id',
  `user_id` bigint NOT NULL COMMENT '用户id',
  `pos_id` bigint NOT NULL COMMENT '职位id',
  PRIMARY KEY (`user_pos_id`) USING BTREE
) ENGINE=InnoDB DEFAULT CHARSET=utf8 ROW_FORMAT=DYNAMIC COMMENT='用户职位关联表';

LOCK TABLES `sys_user_pos` WRITE;
/*!40000 ALTER TABLE `sys_user_pos` DISABLE KEYS */;

INSERT INTO `sys_user_pos` (`user_pos_id`, `user_id`, `pos_id`)
VALUES
	(1144495219551617025,1,1);

/*!40000 ALTER TABLE `sys_user_pos` ENABLE KEYS */;
UNLOCK TABLES;


# Dump of table tb_address
# ------------------------------------------------------------

DROP TABLE IF EXISTS `tb_address`;

CREATE TABLE `tb_address` (
  `id` varchar(255) NOT NULL,
  `t_user_id` varchar(255) DEFAULT NULL COMMENT '用户id',
  `t_mobile` varchar(255) DEFAULT NULL,
  `t_username` varchar(255) DEFAULT NULL COMMENT '收货人',
  `t_province_dic` int DEFAULT NULL COMMENT '省份',
  `t_city_dic` int DEFAULT NULL COMMENT '城市',
  `t_area_dic` int DEFAULT NULL COMMENT '区县',
  `t_address` varchar(255) DEFAULT NULL COMMENT '详细地址',
  `create_date` datetime DEFAULT NULL,
  PRIMARY KEY (`id`)
) ENGINE=InnoDB DEFAULT CHARSET=utf8mb4 COLLATE=utf8mb4_0900_ai_ci;

LOCK TABLES `tb_address` WRITE;
/*!40000 ALTER TABLE `tb_address` DISABLE KEYS */;

INSERT INTO `tb_address` (`id`, `t_user_id`, `t_mobile`, `t_username`, `t_province_dic`, `t_city_dic`, `t_area_dic`, `t_address`, `create_date`)
VALUES
	('1','{c9dac33e-dc5d-4347-80dd-2c49bd8462bc}','13567655567','朱元璋',110000,110100,110101,'奉天殿','2020-03-17 08:21:07'),
	('10','{78612397-c2cd-4c23-b8a3-739f31c573ea}','16632333333','常遇春',110000,110100,110101,NULL,'2020-03-17 08:21:07'),
	('11','{c3d41b61-9384-4baa-9491-f4471143f4a2}','19856563333','刘伯温',110000,110100,110101,NULL,'2020-03-13 08:20:24'),
	('110101','1241716150484664320','15632652458','姜子牙',110000,110100,110101,'北京市海淀区中关村软件园二期','2020-03-26 11:12:36'),
	('110102','1241716150484664320','15489569858','闻太师',110000,110100,110101,'北京市昌平区回龙观','2020-03-27 08:23:03'),
	('1255462612875923456','1249305030597226496','18888888888','川普',110000,110100,110101,'白宫感染新冠病毒肺炎','2020-04-29 19:43:07'),
	('1255470362511048704','1249305030597226496','18888888888','川普',110000,110100,110101,'白宫感染新冠病毒肺炎','2020-04-29 20:13:55'),
	('1255773715673661440','1249305030597226496','18888888888','安倍晋三',110000,110100,110101,'白宫感染新冠病毒肺炎','2020-04-30 16:19:20'),
	('1256108024940687360','1249305030597226496','15688888888','人才',110000,110100,110101,'Wwwwww','2020-05-01 14:27:45'),
	('1258240630327033856','1249305030597226496','哈哈哈','哈哈哈',130000,130100,130108,'来来来','2020-05-07 11:41:58'),
	('1258581683022319616','1253370013784125440','Ddddd','Ddddd',110000,110100,110101,'Dddddd','2020-05-08 10:17:11'),
	('1258743599845830656','1249305030597226496','15688888888','人才',110000,110100,110101,'Wwwwww1','2020-05-08 21:00:35'),
	('1259380178545221632','1259365505070432256','15800000000','人疼',500000,500100,500101,'一个人的生活','2020-05-10 15:10:07'),
	('1259440875920654336','1259430210527002624','16619880853','罗维',110000,110100,110101,'魔晶科技','2020-05-10 19:11:19'),
	('1259855194596569088','1258997290242838528','13261993379','测试收货人',110000,110100,110101,'测试','2020-05-11 22:37:40'),
	('1261666624018771968','1261665968100929536','16619880853','郭鑫年',110000,110100,110101,'刑部','2020-05-16 22:35:38'),
	('1262411702995714048','1261928762121580544','1395595959','踢踢踢',110000,110100,110101,'噢噢噢哦','2020-05-18 23:56:19'),
	('1262806365065854976','1262803526948110336','13261993379','跟',110000,110100,110101,'家具','2020-05-20 02:04:34'),
	('1263471422992994304','1263466310224498688','13261993379','改革',110000,110100,110101,'聚会','2020-05-21 22:07:16'),
	('1263476616262766592','1263460431886471168','16619880853','铁木真是无天弟子',110000,110100,110101,'刑部','2020-05-21 22:27:54'),
	('1264869302156795904','1264868645383315456','18610001000','陈先生',110000,110100,110114,'123456','2020-05-25 18:41:56'),
	('1265637791163441152','1265636732277841920','18600759366','cxz',110000,110100,110105,'中央美术学院','2020-05-27 21:35:38'),
	('2','1243820695729860608','18665632256','朱标',110000,110100,110101,'应天府','2020-03-26 08:19:32');

/*!40000 ALTER TABLE `tb_address` ENABLE KEYS */;
UNLOCK TABLES;


# Dump of table tb_admin_area_dic
# ------------------------------------------------------------

DROP TABLE IF EXISTS `tb_admin_area_dic`;

CREATE TABLE `tb_admin_area_dic` (
  `id` int NOT NULL AUTO_INCREMENT,
  `AdminAreaNum` int DEFAULT NULL COMMENT '区县代码',
  `CityName` varchar(255) DEFAULT NULL COMMENT '区县名称',
  `AreaPhoneCode` int DEFAULT NULL COMMENT '区县手机代码',
  `ParentNodeNum` int DEFAULT NULL COMMENT '区县关联城市代码',
  PRIMARY KEY (`id`)
) ENGINE=InnoDB DEFAULT CHARSET=utf8mb4 COLLATE=utf8mb4_0900_ai_ci;

LOCK TABLES `tb_admin_area_dic` WRITE;
/*!40000 ALTER TABLE `tb_admin_area_dic` DISABLE KEYS */;

INSERT INTO `tb_admin_area_dic` (`id`, `AdminAreaNum`, `CityName`, `AreaPhoneCode`, `ParentNodeNum`)
VALUES
	(1,110101,'东城区',10,110100),
	(2,110102,'西城区',10,110100),
	(3,110105,'朝阳区',10,110100),
	(4,110106,'丰台区',10,110100),
	(5,110107,'石景山区',10,110100),
	(6,110108,'海淀区',10,110100),
	(7,110109,'门头沟区',10,110100),
	(8,110111,'房山区',10,110100),
	(9,110112,'通州区',10,110100),
	(10,110113,'顺义区',10,110100),
	(11,110114,'昌平区',10,110100),
	(12,110115,'大兴区',10,110100),
	(13,110116,'怀柔区',10,110100),
	(14,110117,'平谷区',10,110100),
	(15,110118,'密云区',10,110100),
	(16,110119,'延庆区',10,110100),
	(17,120101,'和平区',22,120100),
	(18,120102,'河东区',22,120100),
	(19,120103,'河西区',22,120100),
	(20,120104,'南开区',22,120100),
	(21,120105,'河北区',22,120100),
	(22,120106,'红桥区',22,120100),
	(23,120110,'东丽区',22,120100),
	(24,120111,'西青区',22,120100),
	(25,120112,'津南区',22,120100),
	(26,120113,'北辰区',22,120100),
	(27,120114,'武清区',22,120100),
	(28,120115,'宝坻区',22,120100),
	(29,120116,'滨海新区',22,120100),
	(30,120117,'宁河区',22,120100),
	(31,120118,'静海区',22,120100),
	(32,120119,'蓟州区',22,120100),
	(33,130101,'市辖区',311,130100),
	(34,130102,'长安区',311,130100),
	(35,130104,'桥西区',311,130100),
	(36,130105,'新华区',311,130100),
	(37,130107,'井陉矿区',311,130100),
	(38,130108,'裕华区',311,130100),
	(39,130109,'藁城区',311,130100),
	(40,130110,'鹿泉区',311,130100),
	(41,130111,'栾城区',311,130100),
	(42,130121,'井陉县',311,130100),
	(43,130123,'正定县',311,130100),
	(44,130125,'行唐县',311,130100),
	(45,130126,'灵寿县',311,130100),
	(46,130127,'高邑县',311,130100),
	(47,130128,'深泽县',311,130100),
	(48,130129,'赞皇县',311,130100),
	(49,130130,'无极县',311,130100),
	(50,130131,'平山县',311,130100),
	(51,130132,'元氏县',311,130100),
	(52,130133,'赵县',311,130100),
	(53,130171,'石家庄高新技术产业开发区',311,130100),
	(54,130172,'石家庄循环化工园区',311,130100),
	(55,130181,'辛集市',311,130100),
	(56,130183,'晋州市',311,130100),
	(57,130184,'新乐市',311,130100),
	(58,130201,'市辖区',315,130200),
	(59,130202,'路南区',315,130200),
	(60,130203,'路北区',315,130200),
	(61,130204,'古冶区',315,130200),
	(62,130205,'开平区',315,130200),
	(63,130207,'丰南区',315,130200),
	(64,130208,'丰润区',315,130200),
	(65,130209,'曹妃甸区',315,130200),
	(66,130224,'滦南县',315,130200),
	(67,130225,'乐亭县',315,130200),
	(68,130227,'迁西县',315,130200),
	(69,130229,'玉田县',315,130200),
	(70,130271,'唐山市芦台经济技术开发区',315,130200),
	(71,130272,'唐山市汉沽管理区',315,130200),
	(72,130273,'唐山高新技术产业开发区',315,130200),
	(73,130274,'河北唐山海港经济开发区',315,130200),
	(74,130281,'遵化市',315,130200),
	(75,130283,'迁安市',315,130200),
	(76,130284,'滦州市',315,130200),
	(77,130301,'市辖区',335,130300),
	(78,130302,'海港区',335,130300),
	(79,130303,'山海关区',335,130300),
	(80,130304,'北戴河区',335,130300),
	(81,130306,'抚宁区',335,130300),
	(82,130321,'青龙满族自治县',335,130300),
	(83,130322,'昌黎县',335,130300),
	(84,130324,'卢龙县',335,130300),
	(85,130371,'秦皇岛市经济技术开发区',335,130300),
	(86,130372,'北戴河新区',335,130300),
	(87,130401,'市辖区',310,130400),
	(88,130402,'邯山区',310,130400),
	(89,130403,'丛台区',310,130400),
	(90,130404,'复兴区',310,130400),
	(91,130406,'峰峰矿区',310,130400),
	(92,130407,'肥乡区',310,130400),
	(93,130408,'永年区',310,130400),
	(94,130423,'临漳县',310,130400),
	(95,130424,'成安县',310,130400),
	(96,130425,'大名县',310,130400),
	(97,130426,'涉县',310,130400),
	(98,130427,'磁县',310,130400),
	(99,130430,'邱县',310,130400),
	(100,130431,'鸡泽县',310,130400),
	(101,130432,'广平县',310,130400),
	(102,130433,'馆陶县',310,130400),
	(103,130434,'魏县',310,130400),
	(104,130435,'曲周县',310,130400),
	(105,130471,'邯郸经济技术开发区',310,130400),
	(106,130473,'邯郸冀南新区',310,130400),
	(107,130481,'武安市',310,130400),
	(108,130501,'市辖区',319,130500),
	(109,130502,'桥东区',319,130500),
	(110,130503,'桥西区',319,130500),
	(111,130521,'邢台县',319,130500),
	(112,130522,'临城县',319,130500),
	(113,130523,'内丘县',319,130500),
	(114,130524,'柏乡县',319,130500),
	(115,130525,'隆尧县',319,130500),
	(116,130526,'任县',319,130500),
	(117,130527,'南和县',319,130500),
	(118,130528,'宁晋县',319,130500),
	(119,130529,'巨鹿县',319,130500),
	(120,130530,'新河县',319,130500),
	(121,130531,'广宗县',319,130500),
	(122,130532,'平乡县',319,130500),
	(123,130533,'威县',319,130500),
	(124,130534,'清河县',319,130500),
	(125,130535,'临西县',319,130500),
	(126,130571,'河北邢台经济开发区',319,130500),
	(127,130581,'南宫市',319,130500),
	(128,130582,'沙河市',319,130500),
	(129,130601,'市辖区',312,130600),
	(130,130602,'竞秀区',312,130600),
	(131,130606,'莲池区',312,130600),
	(132,130607,'满城区',312,130600),
	(133,130608,'清苑区',312,130600),
	(134,130609,'徐水区',312,130600),
	(135,130623,'涞水县',312,130600),
	(136,130624,'阜平县',312,130600),
	(137,130626,'定兴县',312,130600),
	(138,130627,'唐县',312,130600),
	(139,130628,'高阳县',312,130600),
	(140,130629,'容城县',312,130600),
	(141,130630,'涞源县',312,130600),
	(142,130631,'望都县',312,130600),
	(143,130632,'安新县',312,130600),
	(144,130633,'易县',312,130600),
	(145,130634,'曲阳县',312,130600),
	(146,130635,'蠡县',312,130600),
	(147,130636,'顺平县',312,130600),
	(148,130637,'博野县',312,130600),
	(149,130638,'雄县',312,130600),
	(150,130671,'保定高新技术产业开发区',312,130600),
	(151,130672,'保定白沟新城',312,130600),
	(152,130681,'涿州市',312,130600),
	(153,130682,'定州市',312,130600),
	(154,130683,'安国市',312,130600),
	(155,130684,'高碑店市',312,130600),
	(156,130701,'市辖区',313,130700),
	(157,130702,'桥东区',313,130700),
	(158,130703,'桥西区',313,130700),
	(159,130705,'宣化区',313,130700),
	(160,130706,'下花园区',313,130700),
	(161,130708,'万全区',313,130700),
	(162,130709,'崇礼区',313,130700),
	(163,130722,'张北县',313,130700),
	(164,130723,'康保县',313,130700),
	(165,130724,'沽源县',313,130700),
	(166,130725,'尚义县',313,130700),
	(167,130726,'蔚县',313,130700),
	(168,130727,'阳原县',313,130700),
	(169,130728,'怀安县',313,130700),
	(170,130730,'怀来县',313,130700),
	(171,130731,'涿鹿县',313,130700),
	(172,130732,'赤城县',313,130700),
	(173,130771,'张家口市高新技术产业开发区',313,130700),
	(174,130772,'张家口市察北管理区',313,130700),
	(175,130773,'张家口市塞北管理区',313,130700),
	(176,130801,'市辖区',314,130800),
	(177,130802,'双桥区',314,130800),
	(178,130803,'双滦区',314,130800),
	(179,130804,'鹰手营子矿区',314,130800),
	(180,130821,'承德县',314,130800),
	(181,130822,'兴隆县',314,130800),
	(182,130824,'滦平县',314,130800),
	(183,130825,'隆化县',314,130800),
	(184,130826,'丰宁满族自治县',314,130800),
	(185,130827,'宽城满族自治县',314,130800),
	(186,130828,'围场满族蒙古族自治县',314,130800),
	(187,130871,'承德高新技术产业开发区',314,130800),
	(188,130881,'平泉市',314,130800),
	(189,130901,'市辖区',317,130900),
	(190,130902,'新华区',317,130900),
	(191,130903,'运河区',317,130900),
	(192,130921,'沧县',317,130900),
	(193,130922,'青县',317,130900),
	(194,130923,'东光县',317,130900),
	(195,130924,'海兴县',317,130900),
	(196,130925,'盐山县',317,130900),
	(197,130926,'肃宁县',317,130900),
	(198,130927,'南皮县',317,130900),
	(199,130928,'吴桥县',317,130900),
	(200,130929,'献县',317,130900),
	(201,130930,'孟村回族自治县',317,130900),
	(202,130971,'河北沧州经济开发区',317,130900),
	(203,130972,'沧州高新技术产业开发区',317,130900),
	(204,130973,'沧州渤海新区',317,130900),
	(205,130981,'泊头市',317,130900),
	(206,130982,'任丘市',317,130900),
	(207,130983,'黄骅市',317,130900),
	(208,130984,'河间市',317,130900),
	(209,131001,'市辖区',316,131000),
	(210,131002,'安次区',316,131000),
	(211,131003,'广阳区',316,131000),
	(212,131022,'固安县',316,131000),
	(213,131023,'永清县',316,131000),
	(214,131024,'香河县',316,131000),
	(215,131025,'大城县',316,131000),
	(216,131026,'文安县',316,131000),
	(217,131028,'大厂回族自治县',316,131000),
	(218,131071,'廊坊经济技术开发区',316,131000),
	(219,131081,'霸州市',316,131000),
	(220,131082,'三河市',316,131000),
	(221,131101,'市辖区',318,131100),
	(222,131102,'桃城区',318,131100),
	(223,131103,'冀州区',318,131100),
	(224,131121,'枣强县',318,131100),
	(225,131122,'武邑县',318,131100),
	(226,131123,'武强县',318,131100),
	(227,131124,'饶阳县',318,131100),
	(228,131125,'安平县',318,131100),
	(229,131126,'故城县',318,131100),
	(230,131127,'景县',318,131100),
	(231,131128,'阜城县',318,131100),
	(232,131171,'河北衡水高新技术产业开发区',318,131100),
	(233,131172,'衡水滨湖新区',318,131100),
	(234,131182,'深州市',318,131100),
	(235,140101,'市辖区',351,140100),
	(236,140105,'小店区',351,140100),
	(237,140106,'迎泽区',351,140100),
	(238,140107,'杏花岭区',351,140100),
	(239,140108,'尖草坪区',351,140100),
	(240,140109,'万柏林区',351,140100),
	(241,140110,'晋源区',351,140100),
	(242,140121,'清徐县',351,140100),
	(243,140122,'阳曲县',351,140100),
	(244,140123,'娄烦县',351,140100),
	(245,140171,'山西转型综合改革示范区',351,140100),
	(246,140181,'古交市',351,140100),
	(247,140201,'市辖区',352,140200),
	(248,140212,'新荣区',352,140200),
	(249,140213,'平城区',352,140200),
	(250,140214,'云冈区',352,140200),
	(251,140215,'云州区',352,140200),
	(252,140221,'阳高县',352,140200),
	(253,140222,'天镇县',352,140200),
	(254,140223,'广灵县',352,140200),
	(255,140224,'灵丘县',352,140200),
	(256,140225,'浑源县',352,140200),
	(257,140226,'左云县',352,140200),
	(258,140271,'山西大同经济开发区',352,140200),
	(259,140301,'市辖区',353,140300),
	(260,140302,'城区',353,140300),
	(261,140303,'矿区',353,140300),
	(262,140311,'郊区',353,140300),
	(263,140321,'平定县',353,140300),
	(264,140322,'盂县',353,140300),
	(265,140401,'市辖区',355,140400),
	(266,140403,'潞州区',355,140400),
	(267,140404,'上党区',355,140400),
	(268,140405,'屯留区',355,140400),
	(269,140406,'潞城区',355,140400),
	(270,140423,'襄垣县',355,140400),
	(271,140425,'平顺县',355,140400),
	(272,140426,'黎城县',355,140400),
	(273,140427,'壶关县',355,140400),
	(274,140428,'长子县',355,140400),
	(275,140429,'武乡县',355,140400),
	(276,140430,'沁县',355,140400),
	(277,140431,'沁源县',355,140400),
	(278,140471,'山西长治高新技术产业园区',355,140400),
	(279,140501,'市辖区',356,140500),
	(280,140502,'城区',356,140500),
	(281,140521,'沁水县',356,140500),
	(282,140522,'阳城县',356,140500),
	(283,140524,'陵川县',356,140500),
	(284,140525,'泽州县',356,140500),
	(285,140581,'高平市',356,140500),
	(286,140601,'市辖区',349,140600),
	(287,140602,'朔城区',349,140600),
	(288,140603,'平鲁区',349,140600),
	(289,140621,'山阴县',349,140600),
	(290,140622,'应县',349,140600),
	(291,140623,'右玉县',349,140600),
	(292,140671,'山西朔州经济开发区',349,140600),
	(293,140681,'怀仁市',349,140600),
	(294,140701,'市辖区',354,140700),
	(295,140702,'榆次区',354,140700),
	(296,140721,'榆社县',354,140700),
	(297,140722,'左权县',354,140700),
	(298,140723,'和顺县',354,140700),
	(299,140724,'昔阳县',354,140700),
	(300,140725,'寿阳县',354,140700),
	(301,140726,'太谷县',354,140700),
	(302,140727,'祁县',354,140700),
	(303,140728,'平遥县',354,140700),
	(304,140729,'灵石县',354,140700),
	(305,140781,'介休市',354,140700),
	(306,140801,'市辖区',359,140800),
	(307,140802,'盐湖区',359,140800),
	(308,140821,'临猗县',359,140800),
	(309,140822,'万荣县',359,140800),
	(310,140823,'闻喜县',359,140800),
	(311,140824,'稷山县',359,140800),
	(312,140825,'新绛县',359,140800),
	(313,140826,'绛县',359,140800),
	(314,140827,'垣曲县',359,140800),
	(315,140828,'夏县',359,140800),
	(316,140829,'平陆县',359,140800),
	(317,140830,'芮城县',359,140800),
	(318,140881,'永济市',359,140800),
	(319,140882,'河津市',359,140800),
	(320,140901,'市辖区',350,140900),
	(321,140902,'忻府区',350,140900),
	(322,140921,'定襄县',350,140900),
	(323,140922,'五台县',350,140900),
	(324,140923,'代县',350,140900),
	(325,140924,'繁峙县',350,140900),
	(326,140925,'宁武县',350,140900),
	(327,140926,'静乐县',350,140900),
	(328,140927,'神池县',350,140900),
	(329,140928,'五寨县',350,140900),
	(330,140929,'岢岚县',350,140900),
	(331,140930,'河曲县',350,140900),
	(332,140931,'保德县',350,140900),
	(333,140932,'偏关县',350,140900),
	(334,140971,'五台山风景名胜区',350,140900),
	(335,140981,'原平市',350,140900),
	(336,141001,'市辖区',357,141000),
	(337,141002,'尧都区',357,141000),
	(338,141021,'曲沃县',357,141000),
	(339,141022,'翼城县',357,141000),
	(340,141023,'襄汾县',357,141000),
	(341,141024,'洪洞县',357,141000),
	(342,141025,'古县',357,141000),
	(343,141026,'安泽县',357,141000),
	(344,141027,'浮山县',357,141000),
	(345,141028,'吉县',357,141000),
	(346,141029,'乡宁县',357,141000),
	(347,141030,'大宁县',357,141000),
	(348,141031,'隰县',357,141000),
	(349,141032,'永和县',357,141000),
	(350,141033,'蒲县',357,141000),
	(351,141034,'汾西县',357,141000),
	(352,141081,'侯马市',357,141000),
	(353,141082,'霍州市',357,141000),
	(354,141101,'市辖区',357,141100),
	(355,141102,'离石区',357,141100),
	(356,141121,'文水县',357,141100),
	(357,141122,'交城县',357,141100),
	(358,141123,'兴县',357,141100),
	(359,141124,'临县',357,141100),
	(360,141125,'柳林县',357,141100),
	(361,141126,'石楼县',357,141100),
	(362,141127,'岚县',357,141100),
	(363,141128,'方山县',357,141100),
	(364,141129,'中阳县',357,141100),
	(365,141130,'交口县',357,141100),
	(366,141181,'孝义市',357,141100),
	(367,141182,'汾阳市',357,141100),
	(368,150101,'市辖区',471,150100),
	(369,150102,'新城区',471,150100),
	(370,150103,'回民区',471,150100),
	(371,150104,'玉泉区',471,150100),
	(372,150105,'赛罕区',471,150100),
	(373,150121,'土默特左旗',471,150100),
	(374,150122,'托克托县',471,150100),
	(375,150123,'和林格尔县',471,150100),
	(376,150124,'清水河县',471,150100),
	(377,150125,'武川县',471,150100),
	(378,150171,'呼和浩特金海工业园区',471,150100),
	(379,150172,'呼和浩特经济技术开发区',471,150100),
	(380,150201,'市辖区',472,150200),
	(381,150202,'东河区',472,150200),
	(382,150203,'昆都仑区',472,150200),
	(383,150204,'青山区',472,150200),
	(384,150205,'石拐区',472,150200),
	(385,150206,'白云鄂博矿区',472,150200),
	(386,150207,'九原区',472,150200),
	(387,150221,'土默特右旗',472,150200),
	(388,150222,'固阳县',472,150200),
	(389,150223,'达尔罕茂明安联合旗',472,150200),
	(390,150271,'包头稀土高新技术产业开发区',472,150200),
	(391,150301,'市辖区',473,150300),
	(392,150302,'海勃湾区',473,150300),
	(393,150303,'海南区',473,150300),
	(394,150304,'乌达区',473,150300),
	(395,150401,'市辖区',476,150400),
	(396,150402,'红山区',476,150400),
	(397,150403,'元宝山区',476,150400),
	(398,150404,'松山区',476,150400),
	(399,150421,'阿鲁科尔沁旗',476,150400),
	(400,150422,'巴林左旗',476,150400),
	(401,150423,'巴林右旗',476,150400),
	(402,150424,'林西县',476,150400),
	(403,150425,'克什克腾旗',476,150400),
	(404,150426,'翁牛特旗',476,150400),
	(405,150428,'喀喇沁旗',476,150400),
	(406,150429,'宁城县',476,150400),
	(407,150430,'敖汉旗',476,150400),
	(408,150501,'市辖区',475,150500),
	(409,150502,'科尔沁区',475,150500),
	(410,150521,'科尔沁左翼中旗',475,150500),
	(411,150522,'科尔沁左翼后旗',475,150500),
	(412,150523,'开鲁县',475,150500),
	(413,150524,'库伦旗',475,150500),
	(414,150525,'奈曼旗',475,150500),
	(415,150526,'扎鲁特旗',475,150500),
	(416,150571,'通辽经济技术开发区',475,150500),
	(417,150581,'霍林郭勒市',475,150500),
	(418,150601,'市辖区',475,150600),
	(419,150602,'东胜区',475,150600),
	(420,150603,'康巴什区',475,150600),
	(421,150621,'达拉特旗',475,150600),
	(422,150622,'准格尔旗',475,150600),
	(423,150623,'鄂托克前旗',475,150600),
	(424,150624,'鄂托克旗',475,150600),
	(425,150625,'杭锦旗',475,150600),
	(426,150626,'乌审旗',475,150600),
	(427,150627,'伊金霍洛旗',475,150600),
	(428,150701,'市辖区',470,150700),
	(429,150702,'海拉尔区',470,150700),
	(430,150703,'扎赉诺尔区',470,150700),
	(431,150721,'阿荣旗',470,150700),
	(432,150722,'莫力达瓦达斡尔族自治旗',470,150700),
	(433,150723,'鄂伦春自治旗',470,150700),
	(434,150724,'鄂温克族自治旗',470,150700),
	(435,150725,'陈巴尔虎旗',470,150700),
	(436,150726,'新巴尔虎左旗',470,150700),
	(437,150727,'新巴尔虎右旗',470,150700),
	(438,150781,'满洲里市',470,150700),
	(439,150782,'牙克石市',470,150700),
	(440,150783,'扎兰屯市',470,150700),
	(441,150784,'额尔古纳市',470,150700),
	(442,150785,'根河市',470,150700),
	(443,150801,'市辖区',478,150800),
	(444,150802,'临河区',478,150800),
	(445,150821,'五原县',478,150800),
	(446,150822,'磴口县',478,150800),
	(447,150823,'乌拉特前旗',478,150800),
	(448,150824,'乌拉特中旗',478,150800),
	(449,150825,'乌拉特后旗',478,150800),
	(450,150826,'杭锦后旗',478,150800),
	(451,150901,'市辖区',474,150900),
	(452,150902,'集宁区',474,150900),
	(453,150921,'卓资县',474,150900),
	(454,150922,'化德县',474,150900),
	(455,150923,'商都县',474,150900),
	(456,150924,'兴和县',474,150900),
	(457,150925,'凉城县',474,150900),
	(458,150926,'察哈尔右翼前旗',474,150900),
	(459,150927,'察哈尔右翼中旗',474,150900),
	(460,150928,'察哈尔右翼后旗',474,150900),
	(461,150929,'四子王旗',474,150900),
	(462,150981,'丰镇市',474,150900),
	(463,152201,'乌兰浩特市',482,152200),
	(464,152202,'阿尔山市',482,152200),
	(465,152221,'科尔沁右翼前旗',482,152200),
	(466,152222,'科尔沁右翼中旗',482,152200),
	(467,152223,'扎赉特旗',482,152200),
	(468,152224,'突泉县',482,152200),
	(469,152501,'二连浩特市',479,152500),
	(470,152502,'锡林浩特市',479,152500),
	(471,152522,'阿巴嘎旗',479,152500),
	(472,152523,'苏尼特左旗',479,152500),
	(473,152524,'苏尼特右旗',479,152500),
	(474,152525,'东乌珠穆沁旗',479,152500),
	(475,152526,'西乌珠穆沁旗',479,152500),
	(476,152527,'太仆寺旗',479,152500),
	(477,152528,'镶黄旗',479,152500),
	(478,152529,'正镶白旗',479,152500),
	(479,152530,'正蓝旗',479,152500),
	(480,152531,'多伦县',479,152500),
	(481,152571,'乌拉盖管委会',479,152500),
	(482,152921,'阿拉善左旗',483,152900),
	(483,152922,'阿拉善右旗',483,152900),
	(484,152923,'额济纳旗',483,152900),
	(485,152971,'内蒙古阿拉善经济开发区',483,152900),
	(486,210101,'市辖区',24,210100),
	(487,210102,'和平区',24,210100),
	(488,210103,'沈河区',24,210100),
	(489,210104,'大东区',24,210100),
	(490,210105,'皇姑区',24,210100),
	(491,210106,'铁西区',24,210100),
	(492,210111,'苏家屯区',24,210100),
	(493,210112,'浑南区',24,210100),
	(494,210113,'沈北新区',24,210100),
	(495,210114,'于洪区',24,210100),
	(496,210115,'辽中区',24,210100),
	(497,210123,'康平县',24,210100),
	(498,210124,'法库县',24,210100),
	(499,210181,'新民市',24,210100),
	(500,210201,'市辖区',411,210200),
	(501,210202,'中山区',411,210200),
	(502,210203,'西岗区',411,210200),
	(503,210204,'沙河口区',411,210200),
	(504,210211,'甘井子区',411,210200),
	(505,210212,'旅顺口区',411,210200),
	(506,210213,'金州区',411,210200),
	(507,210214,'普兰店区',411,210200),
	(508,210224,'长海县',411,210200),
	(509,210281,'瓦房店市',411,210200),
	(510,210283,'庄河市',411,210200),
	(511,210301,'市辖区',412,210300),
	(512,210302,'铁东区',412,210300),
	(513,210303,'铁西区',412,210300),
	(514,210304,'立山区',412,210300),
	(515,210311,'千山区',412,210300),
	(516,210321,'台安县',412,210300),
	(517,210323,'岫岩满族自治县',412,210300),
	(518,210381,'海城市',412,210300),
	(519,210401,'市辖区',413,210400),
	(520,210402,'新抚区',413,210400),
	(521,210403,'东洲区',413,210400),
	(522,210404,'望花区',413,210400),
	(523,210411,'顺城区',413,210400),
	(524,210421,'抚顺县',413,210400),
	(525,210422,'新宾满族自治县',413,210400),
	(526,210423,'清原满族自治县',413,210400),
	(527,210501,'市辖区',414,210500),
	(528,210502,'平山区',414,210500),
	(529,210503,'溪湖区',414,210500),
	(530,210504,'明山区',414,210500),
	(531,210505,'南芬区',414,210500),
	(532,210521,'本溪满族自治县',414,210500),
	(533,210522,'桓仁满族自治县',414,210500),
	(534,210601,'市辖区',415,210600),
	(535,210602,'元宝区',415,210600),
	(536,210603,'振兴区',415,210600),
	(537,210604,'振安区',415,210600),
	(538,210624,'宽甸满族自治县',415,210600),
	(539,210681,'东港市',415,210600),
	(540,210682,'凤城市',415,210600),
	(541,210701,'市辖区',416,210700),
	(542,210702,'古塔区',416,210700),
	(543,210703,'凌河区',416,210700),
	(544,210711,'太和区',416,210700),
	(545,210726,'黑山县',416,210700),
	(546,210727,'义县',416,210700),
	(547,210781,'凌海市',416,210700),
	(548,210782,'北镇市',416,210700),
	(549,210801,'市辖区',417,210800),
	(550,210802,'站前区',417,210800),
	(551,210803,'西市区',417,210800),
	(552,210804,'鲅鱼圈区',417,210800),
	(553,210811,'老边区',417,210800),
	(554,210881,'盖州市',417,210800),
	(555,210882,'大石桥市',417,210800),
	(556,210901,'市辖区',418,210900),
	(557,210902,'海州区',418,210900),
	(558,210903,'新邱区',418,210900),
	(559,210904,'太平区',418,210900),
	(560,210905,'清河门区',418,210900),
	(561,210911,'细河区',418,210900),
	(562,210921,'阜新蒙古族自治县',418,210900),
	(563,210922,'彰武县',418,210900),
	(564,211001,'市辖区',419,211000),
	(565,211002,'白塔区',419,211000),
	(566,211003,'文圣区',419,211000),
	(567,211004,'宏伟区',419,211000),
	(568,211005,'弓长岭区',419,211000),
	(569,211011,'太子河区',419,211000),
	(570,211021,'辽阳县',419,211000),
	(571,211081,'灯塔市',419,211000),
	(572,211101,'市辖区',427,211100),
	(573,211102,'双台子区',427,211100),
	(574,211103,'兴隆台区',427,211100),
	(575,211104,'大洼区',427,211100),
	(576,211122,'盘山县',427,211100),
	(577,211201,'市辖区',410,211200),
	(578,211202,'银州区',410,211200),
	(579,211204,'清河区',410,211200),
	(580,211221,'铁岭县',410,211200),
	(581,211223,'西丰县',410,211200),
	(582,211224,'昌图县',410,211200),
	(583,211281,'调兵山市',410,211200),
	(584,211282,'开原市',410,211200),
	(585,211301,'市辖区',421,211300),
	(586,211302,'双塔区',421,211300),
	(587,211303,'龙城区',421,211300),
	(588,211321,'朝阳县',421,211300),
	(589,211322,'建平县',421,211300),
	(590,211324,'喀喇沁左翼蒙古族自治县',421,211300),
	(591,211381,'北票市',421,211300),
	(592,211382,'凌源市',421,211300),
	(593,211401,'市辖区',429,211400),
	(594,211402,'连山区',429,211400),
	(595,211403,'龙港区',429,211400),
	(596,211404,'南票区',429,211400),
	(597,211421,'绥中县',429,211400),
	(598,211422,'建昌县',429,211400),
	(599,211481,'兴城市',429,211400),
	(600,220101,'市辖区',431,220100),
	(601,220102,'南关区',431,220100),
	(602,220103,'宽城区',431,220100),
	(603,220104,'朝阳区',431,220100),
	(604,220105,'二道区',431,220100),
	(605,220106,'绿园区',431,220100),
	(606,220112,'双阳区',431,220100),
	(607,220113,'九台区',431,220100),
	(608,220122,'农安县',431,220100),
	(609,220171,'长春经济技术开发区',431,220100),
	(610,220172,'长春净月高新技术产业开发区',431,220100),
	(611,220173,'长春高新技术产业开发区',431,220100),
	(612,220174,'长春汽车经济技术开发区',431,220100),
	(613,220182,'榆树市',431,220100),
	(614,220183,'德惠市',431,220100),
	(615,220201,'市辖区',432,220200),
	(616,220202,'昌邑区',432,220200),
	(617,220203,'龙潭区',432,220200),
	(618,220204,'船营区',432,220200),
	(619,220211,'丰满区',432,220200),
	(620,220221,'永吉县',432,220200),
	(621,220271,'吉林经济开发区',432,220200),
	(622,220272,'吉林高新技术产业开发区',432,220200),
	(623,220273,'吉林中国新加坡食品区',432,220200),
	(624,220281,'蛟河市',432,220200),
	(625,220282,'桦甸市',432,220200),
	(626,220283,'舒兰市',432,220200),
	(627,220284,'磐石市',432,220200),
	(628,220301,'市辖区',434,220300),
	(629,220302,'铁西区',434,220300),
	(630,220303,'铁东区',434,220300),
	(631,220322,'梨树县',434,220300),
	(632,220323,'伊通满族自治县',434,220300),
	(633,220381,'公主岭市',434,220300),
	(634,220382,'双辽市',434,220300),
	(635,220401,'市辖区',437,220400),
	(636,220402,'龙山区',437,220400),
	(637,220403,'西安区',437,220400),
	(638,220421,'东丰县',437,220400),
	(639,220422,'东辽县',437,220400),
	(640,220501,'市辖区',435,220500),
	(641,220502,'东昌区',435,220500),
	(642,220503,'二道江区',435,220500),
	(643,220521,'通化县',435,220500),
	(644,220523,'辉南县',435,220500),
	(645,220524,'柳河县',435,220500),
	(646,220581,'梅河口市',448,220500),
	(647,220582,'集安市',435,220500),
	(648,220601,'市辖区',439,220600),
	(649,220602,'浑江区',439,220600),
	(650,220605,'江源区',439,220600),
	(651,220621,'抚松县',439,220600),
	(652,220622,'靖宇县',439,220600),
	(653,220623,'长白朝鲜族自治县',439,220600),
	(654,220681,'临江市',439,220600),
	(655,220701,'市辖区',438,220700),
	(656,220702,'宁江区',438,220700),
	(657,220721,'前郭尔罗斯蒙古族自治县',438,220700),
	(658,220722,'长岭县',438,220700),
	(659,220723,'乾安县',438,220700),
	(660,220771,'吉林松原经济开发区',438,220700),
	(661,220781,'扶余市',438,220700),
	(662,220801,'市辖区',436,220800),
	(663,220802,'洮北区',436,220800),
	(664,220821,'镇赉县',436,220800),
	(665,220822,'通榆县',436,220800),
	(666,220871,'吉林白城经济开发区',436,220800),
	(667,220881,'洮南市',436,220800),
	(668,220882,'大安市',436,220800),
	(669,222401,'延吉市',433,222400),
	(670,222402,'图们市',436,222400),
	(671,222403,'敦化市',436,222400),
	(672,222404,'珲春市',440,222400),
	(673,222405,'龙井市',436,222400),
	(674,222406,'和龙市',436,222400),
	(675,222424,'汪清县',436,222400),
	(676,222426,'安图县',436,222400),
	(677,230101,'市辖区',451,230100),
	(678,230102,'道里区',451,230100),
	(679,230103,'南岗区',451,230100),
	(680,230104,'道外区',451,230100),
	(681,230108,'平房区',451,230100),
	(682,230109,'松北区',451,230100),
	(683,230110,'香坊区',451,230100),
	(684,230111,'呼兰区',451,230100),
	(685,230112,'阿城区',451,230100),
	(686,230113,'双城区',451,230100),
	(687,230123,'依兰县',451,230100),
	(688,230124,'方正县',451,230100),
	(689,230125,'宾县',451,230100),
	(690,230126,'巴彦县',451,230100),
	(691,230127,'木兰县',451,230100),
	(692,230128,'通河县',451,230100),
	(693,230129,'延寿县',451,230100),
	(694,230183,'尚志市',451,230100),
	(695,230184,'五常市',451,230100),
	(696,230201,'市辖区',452,230200),
	(697,230202,'龙沙区',452,230200),
	(698,230203,'建华区',452,230200),
	(699,230204,'铁锋区',452,230200),
	(700,230205,'昂昂溪区',452,230200),
	(701,230206,'富拉尔基区',452,230200),
	(702,230207,'碾子山区',452,230200),
	(703,230208,'梅里斯达斡尔族区',452,230200),
	(704,230221,'龙江县',452,230200),
	(705,230223,'依安县',452,230200),
	(706,230224,'泰来县',452,230200),
	(707,230225,'甘南县',452,230200),
	(708,230227,'富裕县',452,230200),
	(709,230229,'克山县',452,230200),
	(710,230230,'克东县',452,230200),
	(711,230231,'拜泉县',452,230200),
	(712,230281,'讷河市',452,230200),
	(713,230301,'市辖区',453,230300),
	(714,230302,'鸡冠区',453,230300),
	(715,230303,'恒山区',453,230300),
	(716,230304,'滴道区',453,230300),
	(717,230305,'梨树区',453,230300),
	(718,230306,'城子河区',453,230300),
	(719,230307,'麻山区',453,230300),
	(720,230321,'鸡东县',453,230300),
	(721,230381,'虎林市',453,230300),
	(722,230382,'密山市',453,230300),
	(723,230401,'市辖区',454,230400),
	(724,230402,'向阳区',454,230400),
	(725,230403,'工农区',454,230400),
	(726,230404,'南山区',454,230400),
	(727,230405,'兴安区',454,230400),
	(728,230406,'东山区',454,230400),
	(729,230407,'兴山区',454,230400),
	(730,230421,'萝北县',454,230400),
	(731,230422,'绥滨县',454,230400),
	(732,230501,'市辖区',454,230500),
	(733,230502,'尖山区',454,230500),
	(734,230503,'岭东区',454,230500),
	(735,230505,'四方台区',454,230500),
	(736,230506,'宝山区',454,230500),
	(737,230521,'集贤县',454,230500),
	(738,230522,'友谊县',454,230500),
	(739,230523,'宝清县',454,230500),
	(740,230524,'饶河县',454,230500),
	(741,230601,'市辖区',459,230600),
	(742,230602,'萨尔图区',459,230600),
	(743,230603,'龙凤区',459,230600),
	(744,230604,'让胡路区',459,230600),
	(745,230605,'红岗区',459,230600),
	(746,230606,'大同区',459,230600),
	(747,230621,'肇州县',459,230600),
	(748,230622,'肇源县',459,230600),
	(749,230623,'林甸县',459,230600),
	(750,230624,'杜尔伯特蒙古族自治县',459,230600),
	(751,230671,'大庆高新技术产业开发区',459,230600),
	(752,230701,'市辖区',458,230700),
	(753,230702,'伊春区',458,230700),
	(754,230703,'南岔区',458,230700),
	(755,230704,'友好区',458,230700),
	(756,230705,'西林区',458,230700),
	(757,230706,'翠峦区',458,230700),
	(758,230707,'新青区',458,230700),
	(759,230708,'美溪区',458,230700),
	(760,230709,'金山屯区',458,230700),
	(761,230710,'五营区',458,230700),
	(762,230711,'乌马河区',458,230700),
	(763,230712,'汤旺河区',458,230700),
	(764,230713,'带岭区',458,230700),
	(765,230714,'乌伊岭区',458,230700),
	(766,230715,'红星区',458,230700),
	(767,230716,'上甘岭区',458,230700),
	(768,230722,'嘉荫县',458,230700),
	(769,230781,'铁力市',458,230700),
	(770,230801,'市辖区',454,230800),
	(771,230803,'向阳区',454,230800),
	(772,230804,'前进区',454,230800),
	(773,230805,'东风区',454,230800),
	(774,230811,'郊区',454,230800),
	(775,230822,'桦南县',454,230800),
	(776,230826,'桦川县',454,230800),
	(777,230828,'汤原县',454,230800),
	(778,230881,'同江市',454,230800),
	(779,230882,'富锦市',454,230800),
	(780,230883,'抚远市',454,230800),
	(781,230901,'市辖区',453,230900),
	(782,230902,'新兴区',453,230900),
	(783,230903,'桃山区',453,230900),
	(784,230904,'茄子河区',453,230900),
	(785,230921,'勃利县',453,230900),
	(786,231001,'市辖区',453,231000),
	(787,231002,'东安区',453,231000),
	(788,231003,'阳明区',453,231000),
	(789,231004,'爱民区',453,231000),
	(790,231005,'西安区',453,231000),
	(791,231025,'林口县',453,231000),
	(792,231071,'牡丹江经济技术开发区',453,231000),
	(793,231081,'绥芬河市',453,231000),
	(794,231083,'海林市',453,231000),
	(795,231084,'宁安市',453,231000),
	(796,231085,'穆棱市',453,231000),
	(797,231086,'东宁市',453,231000),
	(798,231101,'市辖区',456,231100),
	(799,231102,'爱辉区',456,231100),
	(800,231121,'嫩江县',456,231100),
	(801,231123,'逊克县',456,231100),
	(802,231124,'孙吴县',456,231100),
	(803,231181,'北安市',456,231100),
	(804,231182,'五大连池市',456,231100),
	(805,231201,'市辖区',455,231200),
	(806,231202,'北林区',455,231200),
	(807,231221,'望奎县',455,231200),
	(808,231222,'兰西县',455,231200),
	(809,231223,'青冈县',455,231200),
	(810,231224,'庆安县',455,231200),
	(811,231225,'明水县',455,231200),
	(812,231226,'绥棱县',455,231200),
	(813,231281,'安达市',455,231200),
	(814,231282,'肇东市',451,231200),
	(815,231283,'海伦市',455,231200),
	(816,232701,'漠河市',457,232700),
	(817,232721,'呼玛县',457,232700),
	(818,232722,'塔河县',457,232700),
	(819,232761,'加格达奇区',457,232700),
	(820,232762,'松岭区',457,232700),
	(821,232763,'新林区',457,232700),
	(822,232764,'呼中区',457,232700),
	(823,310101,'黄浦区',21,310100),
	(824,310104,'徐汇区',21,310100),
	(825,310105,'长宁区',21,310100),
	(826,310106,'静安区',21,310100),
	(827,310107,'普陀区',21,310100),
	(828,310109,'虹口区',21,310100),
	(829,310110,'杨浦区',21,310100),
	(830,310112,'闵行区',21,310100),
	(831,310113,'宝山区',21,310100),
	(832,310114,'嘉定区',21,310100),
	(833,310115,'浦东新区',21,310100),
	(834,310116,'金山区',21,310100),
	(835,310117,'松江区',21,310100),
	(836,310118,'青浦区',21,310100),
	(837,310120,'奉贤区',21,310100),
	(838,310151,'崇明区',21,310100),
	(839,320101,'市辖区',25,320100),
	(840,320102,'玄武区',25,320100),
	(841,320104,'秦淮区',25,320100),
	(842,320105,'建邺区',25,320100),
	(843,320106,'鼓楼区',25,320100),
	(844,320111,'浦口区',25,320100),
	(845,320113,'栖霞区',25,320100),
	(846,320114,'雨花台区',25,320100),
	(847,320115,'江宁区',25,320100),
	(848,320116,'六合区',25,320100),
	(849,320117,'溧水区',25,320100),
	(850,320118,'高淳区',25,320100),
	(851,320201,'市辖区',510,320200),
	(852,320205,'锡山区',510,320200),
	(853,320206,'惠山区',510,320200),
	(854,320211,'滨湖区',510,320200),
	(855,320213,'梁溪区',510,320200),
	(856,320214,'新吴区',510,320200),
	(857,320281,'江阴市',510,320200),
	(858,320282,'宜兴市',510,320200),
	(859,320301,'市辖区',516,320300),
	(860,320302,'鼓楼区',516,320300),
	(861,320303,'云龙区',516,320300),
	(862,320305,'贾汪区',516,320300),
	(863,320311,'泉山区',516,320300),
	(864,320312,'铜山区',516,320300),
	(865,320321,'丰县',516,320300),
	(866,320322,'沛县',516,320300),
	(867,320324,'睢宁县',516,320300),
	(868,320371,'徐州经济技术开发区',516,320300),
	(869,320381,'新沂市',516,320300),
	(870,320382,'邳州市',516,320300),
	(871,320401,'市辖区',519,320400),
	(872,320402,'天宁区',519,320400),
	(873,320404,'钟楼区',519,320400),
	(874,320411,'新北区',519,320400),
	(875,320412,'武进区',519,320400),
	(876,320413,'金坛区',519,320400),
	(877,320481,'溧阳市',519,320400),
	(878,320501,'市辖区',NULL,320500),
	(879,320505,'虎丘区',517,320500),
	(880,320506,'吴中区',518,320500),
	(881,320507,'相城区',519,320500),
	(882,320508,'姑苏区',NULL,320500),
	(883,320509,'吴江区',NULL,320500),
	(884,320571,'苏州工业园区',NULL,320500),
	(885,320581,'常熟市',520,320500),
	(886,320582,'张家港市',520,320500),
	(887,320583,'昆山市',520,320500),
	(888,320585,'太仓市',520,320500),
	(889,320601,'市辖区',NULL,320600),
	(890,320602,'崇川区',515,320600),
	(891,320611,'港闸区',NULL,320600),
	(892,320612,'通州区',517,320600),
	(893,320623,'如东县',518,320600),
	(894,320671,'南通经济技术开发区',NULL,320600),
	(895,320681,'启东市',519,320600),
	(896,320682,'如皋市',520,320600),
	(897,320684,'海门市',522,320600),
	(898,320685,'海安市',NULL,320600),
	(899,320701,'市辖区',NULL,320700),
	(900,320703,'连云区',520,320700),
	(901,320706,'海州区',522,320700),
	(902,320707,'赣榆区',NULL,320700),
	(903,320722,'东海县',524,320700),
	(904,320723,'灌云县',525,320700),
	(905,320724,'灌南县',526,320700),
	(906,320771,'连云港经济技术开发区',NULL,320700),
	(907,320772,'连云港高新技术产业开发区',NULL,320700),
	(908,320801,'市辖区',517,320800),
	(909,320803,'淮安区',517,320800),
	(910,320804,'淮阴区',517,320800),
	(911,320812,'清江浦区',517,320800),
	(912,320813,'洪泽区',517,320800),
	(913,320826,'涟水县',517,320800),
	(914,320830,'盱眙县',517,320800),
	(915,320831,'金湖县',517,320800),
	(916,320871,'淮安经济技术开发区',517,320800),
	(917,320901,'市辖区',515,320900),
	(918,320902,'亭湖区',517,320900),
	(919,320903,'盐都区',NULL,320900),
	(920,320904,'大丰区',NULL,320900),
	(921,320921,'响水县',518,320900),
	(922,320922,'滨海县',519,320900),
	(923,320923,'阜宁县',520,320900),
	(924,320924,'射阳县',521,320900),
	(925,320925,'建湖县',522,320900),
	(926,320971,'盐城经济技术开发区',NULL,320900),
	(927,320981,'东台市',524,320900),
	(928,321001,'市辖区',514,321000),
	(929,321002,'广陵区',514,321000),
	(930,321003,'邗江区',514,321000),
	(931,321012,'江都区',514,321000),
	(932,321023,'宝应县',514,321000),
	(933,321071,'扬州经济技术开发区',514,321000),
	(934,321081,'仪征市',514,321000),
	(935,321084,'高邮市',514,321000),
	(936,321101,'市辖区',511,321100),
	(937,321102,'京口区',511,321100),
	(938,321111,'润州区',511,321100),
	(939,321112,'丹徒区',511,321100),
	(940,321171,'镇江新区',511,321100),
	(941,321181,'丹阳市',511,321100),
	(942,321182,'扬中市',511,321100),
	(943,321183,'句容市',511,321100),
	(944,321201,'市辖区',523,321200),
	(945,321202,'海陵区',523,321200),
	(946,321203,'高港区',523,321200),
	(947,321204,'姜堰区',523,321200),
	(948,321271,'泰州医药高新技术产业开发区',523,321200),
	(949,321281,'兴化市',523,321200),
	(950,321282,'靖江市',523,321200),
	(951,321283,'泰兴市',523,321200),
	(952,321301,'市辖区',527,321300),
	(953,321302,'宿城区',527,321300),
	(954,321311,'宿豫区',527,321300),
	(955,321322,'沭阳县',527,321300),
	(956,321323,'泗阳县',527,321300),
	(957,321324,'泗洪县',527,321300),
	(958,321371,'宿迁经济技术开发区',527,321300),
	(959,330101,'市辖区',571,330100),
	(960,330102,'上城区',571,330100),
	(961,330103,'下城区',571,330100),
	(962,330104,'江干区',571,330100),
	(963,330105,'拱墅区',571,330100),
	(964,330106,'西湖区',571,330100),
	(965,330108,'滨江区',571,330100),
	(966,330109,'萧山区',571,330100),
	(967,330110,'余杭区',571,330100),
	(968,330111,'富阳区',571,330100),
	(969,330112,'临安区',571,330100),
	(970,330122,'桐庐县',571,330100),
	(971,330127,'淳安县',571,330100),
	(972,330182,'建德市',571,330100),
	(973,330201,'市辖区',574,330200),
	(974,330203,'海曙区',574,330200),
	(975,330205,'江北区',574,330200),
	(976,330206,'北仑区',574,330200),
	(977,330211,'镇海区',574,330200),
	(978,330212,'鄞州区',574,330200),
	(979,330213,'奉化区',574,330200),
	(980,330225,'象山县',574,330200),
	(981,330226,'宁海县',574,330200),
	(982,330281,'余姚市',574,330200),
	(983,330282,'慈溪市',574,330200),
	(984,330301,'市辖区',577,330300),
	(985,330302,'鹿城区',577,330300),
	(986,330303,'龙湾区',577,330300),
	(987,330304,'瓯海区',577,330300),
	(988,330305,'洞头区',577,330300),
	(989,330324,'永嘉县',577,330300),
	(990,330326,'平阳县',577,330300),
	(991,330327,'苍南县',577,330300),
	(992,330328,'文成县',577,330300),
	(993,330329,'泰顺县',577,330300),
	(994,330371,'温州经济技术开发区',577,330300),
	(995,330381,'瑞安市',577,330300),
	(996,330382,'乐清市',577,330300),
	(997,330401,'市辖区',573,330400),
	(998,330402,'南湖区',573,330400),
	(999,330411,'秀洲区',573,330400),
	(1000,330421,'嘉善县',573,330400),
	(1001,330424,'海盐县',573,330400),
	(1002,330481,'海宁市',573,330400),
	(1003,330482,'平湖市',573,330400),
	(1004,330483,'桐乡市',573,330400),
	(1005,330501,'市辖区',572,330500),
	(1006,330502,'吴兴区',572,330500),
	(1007,330503,'南浔区',572,330500),
	(1008,330521,'德清县',572,330500),
	(1009,330522,'长兴县',572,330500),
	(1010,330523,'安吉县',572,330500),
	(1011,330601,'市辖区',575,330600),
	(1012,330602,'越城区',575,330600),
	(1013,330603,'柯桥区',575,330600),
	(1014,330604,'上虞区',575,330600),
	(1015,330624,'新昌县',575,330600),
	(1016,330681,'诸暨市',575,330600),
	(1017,330683,'嵊州市',575,330600),
	(1018,330701,'市辖区',579,330700),
	(1019,330702,'婺城区',579,330700),
	(1020,330703,'金东区',579,330700),
	(1021,330723,'武义县',579,330700),
	(1022,330726,'浦江县',579,330700),
	(1023,330727,'磐安县',579,330700),
	(1024,330781,'兰溪市',579,330700),
	(1025,330782,'义乌市',579,330700),
	(1026,330783,'东阳市',579,330700),
	(1027,330784,'永康市',579,330700),
	(1028,330801,'市辖区',570,330800),
	(1029,330802,'柯城区',570,330800),
	(1030,330803,'衢江区',570,330800),
	(1031,330822,'常山县',570,330800),
	(1032,330824,'开化县',570,330800),
	(1033,330825,'龙游县',570,330800),
	(1034,330881,'江山市',570,330800),
	(1035,330901,'市辖区',580,330900),
	(1036,330902,'定海区',580,330900),
	(1037,330903,'普陀区',580,330900),
	(1038,330921,'岱山县',580,330900),
	(1039,330922,'嵊泗县',580,330900),
	(1040,331001,'市辖区',576,331000),
	(1041,331002,'椒江区',576,331000),
	(1042,331003,'黄岩区',576,331000),
	(1043,331004,'路桥区',576,331000),
	(1044,331022,'三门县',576,331000),
	(1045,331023,'天台县',576,331000),
	(1046,331024,'仙居县',576,331000),
	(1047,331081,'温岭市',576,331000),
	(1048,331082,'临海市',576,331000),
	(1049,331083,'玉环市',576,331000),
	(1050,331101,'市辖区',578,331100),
	(1051,331102,'莲都区',578,331100),
	(1052,331121,'青田县',578,331100),
	(1053,331122,'缙云县',578,331100),
	(1054,331123,'遂昌县',578,331100),
	(1055,331124,'松阳县',578,331100),
	(1056,331125,'云和县',578,331100),
	(1057,331126,'庆元县',578,331100),
	(1058,331127,'景宁畲族自治县',578,331100),
	(1059,331181,'龙泉市',578,331100),
	(1060,340101,'市辖区',551,340100),
	(1061,340102,'瑶海区',551,340100),
	(1062,340103,'庐阳区',551,340100),
	(1063,340104,'蜀山区',551,340100),
	(1064,340111,'包河区',551,340100),
	(1065,340121,'长丰县',551,340100),
	(1066,340122,'肥东县',551,340100),
	(1067,340123,'肥西县',551,340100),
	(1068,340124,'庐江县',565,340100),
	(1069,340171,'合肥高新技术产业开发区',551,340100),
	(1070,340172,'合肥经济技术开发区',551,340100),
	(1071,340173,'合肥新站高新技术产业开发区',551,340100),
	(1072,340181,'巢湖市',565,340100),
	(1073,340201,'市辖区',553,340200),
	(1074,340202,'镜湖区',553,340200),
	(1075,340203,'弋江区',553,340200),
	(1076,340207,'鸠江区',553,340200),
	(1077,340208,'三山区',553,340200),
	(1078,340221,'芜湖县',553,340200),
	(1079,340222,'繁昌县',553,340200),
	(1080,340223,'南陵县',553,340200),
	(1081,340225,'无为县',565,340200),
	(1082,340271,'芜湖经济技术开发区',553,340200),
	(1083,340272,'安徽芜湖长江大桥经济开发区',553,340200),
	(1084,340301,'市辖区',552,340300),
	(1085,340302,'龙子湖区',552,340300),
	(1086,340303,'蚌山区',552,340300),
	(1087,340304,'禹会区',552,340300),
	(1088,340311,'淮上区',552,340300),
	(1089,340321,'怀远县',552,340300),
	(1090,340322,'五河县',552,340300),
	(1091,340323,'固镇县',552,340300),
	(1092,340371,'蚌埠市高新技术开发区',552,340300),
	(1093,340372,'蚌埠市经济开发区',552,340300),
	(1094,340401,'市辖区',554,340400),
	(1095,340402,'大通区',554,340400),
	(1096,340403,'田家庵区',554,340400),
	(1097,340404,'谢家集区',554,340400),
	(1098,340405,'八公山区',554,340400),
	(1099,340406,'潘集区',554,340400),
	(1100,340421,'凤台县',554,340400),
	(1101,340422,'寿县',554,340400),
	(1102,340501,'市辖区',555,340500),
	(1103,340503,'花山区',555,340500),
	(1104,340504,'雨山区',555,340500),
	(1105,340506,'博望区',555,340500),
	(1106,340521,'当涂县',555,340500),
	(1107,340522,'含山县',565,340500),
	(1108,340523,'和县',565,340500),
	(1109,340601,'市辖区',561,340600),
	(1110,340602,'杜集区',561,340600),
	(1111,340603,'相山区',561,340600),
	(1112,340604,'烈山区',561,340600),
	(1113,340621,'濉溪县',561,340600),
	(1114,340701,'市辖区',562,340700),
	(1115,340705,'铜官区',562,340700),
	(1116,340706,'义安区',562,340700),
	(1117,340711,'郊区',562,340700),
	(1118,340722,'枞阳县',562,340700),
	(1119,340801,'市辖区',556,340800),
	(1120,340802,'迎江区',556,340800),
	(1121,340803,'大观区',556,340800),
	(1122,340811,'宜秀区',556,340800),
	(1123,340822,'怀宁县',556,340800),
	(1124,340825,'太湖县',556,340800),
	(1125,340826,'宿松县',556,340800),
	(1126,340827,'望江县',556,340800),
	(1127,340828,'岳西县',556,340800),
	(1128,340871,'安徽安庆经济开发区',556,340800),
	(1129,340881,'桐城市',556,340800),
	(1130,340882,'潜山市',556,340800),
	(1131,341001,'市辖区',559,341000),
	(1132,341002,'屯溪区',559,341000),
	(1133,341003,'黄山区',559,341000),
	(1134,341004,'徽州区',559,341000),
	(1135,341021,'歙县',559,341000),
	(1136,341022,'休宁县',559,341000),
	(1137,341023,'黟县',559,341000),
	(1138,341024,'祁门县',559,341000),
	(1139,341101,'市辖区',550,341100),
	(1140,341102,'琅琊区',550,341100),
	(1141,341103,'南谯区',550,341100),
	(1142,341122,'来安县',550,341100),
	(1143,341124,'全椒县',550,341100),
	(1144,341125,'定远县',550,341100),
	(1145,341126,'凤阳县',550,341100),
	(1146,341171,'苏滁现代产业园',550,341100),
	(1147,341172,'滁州经济技术开发区',550,341100),
	(1148,341181,'天长市',550,341100),
	(1149,341182,'明光市',550,341100),
	(1150,341201,'市辖区',558,341200),
	(1151,341202,'颍州区',558,341200),
	(1152,341203,'颍东区',558,341200),
	(1153,341204,'颍泉区',558,341200),
	(1154,341221,'临泉县',558,341200),
	(1155,341222,'太和县',558,341200),
	(1156,341225,'阜南县',558,341200),
	(1157,341226,'颍上县',558,341200),
	(1158,341271,'阜阳合肥现代产业园区',558,341200),
	(1159,341272,'阜阳经济技术开发区',558,341200),
	(1160,341282,'界首市',558,341200),
	(1161,341301,'市辖区',557,341300),
	(1162,341302,'埇桥区',557,341300),
	(1163,341321,'砀山县',557,341300),
	(1164,341322,'萧县',557,341300),
	(1165,341323,'灵璧县',557,341300),
	(1166,341324,'泗县',557,341300),
	(1167,341371,'宿州马鞍山现代产业园区',557,341300),
	(1168,341372,'宿州经济技术开发区',557,341300),
	(1169,341501,'市辖区',564,341500),
	(1170,341502,'金安区',564,341500),
	(1171,341503,'裕安区',564,341500),
	(1172,341504,'叶集区',564,341500),
	(1173,341522,'霍邱县',564,341500),
	(1174,341523,'舒城县',564,341500),
	(1175,341524,'金寨县',564,341500),
	(1176,341525,'霍山县',564,341500),
	(1177,341601,'市辖区',564,341600),
	(1178,341602,'谯城区',564,341600),
	(1179,341621,'涡阳县',564,341600),
	(1180,341622,'蒙城县',564,341600),
	(1181,341623,'利辛县',564,341600),
	(1182,341701,'市辖区',566,341700),
	(1183,341702,'贵池区',566,341700),
	(1184,341721,'东至县',566,341700),
	(1185,341722,'石台县',566,341700),
	(1186,341723,'青阳县',566,341700),
	(1187,341801,'市辖区',563,341800),
	(1188,341802,'宣州区',563,341800),
	(1189,341821,'郎溪县',563,341800),
	(1190,341822,'广德县',563,341800),
	(1191,341823,'泾县',563,341800),
	(1192,341824,'绩溪县',563,341800),
	(1193,341825,'旌德县',563,341800),
	(1194,341871,'宣城市经济开发区',563,341800),
	(1195,341881,'宁国市',563,341800),
	(1196,350101,'市辖区',591,350100),
	(1197,350102,'鼓楼区',591,350100),
	(1198,350103,'台江区',591,350100),
	(1199,350104,'仓山区',591,350100),
	(1200,350105,'马尾区',591,350100),
	(1201,350111,'晋安区',591,350100),
	(1202,350112,'长乐区',591,350100),
	(1203,350121,'闽侯县',591,350100),
	(1204,350122,'连江县',591,350100),
	(1205,350123,'罗源县',591,350100),
	(1206,350124,'闽清县',591,350100),
	(1207,350125,'永泰县',591,350100),
	(1208,350128,'平潭县',591,350100),
	(1209,350181,'福清市',591,350100),
	(1210,350201,'市辖区',592,350200),
	(1211,350203,'思明区',592,350200),
	(1212,350205,'海沧区',592,350200),
	(1213,350206,'湖里区',592,350200),
	(1214,350211,'集美区',592,350200),
	(1215,350212,'同安区',592,350200),
	(1216,350213,'翔安区',592,350200),
	(1217,350301,'市辖区',594,350300),
	(1218,350302,'城厢区',594,350300),
	(1219,350303,'涵江区',594,350300),
	(1220,350304,'荔城区',594,350300),
	(1221,350305,'秀屿区',594,350300),
	(1222,350322,'仙游县',594,350300),
	(1223,350401,'市辖区',598,350400),
	(1224,350402,'梅列区',598,350400),
	(1225,350403,'三元区',598,350400),
	(1226,350421,'明溪县',598,350400),
	(1227,350423,'清流县',598,350400),
	(1228,350424,'宁化县',598,350400),
	(1229,350425,'大田县',598,350400),
	(1230,350426,'尤溪县',598,350400),
	(1231,350427,'沙县',598,350400),
	(1232,350428,'将乐县',598,350400),
	(1233,350429,'泰宁县',598,350400),
	(1234,350430,'建宁县',598,350400),
	(1235,350481,'永安市',598,350400),
	(1236,350501,'市辖区',595,350500),
	(1237,350502,'鲤城区',595,350500),
	(1238,350503,'丰泽区',595,350500),
	(1239,350504,'洛江区',595,350500),
	(1240,350505,'泉港区',595,350500),
	(1241,350521,'惠安县',595,350500),
	(1242,350524,'安溪县',595,350500),
	(1243,350525,'永春县',595,350500),
	(1244,350526,'德化县',595,350500),
	(1245,350527,'金门县',595,350500),
	(1246,350581,'石狮市',595,350500),
	(1247,350582,'晋江市',595,350500),
	(1248,350583,'南安市',595,350500),
	(1249,350601,'市辖区',596,350600),
	(1250,350602,'芗城区',596,350600),
	(1251,350603,'龙文区',596,350600),
	(1252,350622,'云霄县',596,350600),
	(1253,350623,'漳浦县',596,350600),
	(1254,350624,'诏安县',596,350600),
	(1255,350625,'长泰县',596,350600),
	(1256,350626,'东山县',596,350600),
	(1257,350627,'南靖县',596,350600),
	(1258,350628,'平和县',596,350600),
	(1259,350629,'华安县',596,350600),
	(1260,350681,'龙海市',596,350600),
	(1261,350701,'市辖区',599,350700),
	(1262,350702,'延平区',599,350700),
	(1263,350703,'建阳区',599,350700),
	(1264,350721,'顺昌县',599,350700),
	(1265,350722,'浦城县',599,350700),
	(1266,350723,'光泽县',599,350700),
	(1267,350724,'松溪县',599,350700),
	(1268,350725,'政和县',599,350700),
	(1269,350781,'邵武市',599,350700),
	(1270,350782,'武夷山市',599,350700),
	(1271,350783,'建瓯市',599,350700),
	(1272,350801,'市辖区',597,350800),
	(1273,350802,'新罗区',597,350800),
	(1274,350803,'永定区',597,350800),
	(1275,350821,'长汀县',597,350800),
	(1276,350823,'上杭县',597,350800),
	(1277,350824,'武平县',597,350800),
	(1278,350825,'连城县',597,350800),
	(1279,350881,'漳平市',597,350800),
	(1280,350901,'市辖区',593,350900),
	(1281,350902,'蕉城区',593,350900),
	(1282,350921,'霞浦县',593,350900),
	(1283,350922,'古田县',593,350900),
	(1284,350923,'屏南县',593,350900),
	(1285,350924,'寿宁县',593,350900),
	(1286,350925,'周宁县',593,350900),
	(1287,350926,'柘荣县',593,350900),
	(1288,350981,'福安市',593,350900),
	(1289,350982,'福鼎市',593,350900),
	(1290,360101,'市辖区',791,360100),
	(1291,360102,'东湖区',791,360100),
	(1292,360103,'西湖区',791,360100),
	(1293,360104,'青云谱区',791,360100),
	(1294,360105,'湾里区',791,360100),
	(1295,360111,'青山湖区',791,360100),
	(1296,360112,'新建区',791,360100),
	(1297,360121,'南昌县',791,360100),
	(1298,360123,'安义县',791,360100),
	(1299,360124,'进贤县',791,360100),
	(1300,360201,'市辖区',798,360200),
	(1301,360202,'昌江区',798,360200),
	(1302,360203,'珠山区',798,360200),
	(1303,360222,'浮梁县',798,360200),
	(1304,360281,'乐平市',798,360200),
	(1305,360301,'市辖区',799,360300),
	(1306,360302,'安源区',799,360300),
	(1307,360313,'湘东区',799,360300),
	(1308,360321,'莲花县',799,360300),
	(1309,360322,'上栗县',799,360300),
	(1310,360323,'芦溪县',799,360300),
	(1311,360401,'市辖区',792,360400),
	(1312,360402,'濂溪区',792,360400),
	(1313,360403,'浔阳区',792,360400),
	(1314,360404,'柴桑区',792,360400),
	(1315,360423,'武宁县',792,360400),
	(1316,360424,'修水县',792,360400),
	(1317,360425,'永修县',792,360400),
	(1318,360426,'德安县',792,360400),
	(1319,360428,'都昌县',792,360400),
	(1320,360429,'湖口县',792,360400),
	(1321,360430,'彭泽县',792,360400),
	(1322,360481,'瑞昌市',792,360400),
	(1323,360482,'共青城市',792,360400),
	(1324,360483,'庐山市',792,360400),
	(1325,360501,'市辖区',790,360500),
	(1326,360502,'渝水区',790,360500),
	(1327,360521,'分宜县',790,360500),
	(1328,360601,'市辖区',701,360600),
	(1329,360602,'月湖区',701,360600),
	(1330,360603,'余江区',701,360600),
	(1331,360681,'贵溪市',701,360600),
	(1332,360701,'市辖区',701,360700),
	(1333,360702,'章贡区',797,360700),
	(1334,360703,'南康区',797,360700),
	(1335,360704,'赣县区',797,360700),
	(1336,360722,'信丰县',797,360700),
	(1337,360723,'大余县',797,360700),
	(1338,360724,'上犹县',797,360700),
	(1339,360725,'崇义县',797,360700),
	(1340,360726,'安远县',797,360700),
	(1341,360727,'龙南县',797,360700),
	(1342,360728,'定南县',797,360700),
	(1343,360729,'全南县',797,360700),
	(1344,360730,'宁都县',797,360700),
	(1345,360731,'于都县',797,360700),
	(1346,360732,'兴国县',797,360700),
	(1347,360733,'会昌县',797,360700),
	(1348,360734,'寻乌县',797,360700),
	(1349,360735,'石城县',797,360700),
	(1350,360781,'瑞金市',797,360700),
	(1351,360801,'市辖区',796,360800),
	(1352,360802,'吉州区',796,360800),
	(1353,360803,'青原区',796,360800),
	(1354,360821,'吉安县',796,360800),
	(1355,360822,'吉水县',796,360800),
	(1356,360823,'峡江县',796,360800),
	(1357,360824,'新干县',796,360800),
	(1358,360825,'永丰县',796,360800),
	(1359,360826,'泰和县',796,360800),
	(1360,360827,'遂川县',796,360800),
	(1361,360828,'万安县',796,360800),
	(1362,360829,'安福县',796,360800),
	(1363,360830,'永新县',796,360800),
	(1364,360881,'井冈山市',796,360800),
	(1365,360901,'市辖区',795,360900),
	(1366,360902,'袁州区',795,360900),
	(1367,360921,'奉新县',795,360900),
	(1368,360922,'万载县',795,360900),
	(1369,360923,'上高县',795,360900),
	(1370,360924,'宜丰县',795,360900),
	(1371,360925,'靖安县',795,360900),
	(1372,360926,'铜鼓县',795,360900),
	(1373,360981,'丰城市',795,360900),
	(1374,360982,'樟树市',795,360900),
	(1375,360983,'高安市',795,360900),
	(1376,361001,'市辖区',794,361000),
	(1377,361002,'临川区',794,361000),
	(1378,361003,'东乡区',794,361000),
	(1379,361021,'南城县',794,361000),
	(1380,361022,'黎川县',794,361000),
	(1381,361023,'南丰县',794,361000),
	(1382,361024,'崇仁县',794,361000),
	(1383,361025,'乐安县',794,361000),
	(1384,361026,'宜黄县',794,361000),
	(1385,361027,'金溪县',794,361000),
	(1386,361028,'资溪县',794,361000),
	(1387,361030,'广昌县',794,361000),
	(1388,361101,'市辖区',793,361100),
	(1389,361102,'信州区',793,361100),
	(1390,361103,'广丰区',793,361100),
	(1391,361121,'上饶县',793,361100),
	(1392,361123,'玉山县',793,361100),
	(1393,361124,'铅山县',793,361100),
	(1394,361125,'横峰县',793,361100),
	(1395,361126,'弋阳县',793,361100),
	(1396,361127,'余干县',793,361100),
	(1397,361128,'鄱阳县',793,361100),
	(1398,361129,'万年县',793,361100),
	(1399,361130,'婺源县',793,361100),
	(1400,361181,'德兴市',793,361100),
	(1401,370101,'市辖区',531,370100),
	(1402,370102,'历下区',531,370100),
	(1403,370103,'市中区',531,370100),
	(1404,370104,'槐荫区',531,370100),
	(1405,370105,'天桥区',531,370100),
	(1406,370112,'历城区',531,370100),
	(1407,370113,'长清区',531,370100),
	(1408,370114,'章丘区',531,370100),
	(1409,370115,'济阳区',531,370100),
	(1410,370124,'平阴县',531,370100),
	(1411,370126,'商河县',531,370100),
	(1412,370171,'济南高新技术产业开发区',531,370100),
	(1413,370201,'市辖区',532,370200),
	(1414,370202,'市南区',532,370200),
	(1415,370203,'市北区',532,370200),
	(1416,370211,'黄岛区',532,370200),
	(1417,370212,'崂山区',532,370200),
	(1418,370213,'李沧区',532,370200),
	(1419,370214,'城阳区',532,370200),
	(1420,370215,'即墨区',532,370200),
	(1421,370271,'青岛高新技术产业开发区',532,370200),
	(1422,370281,'胶州市',532,370200),
	(1423,370283,'平度市',532,370200),
	(1424,370285,'莱西市',532,370200),
	(1425,370301,'市辖区',533,370300),
	(1426,370302,'淄川区',533,370300),
	(1427,370303,'张店区',533,370300),
	(1428,370304,'博山区',533,370300),
	(1429,370305,'临淄区',533,370300),
	(1430,370306,'周村区',533,370300),
	(1431,370321,'桓台县',533,370300),
	(1432,370322,'高青县',533,370300),
	(1433,370323,'沂源县',533,370300),
	(1434,370401,'市辖区',632,370400),
	(1435,370402,'市中区',632,370400),
	(1436,370403,'薛城区',632,370400),
	(1437,370404,'峄城区',632,370400),
	(1438,370405,'台儿庄区',632,370400),
	(1439,370406,'山亭区',632,370400),
	(1440,370481,'滕州市',632,370400),
	(1441,370501,'市辖区',546,370500),
	(1442,370502,'东营区',546,370500),
	(1443,370503,'河口区',546,370500),
	(1444,370505,'垦利区',546,370500),
	(1445,370522,'利津县',546,370500),
	(1446,370523,'广饶县',546,370500),
	(1447,370571,'东营经济技术开发区',546,370500),
	(1448,370572,'东营港经济开发区',546,370500),
	(1449,370601,'市辖区',535,370600),
	(1450,370602,'芝罘区',535,370600),
	(1451,370611,'福山区',535,370600),
	(1452,370612,'牟平区',535,370600),
	(1453,370613,'莱山区',535,370600),
	(1454,370634,'长岛县',535,370600),
	(1455,370671,'烟台高新技术产业开发区',535,370600),
	(1456,370672,'烟台经济技术开发区',535,370600),
	(1457,370681,'龙口市',535,370600),
	(1458,370682,'莱阳市',535,370600),
	(1459,370683,'莱州市',535,370600),
	(1460,370684,'蓬莱市',535,370600),
	(1461,370685,'招远市',535,370600),
	(1462,370686,'栖霞市',535,370600),
	(1463,370687,'海阳市',535,370600),
	(1464,370701,'市辖区',536,370700),
	(1465,370702,'潍城区',536,370700),
	(1466,370703,'寒亭区',536,370700),
	(1467,370704,'坊子区',536,370700),
	(1468,370705,'奎文区',536,370700),
	(1469,370724,'临朐县',536,370700),
	(1470,370725,'昌乐县',536,370700),
	(1471,370772,'潍坊滨海经济技术开发区',536,370700),
	(1472,370781,'青州市',536,370700),
	(1473,370782,'诸城市',536,370700),
	(1474,370783,'寿光市',536,370700),
	(1475,370784,'安丘市',536,370700),
	(1476,370785,'高密市',536,370700),
	(1477,370786,'昌邑市',536,370700),
	(1478,370801,'市辖区',537,370800),
	(1479,370811,'任城区',537,370800),
	(1480,370812,'兖州区',537,370800),
	(1481,370826,'微山县',537,370800),
	(1482,370827,'鱼台县',537,370800),
	(1483,370828,'金乡县',537,370800),
	(1484,370829,'嘉祥县',537,370800),
	(1485,370830,'汶上县',537,370800),
	(1486,370831,'泗水县',537,370800),
	(1487,370832,'梁山县',537,370800),
	(1488,370871,'济宁高新技术产业开发区',537,370800),
	(1489,370881,'曲阜市',537,370800),
	(1490,370883,'邹城市',537,370800),
	(1491,370901,'市辖区',538,370900),
	(1492,370902,'泰山区',538,370900),
	(1493,370911,'岱岳区',538,370900),
	(1494,370921,'宁阳县',538,370900),
	(1495,370923,'东平县',538,370900),
	(1496,370982,'新泰市',538,370900),
	(1497,370983,'肥城市',538,370900),
	(1498,371001,'市辖区',631,371000),
	(1499,371002,'环翠区',631,371000),
	(1500,371003,'文登区',631,371000),
	(1501,371071,'威海火炬高技术产业开发区',631,371000),
	(1502,371072,'威海经济技术开发区',631,371000),
	(1503,371073,'威海临港经济技术开发区',631,371000),
	(1504,371082,'荣成市',631,371000),
	(1505,371083,'乳山市',631,371000),
	(1506,371101,'市辖区',633,371100),
	(1507,371102,'东港区',633,371100),
	(1508,371103,'岚山区',633,371100),
	(1509,371121,'五莲县',633,371100),
	(1510,371122,'莒县',633,371100),
	(1511,371171,'日照经济技术开发区',633,371100),
	(1512,371201,'市辖区',634,371200),
	(1513,371202,'莱城区',634,371200),
	(1514,371203,'钢城区',634,371200),
	(1515,371301,'市辖区',539,371300),
	(1516,371302,'兰山区',539,371300),
	(1517,371311,'罗庄区',539,371300),
	(1518,371312,'河东区',539,371300),
	(1519,371321,'沂南县',539,371300),
	(1520,371322,'郯城县',539,371300),
	(1521,371323,'沂水县',539,371300),
	(1522,371324,'兰陵县',539,371300),
	(1523,371325,'费县',539,371300),
	(1524,371326,'平邑县',539,371300),
	(1525,371327,'莒南县',539,371300),
	(1526,371328,'蒙阴县',539,371300),
	(1527,371329,'临沭县',539,371300),
	(1528,371371,'临沂高新技术产业开发区',539,371300),
	(1529,371372,'临沂经济技术开发区',539,371300),
	(1530,371373,'临沂临港经济开发区',539,371300),
	(1531,371401,'市辖区',534,371400),
	(1532,371402,'德城区',534,371400),
	(1533,371403,'陵城区',534,371400),
	(1534,371422,'宁津县',534,371400),
	(1535,371423,'庆云县',534,371400),
	(1536,371424,'临邑县',534,371400),
	(1537,371425,'齐河县',534,371400),
	(1538,371426,'平原县',534,371400),
	(1539,371427,'夏津县',534,371400),
	(1540,371428,'武城县',534,371400),
	(1541,371471,'德州经济技术开发区',534,371400),
	(1542,371472,'德州运河经济开发区',534,371400),
	(1543,371481,'乐陵市',534,371400),
	(1544,371482,'禹城市',534,371400),
	(1545,371501,'市辖区',635,371500),
	(1546,371502,'东昌府区',635,371500),
	(1547,371521,'阳谷县',635,371500),
	(1548,371522,'莘县',635,371500),
	(1549,371523,'茌平县',635,371500),
	(1550,371524,'东阿县',635,371500),
	(1551,371525,'冠县',635,371500),
	(1552,371526,'高唐县',635,371500),
	(1553,371581,'临清市',635,371500),
	(1554,371701,'市辖区',530,371700),
	(1555,371702,'牡丹区',530,371700),
	(1556,371703,'定陶区',530,371700),
	(1557,371721,'曹县',530,371700),
	(1558,371722,'单县',530,371700),
	(1559,371723,'成武县',530,371700),
	(1560,371724,'巨野县',530,371700),
	(1561,371725,'郓城县',530,371700),
	(1562,371726,'鄄城县',530,371700),
	(1563,371728,'东明县',530,371700),
	(1564,371771,'菏泽经济技术开发区',530,371700),
	(1565,371772,'菏泽高新技术开发区',530,371700),
	(1566,410101,'市辖区',371,410100),
	(1567,410102,'中原区',371,410100),
	(1568,410103,'二七区',371,410100),
	(1569,410104,'管城回族区',371,410100),
	(1570,410105,'金水区',371,410100),
	(1571,410106,'上街区',371,410100),
	(1572,410108,'惠济区',371,410100),
	(1573,410122,'中牟县',371,410100),
	(1574,410171,'郑州经济技术开发区',371,410100),
	(1575,410172,'郑州高新技术产业开发区',371,410100),
	(1576,410173,'郑州航空港经济综合实验区',371,410100),
	(1577,410181,'巩义市',371,410100),
	(1578,410182,'荥阳市',371,410100),
	(1579,410183,'新密市',371,410100),
	(1580,410184,'新郑市',371,410100),
	(1581,410185,'登封市',371,410100),
	(1582,410201,'市辖区',378,410200),
	(1583,410202,'龙亭区',378,410200),
	(1584,410203,'顺河回族区',378,410200),
	(1585,410204,'鼓楼区',378,410200),
	(1586,410205,'禹王台区',378,410200),
	(1587,410212,'祥符区',378,410200),
	(1588,410221,'杞县',378,410200),
	(1589,410222,'通许县',378,410200),
	(1590,410223,'尉氏县',378,410200),
	(1591,410225,'兰考县',378,410200),
	(1592,410301,'市辖区',379,410300),
	(1593,410302,'老城区',379,410300),
	(1594,410303,'西工区',379,410300),
	(1595,410304,'瀍河回族区',379,410300),
	(1596,410305,'涧西区',379,410300),
	(1597,410306,'吉利区',379,410300),
	(1598,410311,'洛龙区',379,410300),
	(1599,410322,'孟津县',379,410300),
	(1600,410323,'新安县',379,410300),
	(1601,410324,'栾川县',379,410300),
	(1602,410325,'嵩县',379,410300),
	(1603,410326,'汝阳县',379,410300),
	(1604,410327,'宜阳县',379,410300),
	(1605,410328,'洛宁县',379,410300),
	(1606,410329,'伊川县',379,410300),
	(1607,410371,'洛阳高新技术产业开发区',379,410300),
	(1608,410381,'偃师市',379,410300),
	(1609,410401,'市辖区',375,410400),
	(1610,410402,'新华区',375,410400),
	(1611,410403,'卫东区',375,410400),
	(1612,410404,'石龙区',375,410400),
	(1613,410411,'湛河区',375,410400),
	(1614,410421,'宝丰县',375,410400),
	(1615,410422,'叶县',375,410400),
	(1616,410423,'鲁山县',375,410400),
	(1617,410425,'郏县',375,410400),
	(1618,410471,'平顶山高新技术产业开发区',375,410400),
	(1619,410472,'平顶山市新城区',375,410400),
	(1620,410481,'舞钢市',375,410400),
	(1621,410482,'汝州市',375,410400),
	(1622,410501,'市辖区',372,410500),
	(1623,410502,'文峰区',372,410500),
	(1624,410503,'北关区',372,410500),
	(1625,410505,'殷都区',372,410500),
	(1626,410506,'龙安区',372,410500),
	(1627,410522,'安阳县',372,410500),
	(1628,410523,'汤阴县',372,410500),
	(1629,410526,'滑县',372,410500),
	(1630,410527,'内黄县',372,410500),
	(1631,410571,'安阳高新技术产业开发区',372,410500),
	(1632,410581,'林州市',372,410500),
	(1633,410601,'市辖区',392,410600),
	(1634,410602,'鹤山区',392,410600),
	(1635,410603,'山城区',392,410600),
	(1636,410611,'淇滨区',392,410600),
	(1637,410621,'浚县',392,410600),
	(1638,410622,'淇县',392,410600),
	(1639,410671,'鹤壁经济技术开发区',392,410600),
	(1640,410701,'市辖区',373,410700),
	(1641,410702,'红旗区',373,410700),
	(1642,410703,'卫滨区',373,410700),
	(1643,410704,'凤泉区',373,410700),
	(1644,410711,'牧野区',373,410700),
	(1645,410721,'新乡县',373,410700),
	(1646,410724,'获嘉县',373,410700),
	(1647,410725,'原阳县',373,410700),
	(1648,410726,'延津县',373,410700),
	(1649,410727,'封丘县',373,410700),
	(1650,410728,'长垣县',373,410700),
	(1651,410771,'新乡高新技术产业开发区',373,410700),
	(1652,410772,'新乡经济技术开发区',373,410700),
	(1653,410773,'新乡市平原城乡一体化示范区',373,410700),
	(1654,410781,'卫辉市',373,410700),
	(1655,410782,'辉县市',373,410700),
	(1656,410801,'市辖区',391,410800),
	(1657,410802,'解放区',391,410800),
	(1658,410803,'中站区',391,410800),
	(1659,410804,'马村区',391,410800),
	(1660,410811,'山阳区',391,410800),
	(1661,410821,'修武县',391,410800),
	(1662,410822,'博爱县',391,410800),
	(1663,410823,'武陟县',391,410800),
	(1664,410825,'温县',391,410800),
	(1665,410871,'焦作城乡一体化示范区',391,410800),
	(1666,410882,'沁阳市',391,410800),
	(1667,410883,'孟州市',391,410800),
	(1668,410901,'市辖区',393,410900),
	(1669,410902,'华龙区',393,410900),
	(1670,410922,'清丰县',393,410900),
	(1671,410923,'南乐县',393,410900),
	(1672,410926,'范县',393,410900),
	(1673,410927,'台前县',393,410900),
	(1674,410928,'濮阳县',393,410900),
	(1675,410971,'河南濮阳工业园区',393,410900),
	(1676,410972,'濮阳经济技术开发区',393,410900),
	(1677,411001,'市辖区',374,411000),
	(1678,411002,'魏都区',374,411000),
	(1679,411003,'建安区',374,411000),
	(1680,411024,'鄢陵县',374,411000),
	(1681,411025,'襄城县',374,411000),
	(1682,411071,'许昌经济技术开发区',374,411000),
	(1683,411081,'禹州市',374,411000),
	(1684,411082,'长葛市',374,411000),
	(1685,411101,'市辖区',395,411100),
	(1686,411102,'源汇区',395,411100),
	(1687,411103,'郾城区',395,411100),
	(1688,411104,'召陵区',395,411100),
	(1689,411121,'舞阳县',395,411100),
	(1690,411122,'临颍县',395,411100),
	(1691,411171,'漯河经济技术开发区',395,411100),
	(1692,411201,'市辖区',398,411200),
	(1693,411202,'湖滨区',398,411200),
	(1694,411203,'陕州区',398,411200),
	(1695,411221,'渑池县',398,411200),
	(1696,411224,'卢氏县',398,411200),
	(1697,411271,'河南三门峡经济开发区',398,411200),
	(1698,411281,'义马市',398,411200),
	(1699,411282,'灵宝市',398,411200),
	(1700,411301,'市辖区',377,411300),
	(1701,411302,'宛城区',377,411300),
	(1702,411303,'卧龙区',377,411300),
	(1703,411321,'南召县',377,411300),
	(1704,411322,'方城县',377,411300),
	(1705,411323,'西峡县',377,411300),
	(1706,411324,'镇平县',377,411300),
	(1707,411325,'内乡县',377,411300),
	(1708,411326,'淅川县',377,411300),
	(1709,411327,'社旗县',377,411300),
	(1710,411328,'唐河县',377,411300),
	(1711,411329,'新野县',377,411300),
	(1712,411330,'桐柏县',377,411300),
	(1713,411371,'南阳高新技术产业开发区',377,411300),
	(1714,411372,'南阳市城乡一体化示范区',377,411300),
	(1715,411381,'邓州市',377,411300),
	(1716,411401,'市辖区',370,411400),
	(1717,411402,'梁园区',370,411400),
	(1718,411403,'睢阳区',370,411400),
	(1719,411421,'民权县',370,411400),
	(1720,411422,'睢县',370,411400),
	(1721,411423,'宁陵县',370,411400),
	(1722,411424,'柘城县',370,411400),
	(1723,411425,'虞城县',370,411400),
	(1724,411426,'夏邑县',370,411400),
	(1725,411471,'豫东综合物流产业聚集区',370,411400),
	(1726,411472,'河南商丘经济开发区',370,411400),
	(1727,411481,'永城市',370,411400),
	(1728,411501,'市辖区',376,411500),
	(1729,411502,'浉河区',376,411500),
	(1730,411503,'平桥区',376,411500),
	(1731,411521,'罗山县',376,411500),
	(1732,411522,'光山县',376,411500),
	(1733,411523,'新县',376,411500),
	(1734,411524,'商城县',376,411500),
	(1735,411525,'固始县',376,411500),
	(1736,411526,'潢川县',376,411500),
	(1737,411527,'淮滨县',376,411500),
	(1738,411528,'息县',376,411500),
	(1739,411571,'信阳高新技术产业开发区',376,411500),
	(1740,411601,'市辖区',394,411600),
	(1741,411602,'川汇区',394,411600),
	(1742,411621,'扶沟县',394,411600),
	(1743,411622,'西华县',394,411600),
	(1744,411623,'商水县',394,411600),
	(1745,411624,'沈丘县',394,411600),
	(1746,411625,'郸城县',394,411600),
	(1747,411626,'淮阳县',394,411600),
	(1748,411627,'太康县',394,411600),
	(1749,411628,'鹿邑县',394,411600),
	(1750,411671,'河南周口经济开发区',394,411600),
	(1751,411681,'项城市',394,411600),
	(1752,411701,'市辖区',396,411700),
	(1753,411702,'驿城区',396,411700),
	(1754,411721,'西平县',396,411700),
	(1755,411722,'上蔡县',396,411700),
	(1756,411723,'平舆县',396,411700),
	(1757,411724,'正阳县',396,411700),
	(1758,411725,'确山县',396,411700),
	(1759,411726,'泌阳县',396,411700),
	(1760,411727,'汝南县',396,411700),
	(1761,411728,'遂平县',396,411700),
	(1762,411729,'新蔡县',396,411700),
	(1763,411771,'河南驻马店经济开发区',396,411700),
	(1764,419001,'济源市',391,419000),
	(1765,420101,'市辖区',27,420100),
	(1766,420102,'江岸区',27,420100),
	(1767,420103,'江汉区',27,420100),
	(1768,420104,'硚口区',27,420100),
	(1769,420105,'汉阳区',27,420100),
	(1770,420106,'武昌区',27,420100),
	(1771,420107,'青山区',27,420100),
	(1772,420111,'洪山区',27,420100),
	(1773,420112,'东西湖区',27,420100),
	(1774,420113,'汉南区',27,420100),
	(1775,420114,'蔡甸区',27,420100),
	(1776,420115,'江夏区',27,420100),
	(1777,420116,'黄陂区',27,420100),
	(1778,420117,'新洲区',27,420100),
	(1779,420201,'市辖区',714,420200),
	(1780,420202,'黄石港区',714,420200),
	(1781,420203,'西塞山区',714,420200),
	(1782,420204,'下陆区',714,420200),
	(1783,420205,'铁山区',714,420200),
	(1784,420222,'阳新县',714,420200),
	(1785,420281,'大冶市',714,420200),
	(1786,420301,'市辖区',719,420300),
	(1787,420302,'茅箭区',719,420300),
	(1788,420303,'张湾区',719,420300),
	(1789,420304,'郧阳区',719,420300),
	(1790,420322,'郧西县',719,420300),
	(1791,420323,'竹山县',719,420300),
	(1792,420324,'竹溪县',719,420300),
	(1793,420325,'房县',719,420300),
	(1794,420381,'丹江口市',719,420300),
	(1795,420501,'市辖区',717,420500),
	(1796,420502,'西陵区',717,420500),
	(1797,420503,'伍家岗区',717,420500),
	(1798,420504,'点军区',717,420500),
	(1799,420505,'猇亭区',717,420500),
	(1800,420506,'夷陵区',717,420500),
	(1801,420525,'远安县',717,420500),
	(1802,420526,'兴山县',717,420500),
	(1803,420527,'秭归县',717,420500),
	(1804,420528,'长阳土家族自治县',717,420500),
	(1805,420529,'五峰土家族自治县',717,420500),
	(1806,420581,'宜都市',717,420500),
	(1807,420582,'当阳市',717,420500),
	(1808,420583,'枝江市',717,420500),
	(1809,420601,'市辖区',710,420600),
	(1810,420602,'襄城区',710,420600),
	(1811,420606,'樊城区',710,420600),
	(1812,420607,'襄州区',710,420600),
	(1813,420624,'南漳县',710,420600),
	(1814,420625,'谷城县',710,420600),
	(1815,420626,'保康县',710,420600),
	(1816,420682,'老河口市',710,420600),
	(1817,420683,'枣阳市',710,420600),
	(1818,420684,'宜城市',710,420600),
	(1819,420701,'市辖区',711,420700),
	(1820,420702,'梁子湖区',711,420700),
	(1821,420703,'华容区',711,420700),
	(1822,420704,'鄂城区',711,420700),
	(1823,420801,'市辖区',724,420800),
	(1824,420802,'东宝区',724,420800),
	(1825,420804,'掇刀区',724,420800),
	(1826,420822,'沙洋县',724,420800),
	(1827,420881,'钟祥市',724,420800),
	(1828,420882,'京山市',724,420800),
	(1829,420901,'市辖区',712,420900),
	(1830,420902,'孝南区',712,420900),
	(1831,420921,'孝昌县',712,420900),
	(1832,420922,'大悟县',712,420900),
	(1833,420923,'云梦县',712,420900),
	(1834,420981,'应城市',712,420900),
	(1835,420982,'安陆市',712,420900),
	(1836,420984,'汉川市',712,420900),
	(1837,421001,'市辖区',716,421000),
	(1838,421002,'沙市区',716,421000),
	(1839,421003,'荆州区',716,421000),
	(1840,421022,'公安县',716,421000),
	(1841,421023,'监利县',716,421000),
	(1842,421024,'江陵县',716,421000),
	(1843,421071,'荆州经济技术开发区',716,421000),
	(1844,421081,'石首市',716,421000),
	(1845,421083,'洪湖市',716,421000),
	(1846,421087,'松滋市',716,421000),
	(1847,421101,'市辖区',713,421100),
	(1848,421102,'黄州区',713,421100),
	(1849,421121,'团风县',713,421100),
	(1850,421122,'红安县',713,421100),
	(1851,421123,'罗田县',713,421100),
	(1852,421124,'英山县',713,421100),
	(1853,421125,'浠水县',713,421100),
	(1854,421126,'蕲春县',713,421100),
	(1855,421127,'黄梅县',713,421100),
	(1856,421171,'龙感湖管理区',713,421100),
	(1857,421181,'麻城市',713,421100),
	(1858,421182,'武穴市',713,421100),
	(1859,421201,'市辖区',715,421200),
	(1860,421202,'咸安区',715,421200),
	(1861,421221,'嘉鱼县',715,421200),
	(1862,421222,'通城县',715,421200),
	(1863,421223,'崇阳县',715,421200),
	(1864,421224,'通山县',715,421200),
	(1865,421281,'赤壁市',715,421200),
	(1866,421301,'市辖区',712,421300),
	(1867,421303,'曾都区',712,421300),
	(1868,421321,'随县',712,421300),
	(1869,421381,'广水市',712,421300),
	(1870,422801,'恩施市',718,422800),
	(1871,422802,'利川市',718,422800),
	(1872,422822,'建始县',718,422800),
	(1873,422823,'巴东县',718,422800),
	(1874,422825,'宣恩县',718,422800),
	(1875,422826,'咸丰县',718,422800),
	(1876,422827,'来凤县',718,422800),
	(1877,422828,'鹤峰县',718,422800),
	(1878,429004,'仙桃市',728,429000),
	(1879,429005,'潜江市',728,429000),
	(1880,429006,'天门市',728,429000),
	(1881,429021,'神农架林区',728,429000),
	(1882,430101,'市辖区',731,430100),
	(1883,430102,'芙蓉区',731,430100),
	(1884,430103,'天心区',731,430100),
	(1885,430104,'岳麓区',731,430100),
	(1886,430105,'开福区',731,430100),
	(1887,430111,'雨花区',731,430100),
	(1888,430112,'望城区',731,430100),
	(1889,430121,'长沙县',731,430100),
	(1890,430181,'浏阳市',731,430100),
	(1891,430182,'宁乡市',731,430100),
	(1892,430201,'市辖区',733,430200),
	(1893,430202,'荷塘区',733,430200),
	(1894,430203,'芦淞区',733,430200),
	(1895,430204,'石峰区',733,430200),
	(1896,430211,'天元区',733,430200),
	(1897,430212,'渌口区',733,430200),
	(1898,430223,'攸县',733,430200),
	(1899,430224,'茶陵县',733,430200),
	(1900,430225,'炎陵县',733,430200),
	(1901,430271,'云龙示范区',733,430200),
	(1902,430281,'醴陵市',733,430200),
	(1903,430301,'市辖区',732,430300),
	(1904,430302,'雨湖区',732,430300),
	(1905,430304,'岳塘区',732,430300),
	(1906,430321,'湘潭县',732,430300),
	(1907,430371,'湖南湘潭高新技术产业园区',732,430300),
	(1908,430372,'湘潭昭山示范区',732,430300),
	(1909,430373,'湘潭九华示范区',732,430300),
	(1910,430381,'湘乡市',732,430300),
	(1911,430382,'韶山市',732,430300),
	(1912,430401,'市辖区',734,430400),
	(1913,430405,'珠晖区',734,430400),
	(1914,430406,'雁峰区',734,430400),
	(1915,430407,'石鼓区',734,430400),
	(1916,430408,'蒸湘区',734,430400),
	(1917,430412,'南岳区',734,430400),
	(1918,430421,'衡阳县',734,430400),
	(1919,430422,'衡南县',734,430400),
	(1920,430423,'衡山县',734,430400),
	(1921,430424,'衡东县',734,430400),
	(1922,430426,'祁东县',734,430400),
	(1923,430471,'衡阳综合保税区',734,430400),
	(1924,430472,'湖南衡阳高新技术产业园区',734,430400),
	(1925,430473,'湖南衡阳松木经济开发区',734,430400),
	(1926,430481,'耒阳市',734,430400),
	(1927,430482,'常宁市',734,430400),
	(1928,430501,'市辖区',739,430500),
	(1929,430502,'双清区',739,430500),
	(1930,430503,'大祥区',739,430500),
	(1931,430511,'北塔区',739,430500),
	(1932,430521,'邵东县',739,430500),
	(1933,430522,'新邵县',739,430500),
	(1934,430523,'邵阳县',739,430500),
	(1935,430524,'隆回县',739,430500),
	(1936,430525,'洞口县',739,430500),
	(1937,430527,'绥宁县',739,430500),
	(1938,430528,'新宁县',739,430500),
	(1939,430529,'城步苗族自治县',739,430500),
	(1940,430581,'武冈市',739,430500),
	(1941,430601,'市辖区',730,430600),
	(1942,430602,'岳阳楼区',730,430600),
	(1943,430603,'云溪区',730,430600),
	(1944,430611,'君山区',730,430600),
	(1945,430621,'岳阳县',730,430600),
	(1946,430623,'华容县',730,430600),
	(1947,430624,'湘阴县',730,430600),
	(1948,430626,'平江县',730,430600),
	(1949,430671,'岳阳市屈原管理区',730,430600),
	(1950,430681,'汨罗市',730,430600),
	(1951,430682,'临湘市',730,430600),
	(1952,430701,'市辖区',736,430700),
	(1953,430702,'武陵区',736,430700),
	(1954,430703,'鼎城区',736,430700),
	(1955,430721,'安乡县',736,430700),
	(1956,430722,'汉寿县',736,430700),
	(1957,430723,'澧县',736,430700),
	(1958,430724,'临澧县',736,430700),
	(1959,430725,'桃源县',736,430700),
	(1960,430726,'石门县',736,430700),
	(1961,430771,'常德市西洞庭管理区',736,430700),
	(1962,430781,'津市市',736,430700),
	(1963,430801,'市辖区',744,430800),
	(1964,430802,'永定区',744,430800),
	(1965,430811,'武陵源区',744,430800),
	(1966,430821,'慈利县',744,430800),
	(1967,430822,'桑植县',744,430800),
	(1968,430901,'市辖区',737,430900),
	(1969,430902,'资阳区',737,430900),
	(1970,430903,'赫山区',737,430900),
	(1971,430921,'南县',737,430900),
	(1972,430922,'桃江县',737,430900),
	(1973,430923,'安化县',737,430900),
	(1974,430971,'益阳市大通湖管理区',737,430900),
	(1975,430972,'湖南益阳高新技术产业园区',737,430900),
	(1976,430981,'沅江市',737,430900),
	(1977,431001,'市辖区',735,431000),
	(1978,431002,'北湖区',735,431000),
	(1979,431003,'苏仙区',735,431000),
	(1980,431021,'桂阳县',735,431000),
	(1981,431022,'宜章县',735,431000),
	(1982,431023,'永兴县',735,431000),
	(1983,431024,'嘉禾县',735,431000),
	(1984,431025,'临武县',735,431000),
	(1985,431026,'汝城县',735,431000),
	(1986,431027,'桂东县',735,431000),
	(1987,431028,'安仁县',735,431000),
	(1988,431081,'资兴市',735,431000),
	(1989,431101,'市辖区',735,431100),
	(1990,431102,'零陵区',735,431100),
	(1991,431103,'冷水滩区',735,431100),
	(1992,431121,'祁阳县',735,431100),
	(1993,431122,'东安县',735,431100),
	(1994,431123,'双牌县',735,431100),
	(1995,431124,'道县',735,431100),
	(1996,431125,'江永县',735,431100),
	(1997,431126,'宁远县',735,431100),
	(1998,431127,'蓝山县',735,431100),
	(1999,431128,'新田县',735,431100),
	(2000,431129,'江华瑶族自治县',735,431100),
	(2001,431171,'永州经济技术开发区',735,431100),
	(2002,431172,'永州市金洞管理区',735,431100),
	(2003,431173,'永州市回龙圩管理区',735,431100),
	(2004,431201,'市辖区',745,431200),
	(2005,431202,'鹤城区',745,431200),
	(2006,431221,'中方县',745,431200),
	(2007,431222,'沅陵县',745,431200),
	(2008,431223,'辰溪县',745,431200),
	(2009,431224,'溆浦县',745,431200),
	(2010,431225,'会同县',745,431200),
	(2011,431226,'麻阳苗族自治县',745,431200),
	(2012,431227,'新晃侗族自治县',745,431200),
	(2013,431228,'芷江侗族自治县',745,431200),
	(2014,431229,'靖州苗族侗族自治县',745,431200),
	(2015,431230,'通道侗族自治县',745,431200),
	(2016,431271,'怀化市洪江管理区',745,431200),
	(2017,431281,'洪江市',745,431200),
	(2018,431301,'市辖区',738,431300),
	(2019,431302,'娄星区',738,431300),
	(2020,431321,'双峰县',738,431300),
	(2021,431322,'新化县',738,431300),
	(2022,431381,'冷水江市',738,431300),
	(2023,431382,'涟源市',738,431300),
	(2024,433101,'吉首市',743,433100),
	(2025,433122,'泸溪县',743,433100),
	(2026,433123,'凤凰县',743,433100),
	(2027,433124,'花垣县',743,433100),
	(2028,433125,'保靖县',743,433100),
	(2029,433126,'古丈县',743,433100),
	(2030,433127,'永顺县',743,433100),
	(2031,433130,'龙山县',743,433100),
	(2032,433172,'湖南吉首经济开发区',743,433100),
	(2033,433173,'湖南永顺经济开发区',743,433100),
	(2034,440101,'市辖区',20,440100),
	(2035,440103,'荔湾区',20,440100),
	(2036,440104,'越秀区',20,440100),
	(2037,440105,'海珠区',20,440100),
	(2038,440106,'天河区',20,440100),
	(2039,440111,'白云区',20,440100),
	(2040,440112,'黄埔区',20,440100),
	(2041,440113,'番禺区',20,440100),
	(2042,440114,'花都区',20,440100),
	(2043,440115,'南沙区',20,440100),
	(2044,440117,'从化区',20,440100),
	(2045,440118,'增城区',20,440100),
	(2046,440201,'市辖区',751,440200),
	(2047,440203,'武江区',751,440200),
	(2048,440204,'浈江区',751,440200),
	(2049,440205,'曲江区',751,440200),
	(2050,440222,'始兴县',751,440200),
	(2051,440224,'仁化县',751,440200),
	(2052,440229,'翁源县',751,440200),
	(2053,440232,'乳源瑶族自治县',751,440200),
	(2054,440233,'新丰县',751,440200),
	(2055,440281,'乐昌市',751,440200),
	(2056,440282,'南雄市',751,440200),
	(2057,440301,'市辖区',751,440300),
	(2058,440303,'罗湖区',751,440300),
	(2059,440304,'福田区',751,440300),
	(2060,440305,'南山区',751,440300),
	(2061,440306,'宝安区',751,440300),
	(2062,440307,'龙岗区',751,440300),
	(2063,440308,'盐田区',751,440300),
	(2064,440309,'龙华区',751,440300),
	(2065,440310,'坪山区',751,440300),
	(2066,440311,'光明区',751,440300),
	(2067,440401,'市辖区',756,440400),
	(2068,440402,'香洲区',756,440400),
	(2069,440403,'斗门区',756,440400),
	(2070,440404,'金湾区',756,440400),
	(2071,440501,'市辖区',754,440500),
	(2072,440507,'龙湖区',754,440500),
	(2073,440511,'金平区',754,440500),
	(2074,440512,'濠江区',754,440500),
	(2075,440513,'潮阳区',754,440500),
	(2076,440514,'潮南区',754,440500),
	(2077,440515,'澄海区',754,440500),
	(2078,440523,'南澳县',754,440500),
	(2079,440601,'市辖区',754,440600),
	(2080,440604,'禅城区',754,440600),
	(2081,440605,'南海区',754,440600),
	(2082,440606,'顺德区',754,440600),
	(2083,440607,'三水区',754,440600),
	(2084,440608,'高明区',754,440600),
	(2085,440701,'市辖区',750,440700),
	(2086,440703,'蓬江区',750,440700),
	(2087,440704,'江海区',750,440700),
	(2088,440705,'新会区',750,440700),
	(2089,440781,'台山市',750,440700),
	(2090,440783,'开平市',750,440700),
	(2091,440784,'鹤山市',750,440700),
	(2092,440785,'恩平市',750,440700),
	(2093,440801,'市辖区',759,440800),
	(2094,440802,'赤坎区',759,440800),
	(2095,440803,'霞山区',759,440800),
	(2096,440804,'坡头区',759,440800),
	(2097,440811,'麻章区',759,440800),
	(2098,440823,'遂溪县',759,440800),
	(2099,440825,'徐闻县',759,440800),
	(2100,440881,'廉江市',759,440800),
	(2101,440882,'雷州市',759,440800),
	(2102,440883,'吴川市',759,440800),
	(2103,440901,'市辖区',668,440900),
	(2104,440902,'茂南区',668,440900),
	(2105,440904,'电白区',668,440900),
	(2106,440981,'高州市',668,440900),
	(2107,440982,'化州市',668,440900),
	(2108,440983,'信宜市',668,440900),
	(2109,441201,'市辖区',758,441200),
	(2110,441202,'端州区',758,441200),
	(2111,441203,'鼎湖区',758,441200),
	(2112,441204,'高要区',758,441200),
	(2113,441223,'广宁县',758,441200),
	(2114,441224,'怀集县',758,441200),
	(2115,441225,'封开县',758,441200),
	(2116,441226,'德庆县',758,441200),
	(2117,441284,'四会市',758,441200),
	(2118,441301,'市辖区',752,441300),
	(2119,441302,'惠城区',752,441300),
	(2120,441303,'惠阳区',752,441300),
	(2121,441322,'博罗县',752,441300),
	(2122,441323,'惠东县',752,441300),
	(2123,441324,'龙门县',752,441300),
	(2124,441401,'市辖区',753,441400),
	(2125,441402,'梅江区',753,441400),
	(2126,441403,'梅县区',753,441400),
	(2127,441422,'大埔县',753,441400),
	(2128,441423,'丰顺县',753,441400),
	(2129,441424,'五华县',753,441400),
	(2130,441426,'平远县',753,441400),
	(2131,441427,'蕉岭县',753,441400),
	(2132,441481,'兴宁市',753,441400),
	(2133,441501,'市辖区',660,441500),
	(2134,441502,'城区',660,441500),
	(2135,441521,'海丰县',660,441500),
	(2136,441523,'陆河县',660,441500),
	(2137,441581,'陆丰市',660,441500),
	(2138,441601,'市辖区',762,441600),
	(2139,441602,'源城区',762,441600),
	(2140,441621,'紫金县',762,441600),
	(2141,441622,'龙川县',762,441600),
	(2142,441623,'连平县',762,441600),
	(2143,441624,'和平县',762,441600),
	(2144,441625,'东源县',762,441600),
	(2145,441701,'市辖区',662,441700),
	(2146,441702,'江城区',662,441700),
	(2147,441704,'阳东区',662,441700),
	(2148,441721,'阳西县',662,441700),
	(2149,441781,'阳春市',662,441700),
	(2150,441801,'市辖区',763,441800),
	(2151,441802,'清城区',763,441800),
	(2152,441803,'清新区',763,441800),
	(2153,441821,'佛冈县',763,441800),
	(2154,441823,'阳山县',763,441800),
	(2155,441825,'连山壮族瑶族自治县',763,441800),
	(2156,441826,'连南瑶族自治县',763,441800),
	(2157,441881,'英德市',763,441800),
	(2158,441882,'连州市',763,441800),
	(2159,445101,'市辖区',768,445100),
	(2160,445102,'湘桥区',768,445100),
	(2161,445103,'潮安区',768,445100),
	(2162,445122,'饶平县',768,445100),
	(2163,445201,'市辖区',663,445200),
	(2164,445202,'榕城区',663,445200),
	(2165,445203,'揭东区',663,445200),
	(2166,445222,'揭西县',663,445200),
	(2167,445224,'惠来县',663,445200),
	(2168,445281,'普宁市',663,445200),
	(2169,445301,'市辖区',766,445300),
	(2170,445302,'云城区',766,445300),
	(2171,445303,'云安区',766,445300),
	(2172,445321,'新兴县',766,445300),
	(2173,445322,'郁南县',766,445300),
	(2174,445381,'罗定市',766,445300),
	(2175,450101,'市辖区',771,450100),
	(2176,450102,'兴宁区',771,450100),
	(2177,450103,'青秀区',771,450100),
	(2178,450105,'江南区',771,450100),
	(2179,450107,'西乡塘区',771,450100),
	(2180,450108,'良庆区',771,450100),
	(2181,450109,'邕宁区',771,450100),
	(2182,450110,'武鸣区',771,450100),
	(2183,450123,'隆安县',771,450100),
	(2184,450124,'马山县',771,450100),
	(2185,450125,'上林县',771,450100),
	(2186,450126,'宾阳县',771,450100),
	(2187,450127,'横县',771,450100),
	(2188,450201,'市辖区',772,450200),
	(2189,450202,'城中区',772,450200),
	(2190,450203,'鱼峰区',772,450200),
	(2191,450204,'柳南区',772,450200),
	(2192,450205,'柳北区',772,450200),
	(2193,450206,'柳江区',772,450200),
	(2194,450222,'柳城县',772,450200),
	(2195,450223,'鹿寨县',772,450200),
	(2196,450224,'融安县',772,450200),
	(2197,450225,'融水苗族自治县',772,450200),
	(2198,450226,'三江侗族自治县',772,450200),
	(2199,450301,'市辖区',773,450300),
	(2200,450302,'秀峰区',773,450300),
	(2201,450303,'叠彩区',773,450300),
	(2202,450304,'象山区',773,450300),
	(2203,450305,'七星区',773,450300),
	(2204,450311,'雁山区',773,450300),
	(2205,450312,'临桂区',773,450300),
	(2206,450321,'阳朔县',773,450300),
	(2207,450323,'灵川县',773,450300),
	(2208,450324,'全州县',773,450300),
	(2209,450325,'兴安县',773,450300),
	(2210,450326,'永福县',773,450300),
	(2211,450327,'灌阳县',773,450300),
	(2212,450328,'龙胜各族自治县',773,450300),
	(2213,450329,'资源县',773,450300),
	(2214,450330,'平乐县',773,450300),
	(2215,450332,'恭城瑶族自治县',773,450300),
	(2216,450381,'荔浦市',773,450300),
	(2217,450401,'市辖区',774,450400),
	(2218,450403,'万秀区',774,450400),
	(2219,450405,'长洲区',774,450400),
	(2220,450406,'龙圩区',774,450400),
	(2221,450421,'苍梧县',774,450400),
	(2222,450422,'藤县',774,450400),
	(2223,450423,'蒙山县',774,450400),
	(2224,450481,'岑溪市',774,450400),
	(2225,450501,'市辖区',779,450500),
	(2226,450502,'海城区',779,450500),
	(2227,450503,'银海区',779,450500),
	(2228,450512,'铁山港区',779,450500),
	(2229,450521,'合浦县',779,450500),
	(2230,450601,'市辖区',770,450600),
	(2231,450602,'港口区',770,450600),
	(2232,450603,'防城区',770,450600),
	(2233,450621,'上思县',770,450600),
	(2234,450681,'东兴市',770,450600),
	(2235,450701,'市辖区',777,450700),
	(2236,450702,'钦南区',777,450700),
	(2237,450703,'钦北区',777,450700),
	(2238,450721,'灵山县',777,450700),
	(2239,450722,'浦北县',777,450700),
	(2240,450801,'市辖区',775,450800),
	(2241,450802,'港北区',775,450800),
	(2242,450803,'港南区',775,450800),
	(2243,450804,'覃塘区',775,450800),
	(2244,450821,'平南县',775,450800),
	(2245,450881,'桂平市',775,450800),
	(2246,450901,'市辖区',775,450900),
	(2247,450902,'玉州区',775,450900),
	(2248,450903,'福绵区',775,450900),
	(2249,450921,'容县',775,450900),
	(2250,450922,'陆川县',775,450900),
	(2251,450923,'博白县',775,450900),
	(2252,450924,'兴业县',775,450900),
	(2253,450981,'北流市',775,450900),
	(2254,451001,'市辖区',775,451000),
	(2255,451002,'右江区',775,451000),
	(2256,451021,'田阳县',775,451000),
	(2257,451022,'田东县',775,451000),
	(2258,451023,'平果县',775,451000),
	(2259,451024,'德保县',775,451000),
	(2260,451026,'那坡县',775,451000),
	(2261,451027,'凌云县',775,451000),
	(2262,451028,'乐业县',775,451000),
	(2263,451029,'田林县',775,451000),
	(2264,451030,'西林县',775,451000),
	(2265,451031,'隆林各族自治县',775,451000),
	(2266,451081,'靖西市',775,451000),
	(2267,451101,'市辖区',775,451100),
	(2268,451102,'八步区',775,451100),
	(2269,451103,'平桂区',775,451100),
	(2270,451121,'昭平县',775,451100),
	(2271,451122,'钟山县',775,451100),
	(2272,451123,'富川瑶族自治县',775,451100),
	(2273,451201,'市辖区',775,451200),
	(2274,451202,'金城江区',775,451200),
	(2275,451203,'宜州区',775,451200),
	(2276,451221,'南丹县',775,451200),
	(2277,451222,'天峨县',775,451200),
	(2278,451223,'凤山县',775,451200),
	(2279,451224,'东兰县',775,451200),
	(2280,451225,'罗城仫佬族自治县',775,451200),
	(2281,451226,'环江毛南族自治县',775,451200),
	(2282,451227,'巴马瑶族自治县',775,451200),
	(2283,451228,'都安瑶族自治县',775,451200),
	(2284,451229,'大化瑶族自治县',775,451200),
	(2285,451301,'市辖区',772,451300),
	(2286,451302,'兴宾区',772,451300),
	(2287,451321,'忻城县',772,451300),
	(2288,451322,'象州县',772,451300),
	(2289,451323,'武宣县',772,451300),
	(2290,451324,'金秀瑶族自治县',772,451300),
	(2291,451381,'合山市',772,451300),
	(2292,451401,'市辖区',771,451400),
	(2293,451402,'江州区',771,451400),
	(2294,451421,'扶绥县',771,451400),
	(2295,451422,'宁明县',771,451400),
	(2296,451423,'龙州县',771,451400),
	(2297,451424,'大新县',771,451400),
	(2298,451425,'天等县',771,451400),
	(2299,451481,'凭祥市',771,451400),
	(2300,460101,'市辖区',898,460100),
	(2301,460105,'秀英区',898,460100),
	(2302,460106,'龙华区',898,460100),
	(2303,460107,'琼山区',898,460100),
	(2304,460108,'美兰区',898,460100),
	(2305,460201,'市辖区',898,460200),
	(2306,460202,'海棠区',898,460200),
	(2307,460203,'吉阳区',898,460200),
	(2308,460204,'天涯区',898,460200),
	(2309,460205,'崖州区',898,460200),
	(2310,460321,'西沙群岛',898,460300),
	(2311,460322,'南沙群岛',898,460300),
	(2312,460323,'中沙群岛的岛礁及其海域',898,460300),
	(2313,469001,'五指山市',899,469000),
	(2314,469002,'琼海市',899,469000),
	(2315,469005,'文昌市',899,469000),
	(2316,469006,'万宁市',899,469000),
	(2317,469007,'东方市',899,469000),
	(2318,469021,'定安县',899,469000),
	(2319,469022,'屯昌县',899,469000),
	(2320,469023,'澄迈县',899,469000),
	(2321,469024,'临高县',899,469000),
	(2322,469025,'白沙黎族自治县',899,469000),
	(2323,469026,'昌江黎族自治县',899,469000),
	(2324,469027,'乐东黎族自治县',899,469000),
	(2325,469028,'陵水黎族自治县',899,469000),
	(2326,469029,'保亭黎族苗族自治县',899,469000),
	(2327,469030,'琼中黎族苗族自治县',899,469000),
	(2328,500101,'万州区',23,500100),
	(2329,500102,'涪陵区',23,500100),
	(2330,500103,'渝中区',23,500100),
	(2331,500104,'大渡口区',23,500100),
	(2332,500105,'江北区',23,500100),
	(2333,500106,'沙坪坝区',23,500100),
	(2334,500107,'九龙坡区',23,500100),
	(2335,500108,'南岸区',23,500100),
	(2336,500109,'北碚区',23,500100),
	(2337,500110,'綦江区',23,500100),
	(2338,500111,'大足区',23,500100),
	(2339,500112,'渝北区',23,500100),
	(2340,500113,'巴南区',23,500100),
	(2341,500114,'黔江区',23,500100),
	(2342,500115,'长寿区',23,500100),
	(2343,500116,'江津区',23,500100),
	(2344,500117,'合川区',23,500100),
	(2345,500118,'永川区',23,500100),
	(2346,500119,'南川区',23,500100),
	(2347,500120,'璧山区',23,500100),
	(2348,500151,'铜梁区',23,500100),
	(2349,500152,'潼南区',23,500100),
	(2350,500153,'荣昌区',23,500100),
	(2351,500154,'开州区',23,500100),
	(2352,500155,'梁平区',23,500100),
	(2353,500156,'武隆区',23,500100),
	(2354,500229,'城口县',23,500200),
	(2355,500230,'丰都县',23,500200),
	(2356,500231,'垫江县',23,500200),
	(2357,500233,'忠县',23,500200),
	(2358,500235,'云阳县',23,500200),
	(2359,500236,'奉节县',23,500200),
	(2360,500237,'巫山县',23,500200),
	(2361,500238,'巫溪县',23,500200),
	(2362,500240,'石柱土家族自治县',23,500200),
	(2363,500241,'秀山土家族苗族自治县',23,500200),
	(2364,500242,'酉阳土家族苗族自治县',23,500200),
	(2365,500243,'彭水苗族土家族自治县',23,500200),
	(2366,510101,'市辖区',28,510100),
	(2367,510104,'锦江区',28,510100),
	(2368,510105,'青羊区',28,510100),
	(2369,510106,'金牛区',28,510100),
	(2370,510107,'武侯区',28,510100),
	(2371,510108,'成华区',28,510100),
	(2372,510112,'龙泉驿区',28,510100),
	(2373,510113,'青白江区',28,510100),
	(2374,510114,'新都区',28,510100),
	(2375,510115,'温江区',28,510100),
	(2376,510116,'双流区',28,510100),
	(2377,510117,'郫都区',28,510100),
	(2378,510121,'金堂县',28,510100),
	(2379,510129,'大邑县',28,510100),
	(2380,510131,'蒲江县',28,510100),
	(2381,510132,'新津县',28,510100),
	(2382,510181,'都江堰市',28,510100),
	(2383,510182,'彭州市',28,510100),
	(2384,510183,'邛崃市',28,510100),
	(2385,510184,'崇州市',28,510100),
	(2386,510185,'简阳市',28,510100),
	(2387,510301,'市辖区',813,510300),
	(2388,510302,'自流井区',813,510300),
	(2389,510303,'贡井区',813,510300),
	(2390,510304,'大安区',813,510300),
	(2391,510311,'沿滩区',813,510300),
	(2392,510321,'荣县',813,510300),
	(2393,510322,'富顺县',813,510300),
	(2394,510401,'市辖区',812,510400),
	(2395,510402,'东区',812,510400),
	(2396,510403,'西区',812,510400),
	(2397,510411,'仁和区',812,510400),
	(2398,510421,'米易县',812,510400),
	(2399,510422,'盐边县',812,510400),
	(2400,510501,'市辖区',830,510500),
	(2401,510502,'江阳区',830,510500),
	(2402,510503,'纳溪区',830,510500),
	(2403,510504,'龙马潭区',830,510500),
	(2404,510521,'泸县',830,510500),
	(2405,510522,'合江县',830,510500),
	(2406,510524,'叙永县',830,510500),
	(2407,510525,'古蔺县',830,510500),
	(2408,510601,'市辖区',838,510600),
	(2409,510603,'旌阳区',838,510600),
	(2410,510604,'罗江区',838,510600),
	(2411,510623,'中江县',838,510600),
	(2412,510681,'广汉市',838,510600),
	(2413,510682,'什邡市',838,510600),
	(2414,510683,'绵竹市',838,510600),
	(2415,510701,'市辖区',816,510700),
	(2416,510703,'涪城区',816,510700),
	(2417,510704,'游仙区',816,510700),
	(2418,510705,'安州区',816,510700),
	(2419,510722,'三台县',816,510700),
	(2420,510723,'盐亭县',816,510700),
	(2421,510725,'梓潼县',816,510700),
	(2422,510726,'北川羌族自治县',816,510700),
	(2423,510727,'平武县',816,510700),
	(2424,510781,'江油市',816,510700),
	(2425,510801,'市辖区',839,510800),
	(2426,510802,'利州区',839,510800),
	(2427,510811,'昭化区',839,510800),
	(2428,510812,'朝天区',839,510800),
	(2429,510821,'旺苍县',839,510800),
	(2430,510822,'青川县',839,510800),
	(2431,510823,'剑阁县',839,510800),
	(2432,510824,'苍溪县',839,510800),
	(2433,510901,'市辖区',825,510900),
	(2434,510903,'船山区',825,510900),
	(2435,510904,'安居区',825,510900),
	(2436,510921,'蓬溪县',825,510900),
	(2437,510922,'射洪县',825,510900),
	(2438,510923,'大英县',825,510900),
	(2439,511001,'市辖区',832,511000),
	(2440,511002,'市中区',832,511000),
	(2441,511011,'东兴区',832,511000),
	(2442,511024,'威远县',832,511000),
	(2443,511025,'资中县',832,511000),
	(2444,511071,'内江经济开发区',832,511000),
	(2445,511083,'隆昌市',832,511000),
	(2446,511101,'市辖区',833,511100),
	(2447,511102,'市中区',833,511100),
	(2448,511111,'沙湾区',833,511100),
	(2449,511112,'五通桥区',833,511100),
	(2450,511113,'金口河区',833,511100),
	(2451,511123,'犍为县',833,511100),
	(2452,511124,'井研县',833,511100),
	(2453,511126,'夹江县',833,511100),
	(2454,511129,'沐川县',833,511100),
	(2455,511132,'峨边彝族自治县',833,511100),
	(2456,511133,'马边彝族自治县',833,511100),
	(2457,511181,'峨眉山市',833,511100),
	(2458,511301,'市辖区',817,511300),
	(2459,511302,'顺庆区',817,511300),
	(2460,511303,'高坪区',817,511300),
	(2461,511304,'嘉陵区',817,511300),
	(2462,511321,'南部县',817,511300),
	(2463,511322,'营山县',817,511300),
	(2464,511323,'蓬安县',817,511300),
	(2465,511324,'仪陇县',817,511300),
	(2466,511325,'西充县',817,511300),
	(2467,511381,'阆中市',817,511300),
	(2468,511401,'市辖区',833,511400),
	(2469,511402,'东坡区',833,511400),
	(2470,511403,'彭山区',833,511400),
	(2471,511421,'仁寿县',833,511400),
	(2472,511423,'洪雅县',833,511400),
	(2473,511424,'丹棱县',833,511400),
	(2474,511425,'青神县',833,511400),
	(2475,511501,'市辖区',831,511500),
	(2476,511502,'翠屏区',831,511500),
	(2477,511503,'南溪区',831,511500),
	(2478,511504,'叙州区',831,511500),
	(2479,511523,'江安县',831,511500),
	(2480,511524,'长宁县',831,511500),
	(2481,511525,'高县',831,511500),
	(2482,511526,'珙县',831,511500),
	(2483,511527,'筠连县',831,511500),
	(2484,511528,'兴文县',831,511500),
	(2485,511529,'屏山县',831,511500),
	(2486,511601,'市辖区',826,511600),
	(2487,511602,'广安区',826,511600),
	(2488,511603,'前锋区',826,511600),
	(2489,511621,'岳池县',826,511600),
	(2490,511622,'武胜县',826,511600),
	(2491,511623,'邻水县',826,511600),
	(2492,511681,'华蓥市',826,511600),
	(2493,511701,'市辖区',818,511700),
	(2494,511702,'通川区',818,511700),
	(2495,511703,'达川区',818,511700),
	(2496,511722,'宣汉县',818,511700),
	(2497,511723,'开江县',818,511700),
	(2498,511724,'大竹县',818,511700),
	(2499,511725,'渠县',818,511700),
	(2500,511771,'达州经济开发区',818,511700),
	(2501,511781,'万源市',818,511700),
	(2502,511801,'市辖区',835,511800),
	(2503,511802,'雨城区',835,511800),
	(2504,511803,'名山区',835,511800),
	(2505,511822,'荥经县',835,511800),
	(2506,511823,'汉源县',835,511800),
	(2507,511824,'石棉县',835,511800),
	(2508,511825,'天全县',835,511800),
	(2509,511826,'芦山县',835,511800),
	(2510,511827,'宝兴县',835,511800),
	(2511,511901,'市辖区',827,511900),
	(2512,511902,'巴州区',827,511900),
	(2513,511903,'恩阳区',827,511900),
	(2514,511921,'通江县',827,511900),
	(2515,511922,'南江县',827,511900),
	(2516,511923,'平昌县',827,511900),
	(2517,511971,'巴中经济开发区',827,511900),
	(2518,512001,'市辖区',832,512000),
	(2519,512002,'雁江区',832,512000),
	(2520,512021,'安岳县',832,512000),
	(2521,512022,'乐至县',832,512000),
	(2522,513201,'马尔康市',832,513200),
	(2523,513221,'汶川县',832,513200),
	(2524,513222,'理县',832,513200),
	(2525,513223,'茂县',832,513200),
	(2526,513224,'松潘县',832,513200),
	(2527,513225,'九寨沟县',832,513200),
	(2528,513226,'金川县',832,513200),
	(2529,513227,'小金县',832,513200),
	(2530,513228,'黑水县',832,513200),
	(2531,513230,'壤塘县',832,513200),
	(2532,513231,'阿坝县',832,513200),
	(2533,513232,'若尔盖县',832,513200),
	(2534,513233,'红原县',832,513200),
	(2535,513301,'康定市',832,513300),
	(2536,513322,'泸定县',832,513300),
	(2537,513323,'丹巴县',832,513300),
	(2538,513324,'九龙县',832,513300),
	(2539,513325,'雅江县',832,513300),
	(2540,513326,'道孚县',832,513300),
	(2541,513327,'炉霍县',832,513300),
	(2542,513328,'甘孜县',832,513300),
	(2543,513329,'新龙县',832,513300),
	(2544,513330,'德格县',832,513300),
	(2545,513331,'白玉县',832,513300),
	(2546,513332,'石渠县',832,513300),
	(2547,513333,'色达县',832,513300),
	(2548,513334,'理塘县',832,513300),
	(2549,513335,'巴塘县',832,513300),
	(2550,513336,'乡城县',832,513300),
	(2551,513337,'稻城县',832,513300),
	(2552,513338,'得荣县',832,513300),
	(2553,513401,'西昌市',834,513400),
	(2554,513422,'木里藏族自治县',834,513400),
	(2555,513423,'盐源县',834,513400),
	(2556,513424,'德昌县',834,513400),
	(2557,513425,'会理县',834,513400),
	(2558,513426,'会东县',834,513400),
	(2559,513427,'宁南县',834,513400),
	(2560,513428,'普格县',834,513400),
	(2561,513429,'布拖县',834,513400),
	(2562,513430,'金阳县',834,513400),
	(2563,513431,'昭觉县',834,513400),
	(2564,513432,'喜德县',834,513400),
	(2565,513433,'冕宁县',834,513400),
	(2566,513434,'越西县',834,513400),
	(2567,513435,'甘洛县',834,513400),
	(2568,513436,'美姑县',834,513400),
	(2569,513437,'雷波县',834,513400),
	(2570,520101,'市辖区',851,520100),
	(2571,520102,'南明区',851,520100),
	(2572,520103,'云岩区',851,520100),
	(2573,520111,'花溪区',851,520100),
	(2574,520112,'乌当区',851,520100),
	(2575,520113,'白云区',851,520100),
	(2576,520115,'观山湖区',851,520100),
	(2577,520121,'开阳县',851,520100),
	(2578,520122,'息烽县',851,520100),
	(2579,520123,'修文县',851,520100),
	(2580,520181,'清镇市',851,520100),
	(2581,520201,'钟山区',851,520200),
	(2582,520203,'六枝特区',851,520200),
	(2583,520221,'水城县',851,520200),
	(2584,520281,'盘州市',851,520200),
	(2585,520301,'市辖区',852,520300),
	(2586,520302,'红花岗区',852,520300),
	(2587,520303,'汇川区',852,520300),
	(2588,520304,'播州区',852,520300),
	(2589,520322,'桐梓县',852,520300),
	(2590,520323,'绥阳县',852,520300),
	(2591,520324,'正安县',852,520300),
	(2592,520325,'道真仡佬族苗族自治县',852,520300),
	(2593,520326,'务川仡佬族苗族自治县',852,520300),
	(2594,520327,'凤冈县',852,520300),
	(2595,520328,'湄潭县',852,520300),
	(2596,520329,'余庆县',852,520300),
	(2597,520330,'习水县',852,520300),
	(2598,520381,'赤水市',852,520300),
	(2599,520382,'仁怀市',852,520300),
	(2600,520401,'市辖区',853,520400),
	(2601,520402,'西秀区',853,520400),
	(2602,520403,'平坝区',853,520400),
	(2603,520422,'普定县',853,520400),
	(2604,520423,'镇宁布依族苗族自治县',853,520400),
	(2605,520424,'关岭布依族苗族自治县',853,520400),
	(2606,520425,'紫云苗族布依族自治县',853,520400),
	(2607,520501,'市辖区',857,520500),
	(2608,520502,'七星关区',857,520500),
	(2609,520521,'大方县',857,520500),
	(2610,520522,'黔西县',857,520500),
	(2611,520523,'金沙县',857,520500),
	(2612,520524,'织金县',857,520500),
	(2613,520525,'纳雍县',857,520500),
	(2614,520526,'威宁彝族回族苗族自治县',857,520500),
	(2615,520527,'赫章县',857,520500),
	(2616,520601,'市辖区',856,520600),
	(2617,520602,'碧江区',856,520600),
	(2618,520603,'万山区',856,520600),
	(2619,520621,'江口县',856,520600),
	(2620,520622,'玉屏侗族自治县',856,520600),
	(2621,520623,'石阡县',856,520600),
	(2622,520624,'思南县',856,520600),
	(2623,520625,'印江土家族苗族自治县',856,520600),
	(2624,520626,'德江县',856,520600),
	(2625,520627,'沿河土家族自治县',856,520600),
	(2626,520628,'松桃苗族自治县',856,520600),
	(2627,522301,'兴义市',856,522300),
	(2628,522302,'兴仁市',856,522300),
	(2629,522323,'普安县',856,522300),
	(2630,522324,'晴隆县',856,522300),
	(2631,522325,'贞丰县',856,522300),
	(2632,522326,'望谟县',856,522300),
	(2633,522327,'册亨县',856,522300),
	(2634,522328,'安龙县',856,522300),
	(2635,522601,'凯里市',855,522600),
	(2636,522622,'黄平县',855,522600),
	(2637,522623,'施秉县',855,522600),
	(2638,522624,'三穗县',855,522600),
	(2639,522625,'镇远县',855,522600),
	(2640,522626,'岑巩县',855,522600),
	(2641,522627,'天柱县',855,522600),
	(2642,522628,'锦屏县',855,522600),
	(2643,522629,'剑河县',855,522600),
	(2644,522630,'台江县',855,522600),
	(2645,522631,'黎平县',855,522600),
	(2646,522632,'榕江县',855,522600),
	(2647,522633,'从江县',855,522600),
	(2648,522634,'雷山县',855,522600),
	(2649,522635,'麻江县',855,522600),
	(2650,522636,'丹寨县',855,522600),
	(2651,522701,'都匀市',854,522700),
	(2652,522702,'福泉市',854,522700),
	(2653,522722,'荔波县',854,522700),
	(2654,522723,'贵定县',854,522700),
	(2655,522725,'瓮安县',854,522700),
	(2656,522726,'独山县',854,522700),
	(2657,522727,'平塘县',854,522700),
	(2658,522728,'罗甸县',854,522700),
	(2659,522729,'长顺县',854,522700),
	(2660,522730,'龙里县',854,522700),
	(2661,522731,'惠水县',854,522700),
	(2662,522732,'三都水族自治县',854,522700),
	(2663,530101,'市辖区',871,530100),
	(2664,530102,'五华区',871,530100),
	(2665,530103,'盘龙区',871,530100),
	(2666,530111,'官渡区',871,530100),
	(2667,530112,'西山区',871,530100),
	(2668,530113,'东川区',871,530100),
	(2669,530114,'呈贡区',871,530100),
	(2670,530115,'晋宁区',871,530100),
	(2671,530124,'富民县',871,530100),
	(2672,530125,'宜良县',871,530100),
	(2673,530126,'石林彝族自治县',871,530100),
	(2674,530127,'嵩明县',871,530100),
	(2675,530128,'禄劝彝族苗族自治县',871,530100),
	(2676,530129,'寻甸回族彝族自治县',871,530100),
	(2677,530181,'安宁市',871,530100),
	(2678,530301,'市辖区',874,530300),
	(2679,530302,'麒麟区',874,530300),
	(2680,530303,'沾益区',874,530300),
	(2681,530304,'马龙区',874,530300),
	(2682,530322,'陆良县',874,530300),
	(2683,530323,'师宗县',874,530300),
	(2684,530324,'罗平县',874,530300),
	(2685,530325,'富源县',874,530300),
	(2686,530326,'会泽县',874,530300),
	(2687,530381,'宣威市',874,530300),
	(2688,530401,'市辖区',877,530400),
	(2689,530402,'红塔区',877,530400),
	(2690,530403,'江川区',877,530400),
	(2691,530422,'澄江县',877,530400),
	(2692,530423,'通海县',877,530400),
	(2693,530424,'华宁县',877,530400),
	(2694,530425,'易门县',877,530400),
	(2695,530426,'峨山彝族自治县',877,530400),
	(2696,530427,'新平彝族傣族自治县',877,530400),
	(2697,530428,'元江哈尼族彝族傣族自治县',877,530400),
	(2698,530501,'市辖区',875,530500),
	(2699,530502,'隆阳区',875,530500),
	(2700,530521,'施甸县',875,530500),
	(2701,530523,'龙陵县',875,530500),
	(2702,530524,'昌宁县',875,530500),
	(2703,530581,'腾冲市',875,530500),
	(2704,530601,'市辖区',870,530600),
	(2705,530602,'昭阳区',870,530600),
	(2706,530621,'鲁甸县',870,530600),
	(2707,530622,'巧家县',870,530600),
	(2708,530623,'盐津县',870,530600),
	(2709,530624,'大关县',870,530600),
	(2710,530625,'永善县',870,530600),
	(2711,530626,'绥江县',870,530600),
	(2712,530627,'镇雄县',870,530600),
	(2713,530628,'彝良县',870,530600),
	(2714,530629,'威信县',870,530600),
	(2715,530681,'水富市',870,530600),
	(2716,530701,'市辖区',888,530700),
	(2717,530702,'古城区',888,530700),
	(2718,530721,'玉龙纳西族自治县',888,530700),
	(2719,530722,'永胜县',888,530700),
	(2720,530723,'华坪县',888,530700),
	(2721,530724,'宁蒗彝族自治县',888,530700),
	(2722,530801,'市辖区',879,530800),
	(2723,530802,'思茅区',879,530800),
	(2724,530821,'宁洱哈尼族彝族自治县',879,530800),
	(2725,530822,'墨江哈尼族自治县',879,530800),
	(2726,530823,'景东彝族自治县',879,530800),
	(2727,530824,'景谷傣族彝族自治县',879,530800),
	(2728,530825,'镇沅彝族哈尼族拉祜族自治县',879,530800),
	(2729,530826,'江城哈尼族彝族自治县',879,530800),
	(2730,530827,'孟连傣族拉祜族佤族自治县',879,530800),
	(2731,530828,'澜沧拉祜族自治县',879,530800),
	(2732,530829,'西盟佤族自治县',879,530800),
	(2733,530901,'市辖区',883,530900),
	(2734,530902,'临翔区',883,530900),
	(2735,530921,'凤庆县',883,530900),
	(2736,530922,'云县',883,530900),
	(2737,530923,'永德县',883,530900),
	(2738,530924,'镇康县',883,530900),
	(2739,530925,'双江拉祜族佤族布朗族傣族自治县',883,530900),
	(2740,530926,'耿马傣族佤族自治县',883,530900),
	(2741,530927,'沧源佤族自治县',883,530900),
	(2742,532301,'楚雄市',878,532300),
	(2743,532322,'双柏县',878,532300),
	(2744,532323,'牟定县',878,532300),
	(2745,532324,'南华县',878,532300),
	(2746,532325,'姚安县',878,532300),
	(2747,532326,'大姚县',878,532300),
	(2748,532327,'永仁县',878,532300),
	(2749,532328,'元谋县',878,532300),
	(2750,532329,'武定县',878,532300),
	(2751,532331,'禄丰县',878,532300),
	(2752,532501,'个旧市',873,532500),
	(2753,532502,'开远市',873,532500),
	(2754,532503,'蒙自市',873,532500),
	(2755,532504,'弥勒市',873,532500),
	(2756,532523,'屏边苗族自治县',873,532500),
	(2757,532524,'建水县',873,532500),
	(2758,532525,'石屏县',873,532500),
	(2759,532527,'泸西县',873,532500),
	(2760,532528,'元阳县',873,532500),
	(2761,532529,'红河县',873,532500),
	(2762,532530,'金平苗族瑶族傣族自治县',873,532500),
	(2763,532531,'绿春县',873,532500),
	(2764,532532,'河口瑶族自治县',873,532500),
	(2765,532601,'文山市',873,532600),
	(2766,532622,'砚山县',873,532600),
	(2767,532623,'西畴县',873,532600),
	(2768,532624,'麻栗坡县',873,532600),
	(2769,532625,'马关县',873,532600),
	(2770,532626,'丘北县',873,532600),
	(2771,532627,'广南县',873,532600),
	(2772,532628,'富宁县',873,532600),
	(2773,532801,'景洪市',691,532800),
	(2774,532822,'勐海县',691,532800),
	(2775,532823,'勐腊县',691,532800),
	(2776,532901,'大理市',872,532900),
	(2777,532922,'漾濞彝族自治县',872,532900),
	(2778,532923,'祥云县',872,532900),
	(2779,532924,'宾川县',872,532900),
	(2780,532925,'弥渡县',872,532900),
	(2781,532926,'南涧彝族自治县',872,532900),
	(2782,532927,'巍山彝族回族自治县',872,532900),
	(2783,532928,'永平县',872,532900),
	(2784,532929,'云龙县',872,532900),
	(2785,532930,'洱源县',872,532900),
	(2786,532931,'剑川县',872,532900),
	(2787,532932,'鹤庆县',872,532900),
	(2788,533102,'瑞丽市',692,533100),
	(2789,533103,'芒市',692,533100),
	(2790,533122,'梁河县',692,533100),
	(2791,533123,'盈江县',692,533100),
	(2792,533124,'陇川县',692,533100),
	(2793,533301,'泸水市',888,533300),
	(2794,533323,'福贡县',888,533300),
	(2795,533324,'贡山独龙族怒族自治县',888,533300),
	(2796,533325,'兰坪白族普米族自治县',888,533300),
	(2797,533401,'香格里拉市',888,533400),
	(2798,533422,'德钦县',888,533400),
	(2799,533423,'维西傈僳族自治县',888,533400),
	(2800,540101,'市辖区',891,540100),
	(2801,540102,'城关区',891,540100),
	(2802,540103,'堆龙德庆区',891,540100),
	(2803,540104,'达孜区',891,540100),
	(2804,540121,'林周县',891,540100),
	(2805,540122,'当雄县',891,540100),
	(2806,540123,'尼木县',891,540100),
	(2807,540124,'曲水县',891,540100),
	(2808,540127,'墨竹工卡县',891,540100),
	(2809,540171,'格尔木藏青工业园区',891,540100),
	(2810,540172,'拉萨经济技术开发区',891,540100),
	(2811,540173,'西藏文化旅游创意园区',891,540100),
	(2812,540174,'达孜工业园区',891,540100),
	(2813,540202,'桑珠孜区',892,540200),
	(2814,540221,'南木林县',892,540200),
	(2815,540222,'江孜县',892,540200),
	(2816,540223,'定日县',892,540200),
	(2817,540224,'萨迦县',892,540200),
	(2818,540225,'拉孜县',892,540200),
	(2819,540226,'昂仁县',892,540200),
	(2820,540227,'谢通门县',892,540200),
	(2821,540228,'白朗县',892,540200),
	(2822,540229,'仁布县',892,540200),
	(2823,540230,'康马县',892,540200),
	(2824,540231,'定结县',892,540200),
	(2825,540232,'仲巴县',892,540200),
	(2826,540233,'亚东县',892,540200),
	(2827,540234,'吉隆县',892,540200),
	(2828,540235,'聂拉木县',892,540200),
	(2829,540236,'萨嘎县',892,540200),
	(2830,540237,'岗巴县',892,540200),
	(2831,540302,'卡若区',895,540300),
	(2832,540321,'江达县',895,540300),
	(2833,540322,'贡觉县',895,540300),
	(2834,540323,'类乌齐县',895,540300),
	(2835,540324,'丁青县',895,540300),
	(2836,540325,'察雅县',895,540300),
	(2837,540326,'八宿县',895,540300),
	(2838,540327,'左贡县',895,540300),
	(2839,540328,'芒康县',895,540300),
	(2840,540329,'洛隆县',895,540300),
	(2841,540330,'边坝县',895,540300),
	(2842,540402,'巴宜区',894,540400),
	(2843,540421,'工布江达县',894,540400),
	(2844,540422,'米林县',894,540400),
	(2845,540423,'墨脱县',894,540400),
	(2846,540424,'波密县',894,540400),
	(2847,540425,'察隅县',894,540400),
	(2848,540426,'朗县',894,540400),
	(2849,540501,'市辖区',893,540500),
	(2850,540502,'乃东区',893,540500),
	(2851,540521,'扎囊县',893,540500),
	(2852,540522,'贡嘎县',893,540500),
	(2853,540523,'桑日县',893,540500),
	(2854,540524,'琼结县',893,540500),
	(2855,540525,'曲松县',893,540500),
	(2856,540526,'措美县',893,540500),
	(2857,540527,'洛扎县',893,540500),
	(2858,540528,'加查县',893,540500),
	(2859,540529,'隆子县',893,540500),
	(2860,540530,'错那县',893,540500),
	(2861,540531,'浪卡子县',893,540500),
	(2862,540602,'色尼区',896,540600),
	(2863,540621,'嘉黎县',896,540600),
	(2864,540622,'比如县',896,540600),
	(2865,540623,'聂荣县',896,540600),
	(2866,540624,'安多县',896,540600),
	(2867,540625,'申扎县',896,540600),
	(2868,540626,'索县',896,540600),
	(2869,540627,'班戈县',896,540600),
	(2870,540628,'巴青县',896,540600),
	(2871,540629,'尼玛县',896,540600),
	(2872,540630,'双湖县',896,540600),
	(2873,542521,'普兰县',897,542500),
	(2874,542522,'札达县',897,542500),
	(2875,542523,'噶尔县',897,542500),
	(2876,542524,'日土县',897,542500),
	(2877,542525,'革吉县',897,542500),
	(2878,542526,'改则县',897,542500),
	(2879,542527,'措勤县',897,542500),
	(2880,610101,'市辖区',29,610100),
	(2881,610102,'新城区',29,610100),
	(2882,610103,'碑林区',29,610100),
	(2883,610104,'莲湖区',29,610100),
	(2884,610111,'灞桥区',29,610100),
	(2885,610112,'未央区',29,610100),
	(2886,610113,'雁塔区',29,610100),
	(2887,610114,'阎良区',29,610100),
	(2888,610115,'临潼区',29,610100),
	(2889,610116,'长安区',29,610100),
	(2890,610117,'高陵区',29,610100),
	(2891,610118,'鄠邑区',29,610100),
	(2892,610122,'蓝田县',29,610100),
	(2893,610124,'周至县',29,610100),
	(2894,610201,'市辖区',919,610200),
	(2895,610202,'王益区',919,610200),
	(2896,610203,'印台区',919,610200),
	(2897,610204,'耀州区',919,610200),
	(2898,610222,'宜君县',919,610200),
	(2899,610301,'市辖区',917,610300),
	(2900,610302,'渭滨区',917,610300),
	(2901,610303,'金台区',917,610300),
	(2902,610304,'陈仓区',917,610300),
	(2903,610322,'凤翔县',917,610300),
	(2904,610323,'岐山县',917,610300),
	(2905,610324,'扶风县',917,610300),
	(2906,610326,'眉县',917,610300),
	(2907,610327,'陇县',917,610300),
	(2908,610328,'千阳县',917,610300),
	(2909,610329,'麟游县',917,610300),
	(2910,610330,'凤县',917,610300),
	(2911,610331,'太白县',917,610300),
	(2912,610401,'市辖区',910,610400),
	(2913,610402,'秦都区',910,610400),
	(2914,610403,'杨陵区',910,610400),
	(2915,610404,'渭城区',910,610400),
	(2916,610422,'三原县',910,610400),
	(2917,610423,'泾阳县',910,610400),
	(2918,610424,'乾县',910,610400),
	(2919,610425,'礼泉县',910,610400),
	(2920,610426,'永寿县',910,610400),
	(2921,610428,'长武县',910,610400),
	(2922,610429,'旬邑县',910,610400),
	(2923,610430,'淳化县',910,610400),
	(2924,610431,'武功县',910,610400),
	(2925,610481,'兴平市',910,610400),
	(2926,610482,'彬州市',910,610400),
	(2927,610501,'市辖区',913,610500),
	(2928,610502,'临渭区',913,610500),
	(2929,610503,'华州区',913,610500),
	(2930,610522,'潼关县',913,610500),
	(2931,610523,'大荔县',913,610500),
	(2932,610524,'合阳县',913,610500),
	(2933,610525,'澄城县',913,610500),
	(2934,610526,'蒲城县',913,610500),
	(2935,610527,'白水县',913,610500),
	(2936,610528,'富平县',913,610500),
	(2937,610581,'韩城市',913,610500),
	(2938,610582,'华阴市',913,610500),
	(2939,610601,'市辖区',911,610600),
	(2940,610602,'宝塔区',911,610600),
	(2941,610603,'安塞区',911,610600),
	(2942,610621,'延长县',911,610600),
	(2943,610622,'延川县',911,610600),
	(2944,610623,'子长县',911,610600),
	(2945,610625,'志丹县',911,610600),
	(2946,610626,'吴起县',911,610600),
	(2947,610627,'甘泉县',911,610600),
	(2948,610628,'富县',911,610600),
	(2949,610629,'洛川县',911,610600),
	(2950,610630,'宜川县',911,610600),
	(2951,610631,'黄龙县',911,610600),
	(2952,610632,'黄陵县',911,610600),
	(2953,610701,'市辖区',916,610700),
	(2954,610702,'汉台区',916,610700),
	(2955,610703,'南郑区',916,610700),
	(2956,610722,'城固县',916,610700),
	(2957,610723,'洋县',916,610700),
	(2958,610724,'西乡县',916,610700),
	(2959,610725,'勉县',916,610700),
	(2960,610726,'宁强县',916,610700),
	(2961,610727,'略阳县',916,610700),
	(2962,610728,'镇巴县',916,610700),
	(2963,610729,'留坝县',916,610700),
	(2964,610730,'佛坪县',916,610700),
	(2965,610801,'市辖区',912,610800),
	(2966,610802,'榆阳区',912,610800),
	(2967,610803,'横山区',912,610800),
	(2968,610822,'府谷县',912,610800),
	(2969,610824,'靖边县',912,610800),
	(2970,610825,'定边县',912,610800),
	(2971,610826,'绥德县',912,610800),
	(2972,610827,'米脂县',912,610800),
	(2973,610828,'佳县',912,610800),
	(2974,610829,'吴堡县',912,610800),
	(2975,610830,'清涧县',912,610800),
	(2976,610831,'子洲县',912,610800),
	(2977,610881,'神木市',912,610800),
	(2978,610901,'市辖区',915,610900),
	(2979,610902,'汉滨区',915,610900),
	(2980,610921,'汉阴县',915,610900),
	(2981,610922,'石泉县',915,610900),
	(2982,610923,'宁陕县',915,610900),
	(2983,610924,'紫阳县',915,610900),
	(2984,610925,'岚皋县',915,610900),
	(2985,610926,'平利县',915,610900),
	(2986,610927,'镇坪县',915,610900),
	(2987,610928,'旬阳县',915,610900),
	(2988,610929,'白河县',915,610900),
	(2989,611001,'市辖区',914,611000),
	(2990,611002,'商州区',914,611000),
	(2991,611021,'洛南县',914,611000),
	(2992,611022,'丹凤县',914,611000),
	(2993,611023,'商南县',914,611000),
	(2994,611024,'山阳县',914,611000),
	(2995,611025,'镇安县',914,611000),
	(2996,611026,'柞水县',914,611000),
	(2997,620101,'市辖区',931,620100),
	(2998,620102,'城关区',931,620100),
	(2999,620103,'七里河区',931,620100),
	(3000,620104,'西固区',931,620100),
	(3001,620105,'安宁区',931,620100),
	(3002,620111,'红古区',931,620100),
	(3003,620121,'永登县',931,620100),
	(3004,620122,'皋兰县',931,620100),
	(3005,620123,'榆中县',931,620100),
	(3006,620171,'兰州新区',931,620100),
	(3007,620201,'市辖区',937,620200),
	(3008,620301,'市辖区',935,620300),
	(3009,620302,'金川区',935,620300),
	(3010,620321,'永昌县',935,620300),
	(3011,620401,'市辖区',935,620400),
	(3012,620402,'白银区',943,620400),
	(3013,620403,'平川区',943,620400),
	(3014,620421,'靖远县',943,620400),
	(3015,620422,'会宁县',943,620400),
	(3016,620423,'景泰县',943,620400),
	(3017,620501,'市辖区',938,620500),
	(3018,620502,'秦州区',938,620500),
	(3019,620503,'麦积区',938,620500),
	(3020,620521,'清水县',938,620500),
	(3021,620522,'秦安县',938,620500),
	(3022,620523,'甘谷县',938,620500),
	(3023,620524,'武山县',938,620500),
	(3024,620525,'张家川回族自治县',938,620500),
	(3025,620601,'市辖区',935,620600),
	(3026,620602,'凉州区',935,620600),
	(3027,620621,'民勤县',935,620600),
	(3028,620622,'古浪县',935,620600),
	(3029,620623,'天祝藏族自治县',935,620600),
	(3030,620701,'市辖区',936,620700),
	(3031,620702,'甘州区',936,620700),
	(3032,620721,'肃南裕固族自治县',936,620700),
	(3033,620722,'民乐县',936,620700),
	(3034,620723,'临泽县',936,620700),
	(3035,620724,'高台县',936,620700),
	(3036,620725,'山丹县',936,620700),
	(3037,620801,'市辖区',933,620800),
	(3038,620802,'崆峒区',933,620800),
	(3039,620821,'泾川县',933,620800),
	(3040,620822,'灵台县',933,620800),
	(3041,620823,'崇信县',933,620800),
	(3042,620825,'庄浪县',933,620800),
	(3043,620826,'静宁县',933,620800),
	(3044,620881,'华亭市',933,620800),
	(3045,620901,'市辖区',937,620900),
	(3046,620902,'肃州区',937,620900),
	(3047,620921,'金塔县',937,620900),
	(3048,620922,'瓜州县',937,620900),
	(3049,620923,'肃北蒙古族自治县',937,620900),
	(3050,620924,'阿克塞哈萨克族自治县',937,620900),
	(3051,620981,'玉门市',937,620900),
	(3052,620982,'敦煌市',937,620900),
	(3053,621001,'市辖区',934,621000),
	(3054,621002,'西峰区',934,621000),
	(3055,621021,'庆城县',934,621000),
	(3056,621022,'环县',934,621000),
	(3057,621023,'华池县',934,621000),
	(3058,621024,'合水县',934,621000),
	(3059,621025,'正宁县',934,621000),
	(3060,621026,'宁县',934,621000),
	(3061,621027,'镇原县',934,621000),
	(3062,621101,'市辖区',932,621100),
	(3063,621102,'安定区',932,621100),
	(3064,621121,'通渭县',932,621100),
	(3065,621122,'陇西县',932,621100),
	(3066,621123,'渭源县',932,621100),
	(3067,621124,'临洮县',932,621100),
	(3068,621125,'漳县',932,621100),
	(3069,621126,'岷县',932,621100),
	(3070,621201,'市辖区',939,621200),
	(3071,621202,'武都区',939,621200),
	(3072,621221,'成县',939,621200),
	(3073,621222,'文县',939,621200),
	(3074,621223,'宕昌县',939,621200),
	(3075,621224,'康县',939,621200),
	(3076,621225,'西和县',939,621200),
	(3077,621226,'礼县',939,621200),
	(3078,621227,'徽县',939,621200),
	(3079,621228,'两当县',939,621200),
	(3080,622901,'临夏市',934,622900),
	(3081,622921,'临夏县',934,622900),
	(3082,622922,'康乐县',934,622900),
	(3083,622923,'永靖县',934,622900),
	(3084,622924,'广河县',934,622900),
	(3085,622925,'和政县',934,622900),
	(3086,622926,'东乡族自治县',934,622900),
	(3087,622927,'积石山保安族东乡族撒拉族自治县',934,622900),
	(3088,623001,'合作市',934,623000),
	(3089,623021,'临潭县',934,623000),
	(3090,623022,'卓尼县',934,623000),
	(3091,623023,'舟曲县',934,623000),
	(3092,623024,'迭部县',934,623000),
	(3093,623025,'玛曲县',934,623000),
	(3094,623026,'碌曲县',934,623000),
	(3095,623027,'夏河县',934,623000),
	(3096,630101,'市辖区',971,630100),
	(3097,630102,'城东区',971,630100),
	(3098,630103,'城中区',971,630100),
	(3099,630104,'城西区',971,630100),
	(3100,630105,'城北区',971,630100),
	(3101,630121,'大通回族土族自治县',971,630100),
	(3102,630122,'湟中县',971,630100),
	(3103,630123,'湟源县',971,630100),
	(3104,630202,'乐都区',972,630200),
	(3105,630203,'平安区',972,630200),
	(3106,630222,'民和回族土族自治县',972,630200),
	(3107,630223,'互助土族自治县',972,630200),
	(3108,630224,'化隆回族自治县',972,630200),
	(3109,630225,'循化撒拉族自治县',972,630200),
	(3110,632221,'门源回族自治县',972,632200),
	(3111,632222,'祁连县',972,632200),
	(3112,632223,'海晏县',972,632200),
	(3113,632224,'刚察县',972,632200),
	(3114,632321,'同仁县',972,632300),
	(3115,632322,'尖扎县',972,632300),
	(3116,632323,'泽库县',972,632300),
	(3117,632324,'河南蒙古族自治县',972,632300),
	(3118,632521,'共和县',972,632500),
	(3119,632522,'同德县',972,632500),
	(3120,632523,'贵德县',972,632500),
	(3121,632524,'兴海县',972,632500),
	(3122,632525,'贵南县',972,632500),
	(3123,632621,'玛沁县',972,632600),
	(3124,632622,'班玛县',972,632600),
	(3125,632623,'甘德县',972,632600),
	(3126,632624,'达日县',972,632600),
	(3127,632625,'久治县',972,632600),
	(3128,632626,'玛多县',972,632600),
	(3129,632701,'玉树市',972,632700),
	(3130,632722,'杂多县',972,632700),
	(3131,632723,'称多县',972,632700),
	(3132,632724,'治多县',972,632700),
	(3133,632725,'囊谦县',972,632700),
	(3134,632726,'曲麻莱县',972,632700),
	(3135,632801,'格尔木市',972,632800),
	(3136,632802,'德令哈市',972,632800),
	(3137,632803,'茫崖市',972,632800),
	(3138,632821,'乌兰县',972,632800),
	(3139,632822,'都兰县',972,632800),
	(3140,632823,'天峻县',972,632800),
	(3141,632857,'大柴旦行政委员会',972,632800),
	(3142,640101,'市辖区',951,640100),
	(3143,640104,'兴庆区',951,640100),
	(3144,640105,'西夏区',951,640100),
	(3145,640106,'金凤区',951,640100),
	(3146,640121,'永宁县',951,640100),
	(3147,640122,'贺兰县',951,640100),
	(3148,640181,'灵武市',951,640100),
	(3149,640201,'市辖区',952,640200),
	(3150,640202,'大武口区',952,640200),
	(3151,640205,'惠农区',952,640200),
	(3152,640221,'平罗县',952,640200),
	(3153,640301,'市辖区',953,640300),
	(3154,640302,'利通区',953,640300),
	(3155,640303,'红寺堡区',953,640300),
	(3156,640323,'盐池县',953,640300),
	(3157,640324,'同心县',953,640300),
	(3158,640381,'青铜峡市',953,640300),
	(3159,640401,'市辖区',954,640400),
	(3160,640402,'原州区',954,640400),
	(3161,640422,'西吉县',954,640400),
	(3162,640423,'隆德县',954,640400),
	(3163,640424,'泾源县',954,640400),
	(3164,640425,'彭阳县',954,640400),
	(3165,640501,'市辖区',955,640500),
	(3166,640502,'沙坡头区',955,640500),
	(3167,640521,'中宁县',955,640500),
	(3168,640522,'海原县',955,640500),
	(3169,650101,'市辖区',991,650100),
	(3170,650102,'天山区',991,650100),
	(3171,650103,'沙依巴克区',991,650100),
	(3172,650104,'新市区',991,650100),
	(3173,650105,'水磨沟区',991,650100),
	(3174,650106,'头屯河区',991,650100),
	(3175,650107,'达坂城区',991,650100),
	(3176,650109,'米东区',991,650100),
	(3177,650121,'乌鲁木齐县',991,650100),
	(3178,650171,'乌鲁木齐经济技术开发区',991,650100),
	(3179,650172,'乌鲁木齐高新技术产业开发区',991,650100),
	(3180,650201,'市辖区',990,650200),
	(3181,650202,'独山子区',990,650200),
	(3182,650203,'克拉玛依区',990,650200),
	(3183,650204,'白碱滩区',990,650200),
	(3184,650205,'乌尔禾区',990,650200),
	(3185,650402,'高昌区',995,650400),
	(3186,650421,'鄯善县',995,650400),
	(3187,650422,'托克逊县',995,650400),
	(3188,650502,'伊州区',902,650500),
	(3189,650521,'巴里坤哈萨克自治县',902,650500),
	(3190,650522,'伊吾县',902,650500),
	(3191,652301,'昌吉市',902,652300),
	(3192,652302,'阜康市',902,652300),
	(3193,652323,'呼图壁县',902,652300),
	(3194,652324,'玛纳斯县',902,652300),
	(3195,652325,'奇台县',902,652300),
	(3196,652327,'吉木萨尔县',902,652300),
	(3197,652328,'木垒哈萨克自治县',902,652300),
	(3198,652701,'博乐市',902,652700),
	(3199,652702,'阿拉山口市',902,652700),
	(3200,652722,'精河县',902,652700),
	(3201,652723,'温泉县',902,652700),
	(3202,652801,'库尔勒市',902,652800),
	(3203,652822,'轮台县',902,652800),
	(3204,652823,'尉犁县',902,652800),
	(3205,652824,'若羌县',902,652800),
	(3206,652825,'且末县',902,652800),
	(3207,652826,'焉耆回族自治县',902,652800),
	(3208,652827,'和静县',902,652800),
	(3209,652828,'和硕县',902,652800),
	(3210,652829,'博湖县',902,652800),
	(3211,652871,'库尔勒经济技术开发区',902,652800),
	(3212,652901,'阿克苏市',997,652900),
	(3213,652922,'温宿县',997,652900),
	(3214,652923,'库车县',997,652900),
	(3215,652924,'沙雅县',997,652900),
	(3216,652925,'新和县',997,652900),
	(3217,652926,'拜城县',997,652900),
	(3218,652927,'乌什县',997,652900),
	(3219,652928,'阿瓦提县',997,652900),
	(3220,652929,'柯坪县',997,652900),
	(3221,653001,'阿图什市',908,653000),
	(3222,653022,'阿克陶县',908,653000),
	(3223,653023,'阿合奇县',908,653000),
	(3224,653024,'乌恰县',908,653000),
	(3225,653101,'喀什市',998,653100),
	(3226,653121,'疏附县',998,653100),
	(3227,653122,'疏勒县',998,653100),
	(3228,653123,'英吉沙县',998,653100),
	(3229,653124,'泽普县',998,653100),
	(3230,653125,'莎车县',998,653100),
	(3231,653126,'叶城县',998,653100),
	(3232,653127,'麦盖提县',998,653100),
	(3233,653128,'岳普湖县',998,653100),
	(3234,653129,'伽师县',998,653100),
	(3235,653130,'巴楚县',998,653100),
	(3236,653131,'塔什库尔干塔吉克自治县',998,653100),
	(3237,653201,'和田市',903,653200),
	(3238,653221,'和田县',903,653200),
	(3239,653222,'墨玉县',903,653200),
	(3240,653223,'皮山县',903,653200),
	(3241,653224,'洛浦县',903,653200),
	(3242,653225,'策勒县',903,653200),
	(3243,653226,'于田县',903,653200),
	(3244,653227,'民丰县',903,653200),
	(3245,654002,'伊宁市',999,654000),
	(3246,654003,'奎屯市',992,654000),
	(3247,654004,'霍尔果斯市',992,654000),
	(3248,654021,'伊宁县',992,654000),
	(3249,654022,'察布查尔锡伯自治县',992,654000),
	(3250,654023,'霍城县',992,654000),
	(3251,654024,'巩留县',992,654000),
	(3252,654025,'新源县',992,654000),
	(3253,654026,'昭苏县',992,654000),
	(3254,654027,'特克斯县',992,654000),
	(3255,654028,'尼勒克县',992,654000),
	(3256,654201,'塔城市',901,654200),
	(3257,654202,'乌苏市',901,654200),
	(3258,654221,'额敏县',901,654200),
	(3259,654223,'沙湾县',901,654200),
	(3260,654224,'托里县',901,654200),
	(3261,654225,'裕民县',901,654200),
	(3262,654226,'和布克赛尔蒙古自治县',901,654200),
	(3263,654301,'阿勒泰市',906,654300),
	(3264,654321,'布尔津县',906,654300),
	(3265,654322,'富蕴县',906,654300),
	(3266,654323,'福海县',906,654300),
	(3267,654324,'哈巴河县',906,654300),
	(3268,654325,'青河县',906,654300),
	(3269,654326,'吉木乃县',906,654300),
	(3270,659001,'石河子市',993,659000),
	(3271,659002,'阿拉尔市',997,659000),
	(3272,659003,'图木舒克市',998,659000),
	(3273,659004,'五家渠市',994,659000),
	(3274,659006,'铁门关市',996,659000);

/*!40000 ALTER TABLE `tb_admin_area_dic` ENABLE KEYS */;
UNLOCK TABLES;


# Dump of table tb_city_dic
# ------------------------------------------------------------

DROP TABLE IF EXISTS `tb_city_dic`;

CREATE TABLE `tb_city_dic` (
  `id` int NOT NULL AUTO_INCREMENT,
  `CityNum` int DEFAULT NULL COMMENT '城市代码',
  `CityName` varchar(255) DEFAULT NULL COMMENT '城市名',
  `Xzqdm` int DEFAULT NULL COMMENT '行政区划代码',
  `AdminAreaNum` int DEFAULT NULL COMMENT '区县代码',
  PRIMARY KEY (`id`)
) ENGINE=InnoDB DEFAULT CHARSET=utf8mb4 COLLATE=utf8mb4_0900_ai_ci;

LOCK TABLES `tb_city_dic` WRITE;
/*!40000 ALTER TABLE `tb_city_dic` DISABLE KEYS */;

INSERT INTO `tb_city_dic` (`id`, `CityNum`, `CityName`, `Xzqdm`, `AdminAreaNum`)
VALUES
	(1,1001,'市辖区',110000,110100),
	(2,2001,'市辖区',120000,120100),
	(3,3001,'石家庄市',130000,130100),
	(4,3008,'唐山市',130000,130200),
	(5,3003,'秦皇岛市',130000,130300),
	(6,3002,'邯郸市',130000,130400),
	(7,3004,'邢台市',130000,130500),
	(8,3005,'保定市',130000,130600),
	(9,3010,'张家口市',130000,130700),
	(10,3009,'承德市',130000,130800),
	(11,3007,'沧州市',130000,130900),
	(12,3011,'廊坊市',130000,131000),
	(13,3006,'衡水市',130000,131100),
	(14,4001,'太原市',140000,140100),
	(15,4002,'大同市',140000,140200),
	(16,4003,'阳泉市',140000,140300),
	(17,4004,'长治市',140000,140400),
	(18,4005,'晋城市',140000,140500),
	(19,4006,'朔州市',140000,140600),
	(20,4007,'晋中市',140000,140700),
	(21,4010,'运城市',140000,140800),
	(22,4008,'忻州市',140000,140900),
	(23,4009,'临汾市',140000,141000),
	(24,4011,'吕梁市',140000,141100),
	(25,5001,'呼和浩特市',150000,150100),
	(26,5002,'包头市',150000,150200),
	(27,5003,'乌海市',150000,150300),
	(28,5004,'赤峰市',150000,150400),
	(29,5005,'通辽市',150000,150500),
	(30,5011,'鄂尔多斯市',150000,150600),
	(31,5006,'呼伦贝尔市',150000,150700),
	(32,5010,'巴彦淖尔市',150000,150800),
	(33,5009,'乌兰察布市',150000,150900),
	(34,5007,'兴安盟',150000,152200),
	(35,5008,'锡林郭勒盟',150000,152500),
	(36,5012,'阿拉善盟',150000,152900),
	(37,6001,'沈阳市',210000,210100),
	(38,6002,'大连市',210000,210200),
	(39,6003,'鞍山市',210000,210300),
	(40,6004,'抚顺市',210000,210400),
	(41,6005,'本溪市',210000,210500),
	(42,6006,'丹东市',210000,210600),
	(43,6007,'锦州市',210000,210700),
	(44,6008,'营口市',210000,210800),
	(45,6009,'阜新市',210000,210900),
	(46,6010,'辽阳市',210000,211000),
	(47,6013,'盘锦市',210000,211100),
	(48,6011,'铁岭市',210000,211200),
	(49,6012,'朝阳市',210000,211300),
	(50,6014,'葫芦岛市',210000,211400),
	(51,7001,'长春市',220000,220100),
	(52,7002,'吉林市',220000,220200),
	(53,7003,'四平市',220000,220300),
	(54,7004,'辽源市',220000,220400),
	(55,7005,'通化市',220000,220500),
	(56,7006,'白山市',220000,220600),
	(57,7007,'松原市',220000,220700),
	(58,7008,'白城市',220000,220800),
	(59,7009,'延边朝鲜族自治州',220000,222400),
	(60,8001,'哈尔滨市',230000,230100),
	(61,8002,'齐齐哈尔市',230000,230200),
	(62,8006,'鸡西市',230000,230300),
	(63,8007,'鹤岗市',230000,230400),
	(64,8008,'双鸭山市',230000,230500),
	(65,8005,'大庆市',230000,230600),
	(66,8009,'伊春市',230000,230700),
	(67,8003,'佳木斯市',230000,230800),
	(68,8010,'七台河市',230000,230900),
	(69,8004,'牡丹江市',230000,231000),
	(70,8011,'黑河市',230000,231100),
	(71,8012,'绥化市',230000,231200),
	(72,8013,'大兴安岭地区',230000,232700),
	(73,9001,'市辖区',310000,310100),
	(74,10001,'南京市',320000,320100),
	(75,10002,'无锡市',320000,320200),
	(76,10003,'徐州市',320000,320300),
	(77,10004,'常州市',320000,320400),
	(78,10005,'苏州市',320000,320500),
	(79,10006,'南通市',320000,320600),
	(80,10007,'连云港市',320000,320700),
	(81,10008,'淮安市',320000,320800),
	(82,10009,'盐城市',320000,320900),
	(83,10010,'扬州市',320000,321000),
	(84,10011,'镇江市',320000,321100),
	(85,10012,'泰州市',320000,321200),
	(86,10013,'宿迁市',320000,321300),
	(87,12001,'杭州市',330000,330100),
	(88,12002,'宁波市',330000,330200),
	(89,12003,'温州市',330000,330300),
	(90,12005,'嘉兴市',330000,330400),
	(91,12006,'湖州市',330000,330500),
	(92,12004,'绍兴市',330000,330600),
	(93,12007,'金华市',330000,330700),
	(94,12008,'衢州市',330000,330800),
	(95,12009,'舟山市',330000,330900),
	(96,12010,'台州市',330000,331000),
	(97,12011,'丽水市',330000,331100),
	(98,11001,'合肥市',340000,340100),
	(99,11002,'芜湖市',340000,340200),
	(100,11003,'蚌埠市',340000,340300),
	(101,11009,'淮南市',340000,340400),
	(102,11004,'马鞍山市',340000,340500),
	(103,11010,'淮北市',340000,340600),
	(104,11007,'铜陵市',340000,340700),
	(105,11005,'安庆市',340000,340800),
	(106,11008,'黄山市',340000,341000),
	(107,11011,'滁州市',340000,341100),
	(108,11006,'阜阳市',340000,341200),
	(109,11012,'宿州市',340000,341300),
	(110,11015,'六安市',340000,341500),
	(111,11017,'亳州市',340000,341600),
	(112,11014,'池州市',340000,341700),
	(113,11016,'宣城市',340000,341800),
	(114,13001,'福州市',350000,350100),
	(115,13002,'厦门市',350000,350200),
	(116,13005,'莆田市',350000,350300),
	(117,13008,'三明市',350000,350400),
	(118,13004,'泉州市',350000,350500),
	(119,13003,'漳州市',350000,350600),
	(120,13007,'南平市',350000,350700),
	(121,13009,'龙岩市',350000,350800),
	(122,13006,'宁德市',350000,350900),
	(123,14001,'南昌市',360000,360100),
	(124,14008,'景德镇市',360000,360200),
	(125,14009,'萍乡市',360000,360300),
	(126,14002,'九江市',360000,360400),
	(127,14010,'新余市',360000,360500),
	(128,14011,'鹰潭市',360000,360600),
	(129,14007,'赣州市',360000,360700),
	(130,14006,'吉安市',360000,360800),
	(131,14005,'宜春市',360000,360900),
	(132,14004,'抚州市',360000,361000),
	(133,14003,'上饶市',360000,361100),
	(134,15001,'济南市',370000,370100),
	(135,15002,'青岛市',370000,370200),
	(136,15005,'淄博市',370000,370300),
	(137,15014,'枣庄市',370000,370400),
	(138,15006,'东营市',370000,370500),
	(139,15003,'烟台市',370000,370600),
	(140,15012,'潍坊市',370000,370700),
	(141,15011,'济宁市',370000,370800),
	(142,15008,'泰安市',370000,370900),
	(143,15004,'威海市',370000,371000),
	(144,15013,'日照市',370000,371100),
	(145,15015,'莱芜市',370000,371200),
	(146,15009,'临沂市',370000,371300),
	(147,15010,'德州市',370000,371400),
	(148,15007,'聊城市',370000,371500),
	(149,15016,'滨州市',370000,371600),
	(150,15017,'菏泽市',370000,371700),
	(151,16001,'郑州市',410000,410100),
	(152,16002,'开封市',410000,410200),
	(153,16003,'洛阳市',410000,410300),
	(154,16005,'平顶山市',410000,410400),
	(155,16006,'安阳市',410000,410500),
	(156,16013,'鹤壁市',410000,410600),
	(157,16004,'新乡市',410000,410700),
	(158,16007,'焦作市',410000,410800),
	(159,16008,'濮阳市',410000,410900),
	(160,16011,'许昌市',410000,411000),
	(161,16012,'漯河市',410000,411100),
	(162,16010,'三门峡市',410000,411200),
	(163,16009,'南阳市',410000,411300),
	(164,16015,'商丘市',410000,411400),
	(165,16014,'信阳市',410000,411500),
	(166,16016,'周口市',410000,411600),
	(167,16017,'驻马店市',410000,411700),
	(168,16029,'省直辖县级行政区划',410000,419000),
	(169,17001,'武汉市',420000,420100),
	(170,17006,'黄石市',420000,420200),
	(171,17013,'十堰市',420000,420300),
	(172,17011,'宜昌市',420000,420500),
	(173,17012,'襄阳市',420000,420600),
	(174,17005,'鄂州市',420000,420700),
	(175,17010,'荆门市',420000,420800),
	(176,17017,'孝感市',420000,420900),
	(177,17007,'荆州市',420000,421000),
	(178,17003,'黄冈市',420000,421100),
	(179,17004,'咸宁市',420000,421200),
	(180,17002,'随州市',420000,421300),
	(181,17015,'恩施土家族苗族自治州',420000,422800),
	(182,17018,'省直辖县级行政区划',420000,429000),
	(183,18001,'长沙市',430000,430100),
	(184,18002,'株洲市',430000,430200),
	(185,18003,'湘潭市',430000,430300),
	(186,18004,'衡阳市',430000,430400),
	(187,18012,'邵阳市',430000,430500),
	(188,18007,'岳阳市',430000,430600),
	(189,18009,'常德市',430000,430700),
	(190,18013,'张家界市',430000,430800),
	(191,18008,'益阳市',430000,430900),
	(192,18005,'郴州市',430000,431000),
	(193,18006,'永州市',430000,431100),
	(194,18011,'怀化市',430000,431200),
	(195,18010,'娄底市',430000,431300),
	(196,18014,'湘西土家族苗族自治州',430000,433100),
	(197,19001,'广州市',440000,440100),
	(198,19005,'韶关市',440000,440200),
	(199,19002,'深圳市',440000,440300),
	(200,19003,'珠海市',440000,440400),
	(201,19004,'汕头市',440000,440500),
	(202,19013,'佛山市',440000,440600),
	(203,19012,'江门市',440000,440700),
	(204,19015,'湛江市',440000,440800),
	(205,19016,'茂名市',440000,440900),
	(206,19017,'肇庆市',440000,441200),
	(207,19008,'惠州市',440000,441300),
	(208,19007,'梅州市',440000,441400),
	(209,19009,'汕尾市',440000,441500),
	(210,19006,'河源市',440000,441600),
	(211,19014,'阳江市',440000,441700),
	(212,19018,'清远市',440000,441800),
	(213,19010,'东莞市',440000,441900),
	(214,19011,'中山市',440000,442000),
	(215,19019,'潮州市',440000,445100),
	(216,19020,'揭阳市',440000,445200),
	(217,19021,'云浮市',440000,445300),
	(218,20001,'南宁市',450000,450100),
	(219,20002,'柳州市',450000,450200),
	(220,20003,'桂林市',450000,450300),
	(221,20004,'梧州市',450000,450400),
	(222,20005,'北海市',450000,450500),
	(223,20006,'防城港市',450000,450600),
	(224,20007,'钦州市',450000,450700),
	(225,20008,'贵港市',450000,450800),
	(226,20009,'玉林市',450000,450900),
	(227,20013,'百色市',450000,451000),
	(228,20012,'贺州市',450000,451100),
	(229,20014,'河池市',450000,451200),
	(230,20011,'来宾市',450000,451300),
	(231,20010,'崇左市',450000,451400),
	(232,21001,'海口市',460000,460100),
	(233,21002,'三亚市',460000,460200),
	(234,21023,'三沙市',460000,460300),
	(235,21006,'儋州市',460000,460400),
	(236,21024,'省直辖县级行政区划',460000,469000),
	(237,31001,'市辖区',500000,500100),
	(238,31002,'县',500000,500200),
	(239,22001,'成都市',510000,510100),
	(240,22002,'自贡市',510000,510300),
	(241,22003,'攀枝花市',510000,510400),
	(242,22007,'泸州市',510000,510500),
	(243,22004,'德阳市',510000,510600),
	(244,22005,'绵阳市',510000,510700),
	(245,22006,'广元市',510000,510800),
	(246,22010,'遂宁市',510000,510900),
	(247,22008,'内江市',510000,511000),
	(248,22009,'乐山市',510000,511100),
	(249,22011,'南充市',510000,511300),
	(250,22017,'眉山市',510000,511400),
	(251,22012,'宜宾市',510000,511500),
	(252,22015,'广安市',510000,511600),
	(253,22014,'达州市',510000,511700),
	(254,22013,'雅安市',510000,511800),
	(255,22016,'巴中市',510000,511900),
	(256,22018,'资阳市',510000,512000),
	(257,22020,'阿坝藏族羌族自治州',510000,513200),
	(258,22019,'甘孜藏族自治州',510000,513300),
	(259,22021,'凉山彝族自治州',510000,513400),
	(260,24001,'贵阳市',520000,520100),
	(261,24008,'六盘水市',520000,520200),
	(262,24002,'遵义市',520000,520300),
	(263,24003,'安顺市',520000,520400),
	(264,24007,'毕节市',520000,520500),
	(265,24006,'铜仁市',520000,520600),
	(266,24009,'黔西南布依族苗族自治州',520000,522300),
	(267,24005,'黔东南苗族侗族自治州',520000,522600),
	(268,24004,'黔南布依族苗族自治州',520000,522700),
	(269,23001,'昆明市',530000,530100),
	(270,23003,'曲靖市',530000,530300),
	(271,23004,'玉溪市',530000,530400),
	(272,23007,'保山市',530000,530500),
	(273,23002,'昭通市',530000,530600),
	(274,23008,'丽江市',530000,530700),
	(275,23017,'普洱市',530000,530800),
	(276,23006,'临沧市',530000,530900),
	(277,23012,'楚雄彝族自治州',530000,532300),
	(278,23010,'红河哈尼族彝族自治州',530000,532500),
	(279,23009,'文山壮族苗族自治州',530000,532600),
	(280,23011,'西双版纳傣族自治州',530000,532800),
	(281,23013,'大理白族自治州',530000,532900),
	(282,23014,'德宏傣族景颇族自治州',530000,533100),
	(283,23015,'怒江傈僳族自治州',530000,533300),
	(284,23016,'迪庆藏族自治州',530000,533400),
	(285,25002,'拉萨市',540000,540100),
	(286,25005,'日喀则市',540000,540200),
	(287,25003,'昌都市',540000,540300),
	(288,25008,'林芝市',540000,540400),
	(289,25004,'山南市',540000,540500),
	(290,25006,'那曲市',540000,540600),
	(291,25007,'阿里地区',540000,542500),
	(292,26001,'西安市',610000,610100),
	(293,26007,'铜川市',610000,610200),
	(294,26002,'宝鸡市',610000,610300),
	(295,26003,'咸阳市',610000,610400),
	(296,26004,'渭南市',610000,610500),
	(297,26006,'延安市',610000,610600),
	(298,26005,'汉中市',610000,610700),
	(299,26008,'榆林市',610000,610800),
	(300,26009,'安康市',610000,610900),
	(301,26010,'商洛市',610000,611000),
	(302,27001,'兰州市',620000,620100),
	(303,27003,'嘉峪关市',620000,620200),
	(304,27005,'金昌市',620000,620300),
	(305,27002,'白银市',620000,620400),
	(306,27004,'天水市',620000,620500),
	(307,27010,'武威市',620000,620600),
	(308,27012,'张掖市',620000,620700),
	(309,27006,'平凉市',620000,620800),
	(310,27009,'酒泉市',620000,620900),
	(311,27011,'庆阳市',620000,621000),
	(312,27013,'定西市',620000,621100),
	(313,27014,'陇南市',620000,621200),
	(314,27007,'临夏回族自治州',620000,622900),
	(315,27008,'甘南藏族自治州',620000,623000),
	(316,28001,'西宁市',630000,630100),
	(317,28002,'海东市',630000,630200),
	(318,28005,'海北藏族自治州',630000,632200),
	(319,28006,'黄南藏族自治州',630000,632300),
	(320,28004,'海南藏族自治州',630000,632500),
	(321,28007,'果洛藏族自治州',630000,632600),
	(322,28008,'玉树藏族自治州',630000,632700),
	(323,28003,'海西蒙古族藏族自治州',630000,632800),
	(324,29001,'银川市',640000,640100),
	(325,29002,'石嘴山市',640000,640200),
	(326,29003,'吴忠市',640000,640300),
	(327,29004,'固原市',640000,640400),
	(328,29005,'中卫市',640000,640500),
	(329,30001,'乌鲁木齐市',650000,650100),
	(330,30003,'克拉玛依市',650000,650200),
	(331,30010,'吐鲁番市',650000,650400),
	(332,30011,'哈密市',650000,650500),
	(333,30004,'昌吉回族自治州',650000,652300),
	(334,30009,'博尔塔拉蒙古自治州',650000,652700),
	(335,30016,'巴音郭楞蒙古自治州',650000,652800),
	(336,30013,'阿克苏地区',650000,652900),
	(337,30015,'克孜勒苏柯尔克孜自治州',650000,653000),
	(338,30014,'喀什地区',650000,653100),
	(339,30012,'和田地区',650000,653200),
	(340,30005,'伊犁哈萨克自治州',650000,654000),
	(341,30007,'塔城地区',650000,654200),
	(342,30008,'阿勒泰地区',650000,654300),
	(343,30017,'自治区直辖县级行政区划',650000,659000);

/*!40000 ALTER TABLE `tb_city_dic` ENABLE KEYS */;
UNLOCK TABLES;


# Dump of table tb_class
# ------------------------------------------------------------

DROP TABLE IF EXISTS `tb_class`;

CREATE TABLE `tb_class` (
  `row_guid` varchar(38) CHARACTER SET utf8mb4 COLLATE utf8mb4_0900_ai_ci DEFAULT NULL,
  `group_guid` varchar(38) CHARACTER SET utf8mb4 COLLATE utf8mb4_0900_ai_ci DEFAULT NULL,
  `id` varchar(255) NOT NULL,
  `t_name` varchar(255) DEFAULT NULL COMMENT '课节名称',
  `t_img_url` varchar(255) CHARACTER SET utf8mb4 COLLATE utf8mb4_0900_ai_ci DEFAULT NULL COMMENT '课节图片',
  `t_teacher` varchar(255) DEFAULT NULL COMMENT 't_teacher',
  `t_point` varchar(255) DEFAULT NULL COMMENT '知识点',
  `t_methods` varchar(255) DEFAULT NULL COMMENT '创作方式',
  `t_istest` int DEFAULT NULL COMMENT '是否试听',
  `t_update_date` datetime DEFAULT NULL,
  `t_update_man` varchar(255) DEFAULT NULL,
  `study_status` int DEFAULT NULL COMMENT '上课学习状态 0未开始 1已开始',
  `t_status` int DEFAULT NULL COMMENT '状态 0 已发布 1 未发布 2 已下架',
  PRIMARY KEY (`id`)
) ENGINE=InnoDB DEFAULT CHARSET=utf8mb4 COLLATE=utf8mb4_0900_ai_ci;

LOCK TABLES `tb_class` WRITE;
/*!40000 ALTER TABLE `tb_class` DISABLE KEYS */;

INSERT INTO `tb_class` (`row_guid`, `group_guid`, `id`, `t_name`, `t_img_url`, `t_teacher`, `t_point`, `t_methods`, `t_istest`, `t_update_date`, `t_update_man`, `study_status`, `t_status`)
VALUES
	('2',NULL,'2','新型冠状病毒','http://airffter.oss-cn-beijing.aliyuncs.com/example/57d59464605abb719a78d27504ee58cb.jpeg','110,1263827279857512448','50,49','15,1',1,'2020-05-22 17:16:22','1263827279857512448',0,0);

/*!40000 ALTER TABLE `tb_class` ENABLE KEYS */;
UNLOCK TABLES;


# Dump of table tb_code_img
# ------------------------------------------------------------

DROP TABLE IF EXISTS `tb_code_img`;

CREATE TABLE `tb_code_img` (
  `id` int NOT NULL AUTO_INCREMENT,
  `img_url` varchar(255) DEFAULT NULL,
  PRIMARY KEY (`id`)
) ENGINE=InnoDB DEFAULT CHARSET=utf8mb4 COLLATE=utf8mb4_0900_ai_ci;

LOCK TABLES `tb_code_img` WRITE;
/*!40000 ALTER TABLE `tb_code_img` DISABLE KEYS */;

INSERT INTO `tb_code_img` (`id`, `img_url`)
VALUES
	(1,'https://airffter.oss-cn-beijing.aliyuncs.com/images/qrcode_for_gh_c1c6cc5688d3_344.jpg');

/*!40000 ALTER TABLE `tb_code_img` ENABLE KEYS */;
UNLOCK TABLES;


# Dump of table tb_course
# ------------------------------------------------------------

DROP TABLE IF EXISTS `tb_course`;

CREATE TABLE `tb_course` (
  `id` int NOT NULL AUTO_INCREMENT,
  `t_course_num` varchar(255) DEFAULT NULL COMMENT '课程编号',
  `row_guid` varchar(255) DEFAULT NULL,
  `group_guid` varchar(255) DEFAULT NULL,
  `t_course_name` varchar(255) CHARACTER SET utf8mb4 COLLATE utf8mb4_0900_ai_ci DEFAULT NULL COMMENT '课程名称',
  `t_class_type_id` int DEFAULT NULL COMMENT '课程类型【长期课…】0免费课',
  `t_course_type_id` int DEFAULT NULL COMMENT '类别ID 分类ID',
  `t_level` varchar(255) DEFAULT NULL COMMENT '适合级别',
  `t_price` decimal(10,2) DEFAULT NULL COMMENT '课程价格',
  `t_teacher_id` varchar(255) DEFAULT NULL COMMENT '老师 [管理员是老师的ID] [1,2,3]',
  `t_service_id` varchar(255) DEFAULT NULL,
  `t_order_no` int DEFAULT NULL COMMENT '排序号',
  `t_img_url` varchar(255) DEFAULT NULL,
  `t_painting` varchar(255) DEFAULT NULL COMMENT '画材准备',
  `t_course_introduce` longtext COMMENT '课程介绍',
  `t_prompt` longtext COMMENT '温馨提示',
  `t_try_listen` int DEFAULT NULL COMMENT '试听 0:true 1:false',
  `t_status` int DEFAULT NULL COMMENT '课程状态 0:正常 已发布 1:下架 2:保存 未发布',
  `t_update_date` datetime DEFAULT NULL COMMENT '课程修改日期',
  `t_update_man` varchar(255) DEFAULT NULL COMMENT '课程修改人',
  `t_learn_count` int DEFAULT NULL COMMENT '学习数量',
  `stage_id` text CHARACTER SET utf8mb4 COLLATE utf8mb4_0900_ai_ci,
  `course_package_id` text CHARACTER SET utf8mb4 COLLATE utf8mb4_0900_ai_ci COMMENT '课包id',
  `class_id` text CHARACTER SET utf8mb4 COLLATE utf8mb4_0900_ai_ci COMMENT '课节id',
  PRIMARY KEY (`id`)
) ENGINE=InnoDB DEFAULT CHARSET=utf8mb4 COLLATE=utf8mb4_0900_ai_ci;

LOCK TABLES `tb_course` WRITE;
/*!40000 ALTER TABLE `tb_course` DISABLE KEYS */;

INSERT INTO `tb_course` (`id`, `t_course_num`, `row_guid`, `group_guid`, `t_course_name`, `t_class_type_id`, `t_course_type_id`, `t_level`, `t_price`, `t_teacher_id`, `t_service_id`, `t_order_no`, `t_img_url`, `t_painting`, `t_course_introduce`, `t_prompt`, `t_try_listen`, `t_status`, `t_update_date`, `t_update_man`, `t_learn_count`, `stage_id`, `course_package_id`, `class_id`)
VALUES
	(75,'20200519162300','2',NULL,'国画  4-5年级长期班',1,26,'1',0.10,'[\"1260223757249355776\",\"110\"]','110',3,'http://airffter.oss-cn-beijing.aliyuncs.com/course/7A45B140-656E-41E6-A450-EA5A063B28A3.jpeg','毛笔、纸张','<p><img src=\"http://airffter.oss-cn-beijing.aliyuncs.com/course/A9633FA7-84CF-40B5-A4E6-B2C2FF65E932.jpeg\"/></p>','<p>ok</p>',NULL,2,'2020-05-20 01:34:17','110',NULL,'2','2',NULL);

/*!40000 ALTER TABLE `tb_course` ENABLE KEYS */;
UNLOCK TABLES;


# Dump of table tb_course_package
# ------------------------------------------------------------

DROP TABLE IF EXISTS `tb_course_package`;

CREATE TABLE `tb_course_package` (
  `id` bigint NOT NULL AUTO_INCREMENT,
  `t_name` varchar(255) DEFAULT NULL COMMENT '课包名称',
  `t_stage_id` varchar(255) CHARACTER SET utf8mb4 COLLATE utf8mb4_0900_ai_ci DEFAULT NULL COMMENT '阶段id',
  `t_class_type_id` int DEFAULT NULL,
  `row_guid` varchar(255) DEFAULT NULL,
  `group_guid` varchar(255) DEFAULT NULL,
  `t_activate_date` varchar(255) DEFAULT NULL COMMENT '待激活时长',
  `t_study_date` varchar(255) CHARACTER SET utf8mb4 COLLATE utf8mb4_0900_ai_ci DEFAULT NULL COMMENT '可学习时长',
  `t_price` decimal(10,2) DEFAULT NULL,
  `t_status` int DEFAULT NULL COMMENT '课包状态 0未发布 1已发布 2已下架 3删除',
  `t_due_time` datetime DEFAULT NULL COMMENT '到期时间',
  `t_activate_time` datetime DEFAULT NULL COMMENT '激活时间',
  PRIMARY KEY (`id`)
) ENGINE=InnoDB DEFAULT CHARSET=utf8mb4 COLLATE=utf8mb4_0900_ai_ci;

LOCK TABLES `tb_course_package` WRITE;
/*!40000 ALTER TABLE `tb_course_package` DISABLE KEYS */;

INSERT INTO `tb_course_package` (`id`, `t_name`, `t_stage_id`, `t_class_type_id`, `row_guid`, `group_guid`, `t_activate_date`, `t_study_date`, `t_price`, `t_status`, `t_due_time`, `t_activate_time`)
VALUES
	(39,'初级+进阶','2',NULL,'2',NULL,'300','300',0.01,1,NULL,NULL);

/*!40000 ALTER TABLE `tb_course_package` ENABLE KEYS */;
UNLOCK TABLES;


# Dump of table tb_course_package_user
# ------------------------------------------------------------

DROP TABLE IF EXISTS `tb_course_package_user`;

CREATE TABLE `tb_course_package_user` (
  `id` int NOT NULL AUTO_INCREMENT,
  `row_guid` varchar(255) DEFAULT NULL,
  `user_guid` varchar(255) DEFAULT NULL COMMENT '用户guid',
  `t_course_guid` varchar(255) DEFAULT NULL,
  `t_package_guid` varchar(255) CHARACTER SET utf8mb4 COLLATE utf8mb4_0900_ai_ci DEFAULT NULL COMMENT '课包guid',
  `t_due_time` datetime DEFAULT NULL COMMENT '到期时间',
  `t_activate_time` datetime DEFAULT NULL COMMENT '激活日期',
  `t_status` int DEFAULT NULL COMMENT '课包状态 0未开始 1正在学 2已到期 3未激活',
  PRIMARY KEY (`id`)
) ENGINE=InnoDB DEFAULT CHARSET=utf8mb4 COLLATE=utf8mb4_0900_ai_ci;

LOCK TABLES `tb_course_package_user` WRITE;
/*!40000 ALTER TABLE `tb_course_package_user` DISABLE KEYS */;

INSERT INTO `tb_course_package_user` (`id`, `row_guid`, `user_guid`, `t_course_guid`, `t_package_guid`, `t_due_time`, `t_activate_time`, `t_status`)
VALUES
	(239,'2','1249305030597226496','2','2','2020-05-24 16:50:34','2020-05-23 16:50:34',2);

/*!40000 ALTER TABLE `tb_course_package_user` ENABLE KEYS */;
UNLOCK TABLES;


# Dump of table tb_course_type
# ------------------------------------------------------------

DROP TABLE IF EXISTS `tb_course_type`;

CREATE TABLE `tb_course_type` (
  `id` int NOT NULL AUTO_INCREMENT,
  `t_class_name` varchar(255) DEFAULT NULL COMMENT '课程类型名称 [长期课…]',
  PRIMARY KEY (`id`)
) ENGINE=InnoDB DEFAULT CHARSET=utf8mb4 COLLATE=utf8mb4_0900_ai_ci;

LOCK TABLES `tb_course_type` WRITE;
/*!40000 ALTER TABLE `tb_course_type` DISABLE KEYS */;

INSERT INTO `tb_course_type` (`id`, `t_class_name`)
VALUES
	(0,'免费班'),
	(1,'长期班'),
	(2,'短期班');

/*!40000 ALTER TABLE `tb_course_type` ENABLE KEYS */;
UNLOCK TABLES;


# Dump of table tb_course_user
# ------------------------------------------------------------

DROP TABLE IF EXISTS `tb_course_user`;

CREATE TABLE `tb_course_user` (
  `id` int NOT NULL AUTO_INCREMENT,
  `t_user_guid` varchar(255) DEFAULT NULL,
  `t_course_guid` varchar(255) DEFAULT NULL,
  `t_class_type_id` int DEFAULT NULL,
  `t_status` int DEFAULT NULL COMMENT '0未开始 1正在学 2已到期 3未激活',
  `t_create_time` datetime DEFAULT NULL,
  `t_course_package_id` varchar(255) DEFAULT NULL,
  PRIMARY KEY (`id`)
) ENGINE=InnoDB DEFAULT CHARSET=utf8mb4 COLLATE=utf8mb4_0900_ai_ci;

LOCK TABLES `tb_course_user` WRITE;
/*!40000 ALTER TABLE `tb_course_user` DISABLE KEYS */;

INSERT INTO `tb_course_user` (`id`, `t_user_guid`, `t_course_guid`, `t_class_type_id`, `t_status`, `t_create_time`, `t_course_package_id`)
VALUES
	(324,'1249305030597226496','2',NULL,3,'2020-05-22 14:24:17',NULL);

/*!40000 ALTER TABLE `tb_course_user` ENABLE KEYS */;
UNLOCK TABLES;


# Dump of table tb_creation
# ------------------------------------------------------------

DROP TABLE IF EXISTS `tb_creation`;

CREATE TABLE `tb_creation` (
  `id` int NOT NULL AUTO_INCREMENT,
  `t_creation_name` varchar(255) DEFAULT NULL,
  `t_update_man` varchar(255) DEFAULT NULL,
  `t_update_date` datetime DEFAULT NULL,
  PRIMARY KEY (`id`)
) ENGINE=InnoDB DEFAULT CHARSET=utf8mb4 COLLATE=utf8mb4_0900_ai_ci;

LOCK TABLES `tb_creation` WRITE;
/*!40000 ALTER TABLE `tb_creation` DISABLE KEYS */;

INSERT INTO `tb_creation` (`id`, `t_creation_name`, `t_update_man`, `t_update_date`)
VALUES
	(1,'软件开发创作方式','110','2020-03-04 02:20:12'),
	(15,'楷书','110','2020-05-11 22:00:39');

/*!40000 ALTER TABLE `tb_creation` ENABLE KEYS */;
UNLOCK TABLES;


# Dump of table tb_employee
# ------------------------------------------------------------

DROP TABLE IF EXISTS `tb_employee`;

CREATE TABLE `tb_employee` (
  `id` varchar(255) NOT NULL COMMENT '主键',
  `t_username` varchar(255) DEFAULT NULL COMMENT '用户名',
  `t_realyname` varchar(255) DEFAULT NULL COMMENT '真实姓名',
  `t_mobile` varchar(255) DEFAULT NULL COMMENT '手机号',
  `t_password` varchar(255) CHARACTER SET utf8 COLLATE utf8_general_ci DEFAULT NULL COMMENT '密码',
  `t_is_teacher` bigint DEFAULT NULL COMMENT '是否教师',
  `t_is_service` bigint DEFAULT NULL COMMENT '是否客服',
  `t_status` int DEFAULT NULL COMMENT '状态 1正常 2禁用',
  `t_createdate` datetime DEFAULT NULL COMMENT '创建日期',
  `t_updatedate` datetime DEFAULT NULL COMMENT '修改日期',
  `role_id` varchar(255) DEFAULT NULL COMMENT '角色ID',
  `t_img_url` varchar(255) DEFAULT NULL COMMENT '图片地址',
  `t_email` varchar(255) DEFAULT NULL COMMENT '邮箱',
  PRIMARY KEY (`id`)
) ENGINE=InnoDB DEFAULT CHARSET=utf8;

LOCK TABLES `tb_employee` WRITE;
/*!40000 ALTER TABLE `tb_employee` DISABLE KEYS */;

INSERT INTO `tb_employee` (`id`, `t_username`, `t_realyname`, `t_mobile`, `t_password`, `t_is_teacher`, `t_is_service`, `t_status`, `t_createdate`, `t_updatedate`, `role_id`, `t_img_url`, `t_email`)
VALUES
	('110','admin','郭鑫年','13122221111','2da797f5d40e9911d8e85b24e2a9f936',1,1,1,'2020-02-26 13:22:06','2020-05-25 20:26:18','admin','https://airffter.oss-cn-beijing.aliyuncs.com/images/qrcode_for_gh_c1c6cc5688d3_344.jpg','11102411@qq.com'),
	('1260223757249355776','tester','鱼鱼','132619933379','bc7c3a5f65904dac667891e6dd5e3b01',1,1,1,'2020-05-12 23:02:12','2020-05-25 20:26:17','admin','http://airffter.oss-cn-beijing.aliyuncs.com/carousel/timg.jpg','1232@163.com'),
	('1263827279857512448','hello','温迪','18719880853','8a32e3cd9661f50df49c5984843a4914',1,1,1,'2020-05-22 21:41:19','2020-05-25 20:26:16','market','http://airffter.oss-cn-beijing.aliyuncs.com/carousel/57d59464605abb719a78d27504ee58cb.jpeg','3333@outlook.com'),
	('1263844615918383104','张老师','那蓝','15500500012','b75edf9bec3caa49ce374e68f0f227db',1,1,1,'2020-05-22 22:50:12','2020-05-25 20:26:15','editor','http://airffter.oss-cn-beijing.aliyuncs.com/carousel/%E4%BA%8C%E7%BB%B4%E7%A0%81%E5%9B%BE%E7%89%87_5%E6%9C%8822%E6%97%A522%E6%97%B649%E5%88%8609%E7%A7%92.png','4444@gmail.com'),
	('1264894966104735744','张三','张三','15600012301','9ba0cba290544a4d67e1d1f385008737',1,1,1,'2020-05-25 20:23:55',NULL,'editor','http://airffter.oss-cn-beijing.aliyuncs.com/carousel/%E7%BA%AF%E8%89%B2%E4%BA%91%E6%B2%B3%E5%AE%9Dapp%20icon%20108_108px.png','1000@admin.com');

/*!40000 ALTER TABLE `tb_employee` ENABLE KEYS */;
UNLOCK TABLES;


# Dump of table tb_eval_course
# ------------------------------------------------------------

DROP TABLE IF EXISTS `tb_eval_course`;

CREATE TABLE `tb_eval_course` (
  `row_guid` varchar(255) DEFAULT NULL,
  `recordguid` varchar(255) DEFAULT NULL,
  `id` int NOT NULL AUTO_INCREMENT,
  `t_user_guid` varchar(255) DEFAULT NULL COMMENT '用户GUID',
  `t_content` varchar(255) DEFAULT NULL COMMENT '评价内容',
  `t_label_id` varchar(255) DEFAULT NULL,
  `t_score` int DEFAULT NULL,
  `t_update_date` datetime DEFAULT NULL COMMENT '修改日期',
  `type` varchar(20) DEFAULT NULL,
  `course_guid` varchar(255) DEFAULT NULL,
  PRIMARY KEY (`id`)
) ENGINE=InnoDB DEFAULT CHARSET=utf8;

LOCK TABLES `tb_eval_course` WRITE;
/*!40000 ALTER TABLE `tb_eval_course` DISABLE KEYS */;

INSERT INTO `tb_eval_course` (`row_guid`, `recordguid`, `id`, `t_user_guid`, `t_content`, `t_label_id`, `t_score`, `t_update_date`, `type`, `course_guid`)
VALUES
	('1259474956880343040',NULL,15,'1259430210527002624','','1',4,'2020-05-10 21:26:44',NULL,'1259011716522127360');

/*!40000 ALTER TABLE `tb_eval_course` ENABLE KEYS */;
UNLOCK TABLES;


# Dump of table tb_img
# ------------------------------------------------------------

DROP TABLE IF EXISTS `tb_img`;

CREATE TABLE `tb_img` (
  `row_guid` varchar(255) DEFAULT NULL,
  `group_guid` varchar(255) DEFAULT NULL,
  `id` varchar(255) NOT NULL,
  `t_img_type` varchar(255) DEFAULT NULL COMMENT '轮播图类型',
  `t_name` varchar(255) DEFAULT NULL COMMENT '名称',
  `t_order_no` varchar(255) DEFAULT NULL COMMENT '排序号',
  `t_img_url` varchar(255) CHARACTER SET utf8mb4 COLLATE utf8mb4_0900_ai_ci DEFAULT NULL COMMENT '图片url',
  `t_link_id` varchar(255) DEFAULT NULL COMMENT '关联id',
  `t_link_type` varchar(255) DEFAULT NULL COMMENT '链接类型',
  `t_status` int DEFAULT NULL COMMENT '状态',
  `t_upload_man` varchar(255) DEFAULT NULL COMMENT '上传人',
  `t_upload_date` datetime DEFAULT NULL COMMENT '上传日期',
  PRIMARY KEY (`id`)
) ENGINE=InnoDB DEFAULT CHARSET=utf8mb4 COLLATE=utf8mb4_0900_ai_ci;

LOCK TABLES `tb_img` WRITE;
/*!40000 ALTER TABLE `tb_img` DISABLE KEYS */;

INSERT INTO `tb_img` (`row_guid`, `group_guid`, `id`, `t_img_type`, `t_name`, `t_order_no`, `t_img_url`, `t_link_id`, `t_link_type`, `t_status`, `t_upload_man`, `t_upload_date`)
VALUES
	('1264893734745161728',NULL,'1264893734745161728','首页轮播图',NULL,'10','http://airffter.oss-cn-beijing.aliyuncs.com/carousel/%E7%BA%AF%E8%89%B2%E4%BA%91%E6%B2%B3%E5%AE%9Dapp%20icon%20108_108px.png','1263741577165697024','课程',1,'110','2020-05-25 20:19:02'),
	('1264905110846849024',NULL,'1264905110846849024','首页轮播图',NULL,'0','http://airffter.oss-cn-beijing.aliyuncs.com/carousel/success.png','1263741577165697024','课程',1,'110','2020-05-25 21:04:14'),
	('1264913090535440384',NULL,'1264913090535440384','首页轮播图','','0','http://airffter.oss-cn-beijing.aliyuncs.com/carousel/QQ%E6%88%AA%E5%9B%BE20200525145101.png','1263741577165697024','课程',1,'1263827279857512448','2020-05-25 21:35:56'),
	('1265525883903078400',NULL,'1265525883903078400','首页轮播图',NULL,'','http://airffter.oss-cn-beijing.aliyuncs.com/carousel/%E7%BA%AF%E8%89%B2%E4%BA%91%E6%B2%B3%E5%AE%9Dapp%20icon%20108_108px.png','','课程',1,'110','2020-05-27 14:10:58');

/*!40000 ALTER TABLE `tb_img` ENABLE KEYS */;
UNLOCK TABLES;


# Dump of table tb_knowledge
# ------------------------------------------------------------

DROP TABLE IF EXISTS `tb_knowledge`;

CREATE TABLE `tb_knowledge` (
  `group_guid` varchar(255) DEFAULT NULL,
  `row_guid` varchar(255) DEFAULT NULL,
  `id` int NOT NULL AUTO_INCREMENT,
  `t_knowledge_name` varchar(255) DEFAULT NULL,
  `t_parent_id` int DEFAULT NULL COMMENT '知识点分级',
  `t_knowledge_man` varchar(255) DEFAULT NULL COMMENT '修改人（当前登陆用户）',
  `t_update_date` datetime DEFAULT NULL COMMENT '修改日期',
  `t_status` int DEFAULT NULL COMMENT '状态 0正常 1删除',
  PRIMARY KEY (`id`)
) ENGINE=InnoDB DEFAULT CHARSET=utf8;

LOCK TABLES `tb_knowledge` WRITE;
/*!40000 ALTER TABLE `tb_knowledge` DISABLE KEYS */;

INSERT INTO `tb_knowledge` (`group_guid`, `row_guid`, `id`, `t_knowledge_name`, `t_parent_id`, `t_knowledge_man`, `t_update_date`, `t_status`)
VALUES
	(NULL,'1263740695153897472',44,'中级预备班',0,'110','2020-05-22 15:57:16',NULL),
	(NULL,'1263740734676824064',45,'用线表达想法',44,'110','2020-05-22 15:57:25',NULL),
	(NULL,'1263740827945562112',47,'渐变色',44,'110','2020-05-22 15:57:47',NULL),
	(NULL,'1263741115855171584',48,'调出二次色',44,'110','2020-05-22 15:58:56',NULL),
	(NULL,'1263741162483249152',49,'认识颜色的深浅',44,'110','2020-05-22 15:59:07',NULL),
	(NULL,'1263741205676191744',50,'调出颜色的深浅',44,'110','2020-05-22 15:59:17',NULL),
	(NULL,'1263741245941510144',51,'相近色',44,'110','2020-05-22 15:59:27',NULL),
	(NULL,'1263741268322316288',52,'同类色',44,'110','2020-05-22 15:59:32',NULL),
	(NULL,'1263741299121090560',53,'浮雕课',44,'110','2020-05-22 15:59:40',NULL);

/*!40000 ALTER TABLE `tb_knowledge` ENABLE KEYS */;
UNLOCK TABLES;


# Dump of table tb_label
# ------------------------------------------------------------

DROP TABLE IF EXISTS `tb_label`;

CREATE TABLE `tb_label` (
  `row_guid` varchar(255) DEFAULT NULL,
  `recordguid` varchar(255) DEFAULT NULL,
  `id` int NOT NULL AUTO_INCREMENT,
  `t_label_name` varchar(255) DEFAULT NULL COMMENT '标签类型名称',
  `t_update_date` datetime DEFAULT NULL COMMENT '修改日期',
  `t_update_man` varchar(255) DEFAULT NULL COMMENT '修改人',
  `t_status` int DEFAULT NULL COMMENT '状态',
  PRIMARY KEY (`id`)
) ENGINE=InnoDB DEFAULT CHARSET=utf8mb4 COLLATE=utf8mb4_0900_ai_ci;

LOCK TABLES `tb_label` WRITE;
/*!40000 ALTER TABLE `tb_label` DISABLE KEYS */;

INSERT INTO `tb_label` (`row_guid`, `recordguid`, `id`, `t_label_name`, `t_update_date`, `t_update_man`, `t_status`)
VALUES
	(NULL,NULL,1,'才华爆表',NULL,NULL,NULL),
	(NULL,NULL,2,'思路清晰',NULL,NULL,NULL),
	(NULL,NULL,3,'大神风范',NULL,NULL,NULL),
	(NULL,NULL,4,'生动有趣',NULL,NULL,NULL),
	(NULL,NULL,5,'画工惊人',NULL,NULL,NULL),
	(NULL,NULL,6,'经验丰富',NULL,NULL,NULL);

/*!40000 ALTER TABLE `tb_label` ENABLE KEYS */;
UNLOCK TABLES;


# Dump of table tb_level
# ------------------------------------------------------------

DROP TABLE IF EXISTS `tb_level`;

CREATE TABLE `tb_level` (
  `id` int NOT NULL AUTO_INCREMENT,
  `t_level_name` varchar(255) DEFAULT NULL,
  PRIMARY KEY (`id`)
) ENGINE=InnoDB DEFAULT CHARSET=utf8mb4 COLLATE=utf8mb4_0900_ai_ci;

LOCK TABLES `tb_level` WRITE;
/*!40000 ALTER TABLE `tb_level` DISABLE KEYS */;

INSERT INTO `tb_level` (`id`, `t_level_name`)
VALUES
	(1,'学龄前'),
	(2,'小学低年级'),
	(3,'小学高年级'),
	(4,'初中'),
	(5,'高中'),
	(6,'高考'),
	(7,'成年');

/*!40000 ALTER TABLE `tb_level` ENABLE KEYS */;
UNLOCK TABLES;


# Dump of table tb_link
# ------------------------------------------------------------

DROP TABLE IF EXISTS `tb_link`;

CREATE TABLE `tb_link` (
  `row_guid` varchar(255) DEFAULT NULL,
  `group_guid` varchar(255) DEFAULT NULL,
  `id` int NOT NULL AUTO_INCREMENT,
  `t_link_name` varchar(255) DEFAULT NULL COMMENT '环节名称',
  `t_video_url` varchar(255) DEFAULT NULL,
  `t_video_id` varchar(255) DEFAULT NULL COMMENT 'VideoId',
  `t_class_id` varchar(255) DEFAULT NULL COMMENT '课节id',
  `t_status` int DEFAULT NULL COMMENT '状态 0 已发布 1未发布 2已下架',
  `t_create_man` varchar(255) DEFAULT NULL COMMENT '创建人',
  `t_update_date` datetime DEFAULT NULL COMMENT '修改日期',
  `study_status` int DEFAULT NULL COMMENT '上课学习状态 0未开始 1已开始',
  `study_time` datetime DEFAULT NULL COMMENT '学习日期',
  PRIMARY KEY (`id`)
) ENGINE=InnoDB DEFAULT CHARSET=utf8;

LOCK TABLES `tb_link` WRITE;
/*!40000 ALTER TABLE `tb_link` DISABLE KEYS */;

INSERT INTO `tb_link` (`row_guid`, `group_guid`, `id`, `t_link_name`, `t_video_url`, `t_video_id`, `t_class_id`, `t_status`, `t_create_man`, `t_update_date`, `study_status`, `study_time`)
VALUES
	('2',NULL,183,'作品',NULL,NULL,'2',0,'110','2020-05-25 20:13:01',0,NULL);

/*!40000 ALTER TABLE `tb_link` ENABLE KEYS */;
UNLOCK TABLES;


# Dump of table tb_log
# ------------------------------------------------------------

DROP TABLE IF EXISTS `tb_log`;

CREATE TABLE `tb_log` (
  `id` varchar(255) NOT NULL,
  `t_operator_man` varchar(255) DEFAULT NULL COMMENT '操作人',
  `t_operator_date` datetime DEFAULT NULL COMMENT '操作日期',
  `t_ip_address` varchar(255) DEFAULT NULL COMMENT 'ip地址',
  `t_operator_record` varchar(255) DEFAULT NULL COMMENT '操作记录',
  PRIMARY KEY (`id`)
) ENGINE=InnoDB DEFAULT CHARSET=utf8;

LOCK TABLES `tb_log` WRITE;
/*!40000 ALTER TABLE `tb_log` DISABLE KEYS */;

INSERT INTO `tb_log` (`id`, `t_operator_man`, `t_operator_date`, `t_ip_address`, `t_operator_record`)
VALUES
	('1232680580605345792','110','2020-02-26 22:55:27','192.168.112.1','编辑员工'),
	('1232682015451578368','110','2020-02-26 23:01:09','192.168.112.1','新增员工'),
	('1232682099484459008','110','2020-02-26 23:01:29','192.168.112.1','删除员工'),
	('1232682374903431168','1232682015317360640','2020-02-26 23:02:35','192.168.112.1','编辑员工'),
	('1232682752894107648','1232682015317360640','2020-02-26 23:04:05','192.168.112.1','新增员工'),
	('1232682858963861504','1232682015317360640','2020-02-26 23:04:30','192.168.112.1','删除员工'),
	('1233550944407461888','1232682015317360640','2020-02-29 08:33:58','192.168.112.1','删除角色'),
	('1233558102213705728',NULL,'2020-02-29 09:02:25','192.168.112.1','删除角色'),
	('1233730506932092928',NULL,'2020-02-29 20:27:29','192.168.112.1','新增员工'),
	('1233739780697714688',NULL,'2020-02-29 21:04:20','192.168.112.1','编辑员工'),
	('1233740833132474368',NULL,'2020-02-29 21:08:31','192.168.112.1','编辑员工'),
	('1233746148302954496',NULL,'2020-02-29 21:29:38','172.17.181.199','编辑员工'),
	('1233747075213094912',NULL,'2020-02-29 21:33:19','192.168.112.1','修改员工状态'),
	('1233758054047043584',NULL,'2020-02-29 22:16:01','192.168.112.1','新增员工'),
	('1233760071461236736',NULL,'2020-02-29 22:18:06','192.168.112.1','新增员工'),
	('1233762133596610560',NULL,'2020-02-29 22:33:09','172.17.181.199','编辑员工'),
	('1233806333774409728','1232682015317360640','2020-03-01 01:28:48','192.168.112.1','新增员工'),
	('1233806829117517824','1232682015317360640','2020-03-01 01:30:46','192.168.112.1','新增员工'),
	('1233808780477243392',NULL,'2020-03-01 01:38:31','172.17.181.199','新增员工'),
	('1234000966833577984',NULL,'2020-03-01 14:22:12','172.17.181.199','删除员工'),
	('1234004981749719040',NULL,'2020-03-01 14:38:09','192.168.112.1','删除员工'),
	('1234005231310807040',NULL,'2020-03-01 14:39:09','192.168.112.1','删除员工'),
	('1234008934520557568',NULL,'2020-03-01 14:53:51','192.168.112.1','删除员工'),
	('1234029784868794368',NULL,'2020-03-01 16:16:43','172.17.181.199','编辑员工'),
	('1234030512391794688',NULL,'2020-03-01 16:19:36','172.17.181.199','删除角色'),
	('1234102645531103232',NULL,'2020-03-01 21:06:13','192.168.112.1','编辑员工'),
	('1234103989618565120',NULL,'2020-03-01 21:11:34','172.17.181.199','编辑员工'),
	('1234121574271639552',NULL,'2020-03-01 22:21:27','172.17.181.199','编辑员工'),
	('1234121932368732160',NULL,'2020-03-01 22:22:52','172.17.181.199','编辑员工'),
	('1234121946293821440',NULL,'2020-03-01 22:22:55','172.17.181.199','编辑员工'),
	('1234122861268656128',NULL,'2020-03-01 22:26:33','172.17.181.199','编辑员工'),
	('1234292050260320256',NULL,'2020-03-02 09:38:51','172.17.181.199','新增员工'),
	('1234402349263462400','1232682015317360640','2020-03-02 08:57:09','192.168.112.1','新增消息'),
	('1234430246992752640','1233808780267528192','2020-03-02 10:47:57','192.168.112.1','新增消息'),
	('1234435287367639040','1234292050008662016','2020-03-02 11:08:02','192.168.112.1','删除消息'),
	('1234450336339124224',NULL,'2020-03-02 20:07:50','172.17.181.199','保存角色'),
	('1234452548217921536',NULL,'2020-03-02 20:16:37','172.17.181.199','保存角色'),
	('1234465855417372672','1233808780267528192','2020-03-02 13:09:30','192.168.112.1','编辑员工'),
	('1234466158908821504','1233808780267528192','2020-03-02 13:10:42','192.168.112.1','编辑员工'),
	('1234467324686286848',NULL,'2020-03-02 13:15:20','192.168.112.1','新增员工'),
	('1234467493666406400','1233808780267528192','2020-03-02 13:16:00','192.168.112.1','新增员工'),
	('1234675040612519936','1234467493548965888','2020-03-03 03:00:43','192.168.112.1','保存轮播图'),
	('1234676724613107712','1234467324472377344','2020-03-03 03:07:25','192.168.112.1','保存轮播图'),
	('1234793799457177600','1232672856630939648','2020-03-03 10:52:38','192.168.112.1','保存课程类别'),
	('1234795062613835776','1232672856630939648','2020-03-03 10:57:39','192.168.112.1','保存课程类别'),
	('1235011112223653888','1234292050008662016','2020-03-04 01:16:09','192.168.112.1','保存轮播图'),
	('1235022502762217472','1234467324472377344','2020-03-04 02:01:25','192.168.112.1','修改创作方式'),
	('1235022894657011712','1234467324472377344','2020-03-04 02:02:58','192.168.112.1','修改创作方式'),
	('1235024707238060032','1234467324472377344','2020-03-04 02:10:10','192.168.112.1','修改创作方式'),
	('1235025770414342144','1234467324472377344','2020-03-04 02:14:24','192.168.112.1','修改创作方式'),
	('1235027231835750400','1234467324472377344','2020-03-04 02:20:12','192.168.112.1','修改创作方式'),
	('1235028864766439424','1234467493548965888','2020-03-04 02:26:42','192.168.112.1','保存创作方式'),
	('1235029235710685184','1234467493548965888','2020-03-04 02:28:10','192.168.112.1','修改创作方式'),
	('1235089533544988672','1233808780267528192','2020-03-04 06:27:46','192.168.112.1','保存知识点'),
	('1235090254722007040','1233808780267528192','2020-03-04 06:29:33','192.168.112.1','保存知识点'),
	('1235090606385041408','1233808780267528192','2020-03-04 06:32:02','192.168.112.1','保存知识点'),
	('1235090720398807040','1233808780267528192','2020-03-04 06:32:29','192.168.112.1','保存知识点'),
	('1235099239885864960','1234467493548965888','2020-03-04 07:06:20','192.168.112.1','保存知识点'),
	('1235100753849311232','1234467493548965888','2020-03-04 07:12:21','192.168.112.1','保存知识点'),
	('1235101231869980672','1234467493548965888','2020-03-04 07:14:15','192.168.112.1','保存知识点'),
	('1235101616500240384','1234467493548965888','2020-03-04 07:14:33','192.168.112.1','保存知识点'),
	('1235101731445100544','1234467493548965888','2020-03-04 07:16:14','192.168.112.1','保存知识点'),
	('1235102230567276544','1234467493548965888','2020-03-04 07:17:53','192.168.112.1','保存知识点'),
	('1235102803681120256','1234467493548965888','2020-03-04 07:20:30','192.168.112.1','保存知识点'),
	('1235103391579926528','1234467493548965888','2020-03-04 07:22:50','192.168.112.1','保存知识点'),
	('1235104782083977216','1234467493548965888','2020-03-04 07:23:14','192.168.112.1','保存知识点'),
	('1235104926544195584','1234467493548965888','2020-03-04 07:28:56','192.168.112.1','保存知识点'),
	('1235105205226336256','1234467493548965888','2020-03-04 07:30:03','192.168.112.1','保存知识点'),
	('1235105299828862976','1234467493548965888','2020-03-04 07:30:25','192.168.112.1','保存知识点'),
	('1235148617549565952','1234467324472377344','2020-03-04 10:22:33','172.17.181.199','保存课程类别'),
	('1235149318522621952','1234467324472377344','2020-03-04 10:25:20','172.17.181.199','保存课程类别'),
	('1235153554157293568','1234467324472377344','2020-03-04 10:42:10','172.17.181.199','保存轮播图'),
	('1235154094085853184','1234467324472377344','2020-03-04 10:44:19','172.17.181.199','删除轮播图'),
	('1237745177768730624','1232672856630939648','2020-03-11 14:20:21','172.17.181.199','新增消息'),
	('1237745569420255232','1232672856630939648','2020-03-11 14:21:55','172.17.181.199','新增消息'),
	('1237745586562375680','1232672856630939648','2020-03-11 14:21:59','172.17.181.199','新增消息'),
	('1237745703315021824','1232682015317360640','2020-03-11 14:22:27','172.17.181.199','新增消息'),
	('1237745853827620864','1232672856630939648','2020-03-11 14:23:02','172.17.181.199','新增消息'),
	('1237746040843247616','1232682015317360640','2020-03-11 14:23:47','172.17.181.199','新增消息'),
	('1237746148385202176','1232672856630939648','2020-03-11 14:24:13','172.17.181.199','新增消息'),
	('1237746478556618752','1232682015317360640','2020-03-11 14:25:31','172.17.181.199','新增消息'),
	('1237746651022204928','1232682015317360640','2020-03-11 14:26:12','172.17.181.199','新增消息'),
	('1237747707894538240',NULL,'2020-03-11 14:30:24','172.17.181.199','新增消息'),
	('1237749483079180288',NULL,'2020-03-11 14:37:28','172.17.181.199','删除消息'),
	('1237786109402652672','1232682015317360640','2020-03-11 17:03:00','172.17.181.199','保存轮播图'),
	('1237786603076427776','1232682015317360640','2020-03-11 17:04:58','172.17.181.199','删除轮播图'),
	('1237787236936425472','1232682015317360640','2020-03-11 17:07:29','172.17.181.199','保存轮播图'),
	('1237787363486965760','1232682015317360640','2020-03-11 17:07:59','172.17.181.199','保存轮播图'),
	('1238132232428367872','1232672856630939648','2020-03-12 15:58:22','172.17.181.199','评价作品'),
	('1238132592182210560','1232682015317360640','2020-03-12 15:59:48','172.17.181.199','评价作品'),
	('1238134492709433344','1232672856630939648','2020-03-12 16:07:21','172.17.181.199','评价作品'),
	('1238134615027920896','1232672856630939648','2020-03-12 16:07:50','172.17.181.199','评价作品'),
	('1238134833035259904','1232672856630939648','2020-03-12 16:08:42','172.17.181.199','评价作品'),
	('1238134965529128960','1232672856630939648','2020-03-12 16:09:14','172.17.181.199','评价作品'),
	('1238135307050332160','1232682015317360640','2020-03-12 16:10:35','172.17.181.199','评价作品'),
	('1238136206879535104','1232672856630939648','2020-03-12 16:14:10','172.17.181.199','评价作品'),
	('1238136219550527488','1232672856630939648','2020-03-12 16:14:13','172.17.181.199','评价作品'),
	('1238136246142414848','1232672856630939648','2020-03-12 16:14:19','172.17.181.199','评价作品'),
	('1238138041325498368','1232672856630939648','2020-03-12 16:21:27','172.17.181.199','评价作品'),
	('1238138106985639936','1232672856630939648','2020-03-12 16:21:43','192.168.112.1','评价作品'),
	('1238138163759738880','1232672856630939648','2020-03-12 16:21:56','192.168.112.1','评价作品'),
	('1238138252037255168','1232672856630939648','2020-03-12 16:22:17','192.168.112.1','评价作品'),
	('1238147720768286720','1232682015317360640','2020-03-12 16:59:55','172.17.181.199','评价作品'),
	('1239201603921817600','110','2020-03-15 14:47:40','172.17.181.199','保存创作方式'),
	('1239202634739134464','110','2020-03-15 14:51:46','172.17.181.199','修改创作方式'),
	('1239204955502129152','110','2020-03-15 15:00:59','172.17.181.199','修改创作方式'),
	('1239205052361191424','110','2020-03-15 15:01:22','172.17.181.199','保存创作方式'),
	('1239205192748740608','110','2020-03-15 15:01:56','172.17.181.199','修改创作方式'),
	('1239205315180474368','110','2020-03-15 15:02:25','172.17.181.199','修改创作方式'),
	('1239208529340948480',NULL,'2020-03-15 15:14:52','192.168.112.1','保存创作方式'),
	('1239211498161680384','110','2020-03-15 15:26:45','192.168.112.1','保存创作方式'),
	('1239211593827069952','110','2020-03-15 15:27:22','172.17.181.199','保存知识点'),
	('1239211736450183168','110','2020-03-15 15:27:56','172.17.181.199','保存知识点'),
	('1239211822637236224','110','2020-03-15 15:28:10','192.168.112.1','保存创作方式'),
	('1239212896473034752','110','2020-03-15 15:32:33','172.17.181.199','保存知识点'),
	('1239213041495289856','110','2020-03-15 15:33:07','172.17.181.199','保存知识点'),
	('1239213144163463168','110','2020-03-15 15:33:32','172.17.181.199','保存知识点'),
	('1239214575129964544','110','2020-03-15 15:39:13','172.17.181.199','保存知识点'),
	('1239215367282995200','110','2020-03-15 15:42:22','172.17.181.199','保存知识点'),
	('1239215747098193920','110','2020-03-15 15:43:52','172.17.181.199','保存知识点'),
	('1239215767079858176','110','2020-03-15 15:43:57','172.17.181.199','保存知识点'),
	('1239216372376645632','110','2020-03-15 15:46:21','172.17.181.199','保存知识点'),
	('1239216443784671232','110','2020-03-15 15:46:38','172.17.181.199','保存知识点'),
	('1239217128752263168','110','2020-03-15 15:49:22','172.17.181.199','保存知识点'),
	('1239228242888499200','110','2020-03-15 16:33:31','192.168.112.1','编辑知识点'),
	('1239229893607256064','110','2020-03-15 16:40:05','192.168.112.1','修改创作方式'),
	('1239230340459933696','110','2020-03-15 16:41:52','192.168.112.1','修改创作方式'),
	('1239230501282131968','110','2020-03-15 16:42:30','192.168.112.1','删除创作方式'),
	('1239236159561814016','110','2020-03-15 17:04:59','192.168.112.1','编辑知识点'),
	('1239237872159133696','110','2020-03-15 17:11:47','192.168.112.1','编辑知识点'),
	('1239239968921006080','110','2020-03-15 17:20:07','192.168.112.1','编辑知识点'),
	('1239353277703909376',NULL,'2020-03-16 00:50:22','192.168.112.1','编辑知识点'),
	('1239353403159736320','110','2020-03-16 00:50:52','192.168.112.1','编辑知识点'),
	('1239881190589091840','110','2020-03-17 11:48:06','192.168.112.1','保存面向对象视频'),
	('1240279609520128000','110','2020-03-18 14:11:17','172.17.181.199','保存课程类别'),
	('1240279804265857024','110','2020-03-18 14:12:03','172.17.181.199','保存课程类别'),
	('1240281847776903168','110','2020-03-18 14:20:10','172.17.181.199','保存课程类别'),
	('1240552037658234880','110','2020-03-19 08:13:49','192.168.112.1','修改课程类别'),
	('1240552376310534144','110','2020-03-19 08:15:10','192.168.112.1','保存课程类别'),
	('1243012754986614784',NULL,'2020-03-26 03:11:49','192.168.112.1','学生评价课程'),
	('1243013262631616512',NULL,'2020-03-26 03:13:50','192.168.112.1','学生评价课程'),
	('1243013832159379456','1241716150484664320','2020-03-26 03:16:06','192.168.112.1','学生评价课程'),
	('1243014433261875200','1241716150484664320','2020-03-26 03:18:30','192.168.112.1','学生评价课程'),
	('1243014774413979648','1241716150484664320','2020-03-26 03:19:51','192.168.112.1','学生评价课程'),
	('1248244530596057088','1241716150484664320','2020-04-09 21:41:02','192.168.112.1','编辑知识点'),
	('1250042411759583232','110','2020-04-14 20:45:10','172.17.181.199','保存课程类别'),
	('1250088805711101952',NULL,'2020-04-14 23:49:31','172.17.181.199','编辑员工'),
	('1250088811465687040',NULL,'2020-04-14 23:49:33','172.17.181.199','编辑员工'),
	('1250088827685060608',NULL,'2020-04-14 23:49:37','172.17.181.199','编辑员工'),
	('1250254213562908672',NULL,'2020-04-15 10:46:48','172.17.181.199','新增员工'),
	('1250287652869652480',NULL,'2020-04-15 12:59:40','172.17.181.199','编辑员工'),
	('1250287785527099392',NULL,'2020-04-15 13:00:12','172.17.181.199','编辑员工'),
	('1250287814622986240',NULL,'2020-04-15 13:00:19','172.17.181.199','编辑员工'),
	('1250288400202350592',NULL,'2020-04-15 13:02:38','172.17.181.199','编辑员工'),
	('1250288882262097920','110','2020-04-15 13:04:33','172.17.181.199','删除课程类别'),
	('1250288890910752768','110','2020-04-15 13:04:35','172.17.181.199','删除课程类别'),
	('1250288914579210240','110','2020-04-15 13:04:41','172.17.181.199','删除课程类别'),
	('1250288923093647360','110','2020-04-15 13:04:43','172.17.181.199','删除课程类别'),
	('1250288931528392704','110','2020-04-15 13:04:45','172.17.181.199','删除课程类别'),
	('1250289086382096384','110','2020-04-15 13:05:22','172.17.181.199','编辑知识点'),
	('1250289096557477888','110','2020-04-15 13:05:25','172.17.181.199','编辑知识点'),
	('1250289114009976832','110','2020-04-15 13:05:29','172.17.181.199','编辑知识点'),
	('1250289126676774912','110','2020-04-15 13:05:32','172.17.181.199','编辑知识点'),
	('1250289205944926208','110','2020-04-15 13:05:51','172.17.181.199','编辑知识点'),
	('1250289245274914816','110','2020-04-15 13:06:00','172.17.181.199','编辑知识点'),
	('1250289254129090560','110','2020-04-15 13:06:02','172.17.181.199','编辑知识点'),
	('1250289272667914240','110','2020-04-15 13:06:07','172.17.181.199','编辑知识点'),
	('1250289281622753280','110','2020-04-15 13:06:09','172.17.181.199','编辑知识点'),
	('1250289300421623808','110','2020-04-15 13:06:13','172.17.181.199','编辑知识点'),
	('1250289318025117696','110','2020-04-15 13:06:17','172.17.181.199','编辑知识点'),
	('1250289326820573184','110','2020-04-15 13:06:19','172.17.181.199','编辑知识点'),
	('1250289343937527808','110','2020-04-15 13:06:24','172.17.181.199','编辑知识点'),
	('1250289369812189184','110','2020-04-15 13:06:30','172.17.181.199','编辑知识点'),
	('1250289396181778432','110','2020-04-15 13:06:36','172.17.181.199','编辑知识点'),
	('1250289406881447936','110','2020-04-15 13:06:39','172.17.181.199','编辑知识点'),
	('1250308482366324736',NULL,'2020-04-15 14:22:26','172.17.181.199','编辑员工'),
	('1250340993389707264',NULL,'2020-04-15 16:31:38','172.17.181.199','新增员工'),
	('1250342640887152640',NULL,'2020-04-15 16:38:10','172.17.181.199','编辑员工'),
	('1250342680770789376',NULL,'2020-04-15 16:38:20','172.17.181.199','编辑员工'),
	('1250342716850192384',NULL,'2020-04-15 16:38:29','172.17.181.199','编辑员工'),
	('1250350673625235456',NULL,'2020-04-15 17:10:06','172.17.181.199','编辑员工'),
	('1250350942635311104',NULL,'2020-04-15 17:11:10','172.17.181.199','新增员工'),
	('1250449327382413312','110','2020-04-15 23:42:07','192.168.112.1','删除课程类别'),
	('1250601871628496896',NULL,'2020-04-16 09:48:16','172.17.181.199','编辑员工'),
	('1250622831664492544',NULL,'2020-04-16 11:11:33','172.17.181.199','保存角色'),
	('1250624615745253376',NULL,'2020-04-16 11:18:39','172.17.181.199','保存角色'),
	('1250670325031170048',NULL,'2020-04-16 14:20:16','172.17.181.199','保存角色'),
	('1250672450381475840','110','2020-04-16 14:28:43','172.17.181.199','删除课程类别'),
	('1250812247657869312',NULL,'2020-04-16 23:44:13','172.17.181.199','保存角色'),
	('1250813968604225536',NULL,'2020-04-16 23:51:04','192.168.112.1','编辑角色'),
	('1250814293167857664',NULL,'2020-04-16 23:52:21','192.168.112.1','编辑角色'),
	('1250814295499890688',NULL,'2020-04-16 23:52:22','192.168.112.1','编辑角色'),
	('1250815519147831296',NULL,'2020-04-16 23:57:13','172.17.181.199','编辑角色'),
	('1250815664237195264',NULL,'2020-04-16 23:57:48','172.17.181.199','编辑角色'),
	('1250815722575769600',NULL,'2020-04-16 23:58:02','172.17.181.199','编辑角色'),
	('1250816947568390144',NULL,'2020-04-17 00:02:54','172.17.181.199','编辑角色'),
	('1250817165118550016',NULL,'2020-04-17 00:03:46','172.17.181.199','编辑角色'),
	('1250952035236982784',NULL,'2020-04-17 08:59:41','172.17.181.199','编辑角色'),
	('1250952139503185920',NULL,'2020-04-17 09:00:06','172.17.181.199','编辑角色'),
	('1250960241979961344','110','2020-04-17 09:32:18','172.17.181.199','删除角色'),
	('1250961422634594304','110','2020-04-17 09:37:00','172.17.181.199','修改课程类别'),
	('1250962392001163264','110','2020-04-17 09:40:51','172.17.181.199','保存课程类别'),
	('1250962437480001536','110','2020-04-17 09:41:02','172.17.181.199','删除课程类别'),
	('1250962944923676672','110','2020-04-17 09:43:02','172.17.181.199','保存创作方式'),
	('1250963126700617728','110','2020-04-17 09:43:46','172.17.181.199','修改创作方式'),
	('1250963180349960192','110','2020-04-17 09:43:59','172.17.181.199','保存创作方式'),
	('1250963212411219968','110','2020-04-17 09:44:06','172.17.181.199','修改创作方式'),
	('1250963257726480384','110','2020-04-17 09:44:17','172.17.181.199','保存创作方式'),
	('1250963269353091072','110','2020-04-17 09:44:20','172.17.181.199','删除创作方式'),
	('1250987864256819200','110','2020-04-17 11:22:04','172.17.181.199','保存知识点'),
	('1250987899371532288','110','2020-04-17 11:22:12','172.17.181.199','编辑知识点'),
	('1250987947211763712','110','2020-04-17 11:22:24','172.17.181.199','保存知识点'),
	('1250987995895050240','110','2020-04-17 11:22:35','172.17.181.199','编辑知识点'),
	('1251063434424541184','110','2020-04-17 16:22:21','172.17.181.199','保存创作方式'),
	('1251063463734337536','110','2020-04-17 16:22:28','172.17.181.199','修改创作方式'),
	('1251137746905051136',NULL,'2020-04-17 21:17:39','172.17.181.199','编辑角色'),
	('1251137786541223936',NULL,'2020-04-17 21:17:48','172.17.181.199','编辑角色'),
	('1251146486983143424','110','2020-04-17 21:52:22','172.17.181.199','保存知识点'),
	('1251146522731196416','110','2020-04-17 21:52:31','172.17.181.199','保存知识点'),
	('1251146569636098048','110','2020-04-17 21:52:42','172.17.181.199','保存知识点'),
	('1251146753543745536','110','2020-04-17 21:53:26','172.17.181.199','保存创作方式'),
	('1251146775144411136','110','2020-04-17 21:53:31','172.17.181.199','修改创作方式'),
	('1251146800431869952','110','2020-04-17 21:53:37','172.17.181.199','修改创作方式'),
	('1251146825371201536','110','2020-04-17 21:53:43','172.17.181.199','修改创作方式'),
	('1251146847412269056','110','2020-04-17 21:53:48','172.17.181.199','删除创作方式'),
	('1251790879142342656',NULL,'2020-04-19 16:32:57','172.17.181.199','学生评价课程'),
	('1251794603235549184','1249305030597226496','2020-04-19 16:47:45','172.17.181.199','学生评价课程'),
	('1251794744952692736','1249305030597226496','2020-04-19 16:48:19','172.17.181.199','学生评价课程'),
	('1251795225930309632','1249305030597226496','2020-04-19 16:50:14','172.17.181.199','学生评价课程'),
	('1252213914697662464','110','2020-04-20 20:33:57','172.17.181.199','删除课程类别'),
	('1253236192942510080','1232682015317360640','2020-04-23 16:16:07','192.168.112.1','保存预习视频'),
	('1253236687249625088','1232682015317360640','2020-04-23 16:18:05','192.168.112.1','保存预习视频'),
	('1253237108621987840','1232682015317360640','2020-04-23 16:19:45','192.168.112.1','保存预习视频'),
	('1253276545189560320','1232682015317360640','2020-04-23 18:56:28','172.17.181.199','评价作品'),
	('1253283279727640576','1232682015317360640','2020-04-23 19:23:13','172.17.181.199','评价作品'),
	('1253303220354826240','110','2020-04-23 20:42:28','172.17.181.199','保存预习视频'),
	('1253303795616202752','110','2020-04-23 20:44:45','172.17.181.199','保存预习视频'),
	('1253303961295405056','110','2020-04-23 20:45:24','172.17.181.199','保存上课视频'),
	('1253306341101551616','110','2020-04-23 20:54:52','172.17.181.199','保存作品视频'),
	('1253332803154231296','110','2020-04-23 22:40:01','172.17.181.199','保存预习视频'),
	('1253333241849069568','110','2020-04-23 22:41:45','172.17.181.199','保存预习视频'),
	('1253333589456207872','110','2020-04-23 22:43:08','172.17.181.199','保存上课视频'),
	('1253523829915549696',NULL,'2020-04-24 11:19:05','172.17.181.199','编辑员工'),
	('1253523839143018496',NULL,'2020-04-24 11:19:07','172.17.181.199','编辑员工'),
	('1253523937814020096',NULL,'2020-04-24 11:19:31','172.17.181.199','编辑员工'),
	('1253529246032924672',NULL,'2020-04-24 11:40:36','172.17.181.199','保存角色'),
	('1253529329730260992',NULL,'2020-04-24 11:40:56','172.17.181.199','编辑角色'),
	('1253529359656620032',NULL,'2020-04-24 11:41:03','172.17.181.199','编辑角色'),
	('1253529376463196160',NULL,'2020-04-24 11:41:07','172.17.181.199','删除角色'),
	('1253529423623950336',NULL,'2020-04-24 11:41:19','172.17.181.199','保存角色'),
	('1253529454561136640',NULL,'2020-04-24 11:41:26','172.17.181.199','编辑角色'),
	('1253571242634170368','110','2020-04-24 14:27:29','172.17.181.199','保存预习视频'),
	('1253598977544818688',NULL,'2020-04-24 16:17:42','172.17.181.199','新增员工'),
	('1253600273802858496',NULL,'2020-04-24 16:22:51','172.17.181.199','新增员工'),
	('1253600715018473472',NULL,'2020-04-24 16:24:36','172.17.181.199','删除员工'),
	('1253600777333248000',NULL,'2020-04-24 16:24:51','172.17.181.199','删除员工'),
	('1253601288811843584',NULL,'2020-04-24 16:26:53','172.17.181.199','新增员工'),
	('1253889535622451200','110','2020-04-25 11:32:16','172.17.181.199','编辑角色'),
	('1253891200958271488','110','2020-04-25 11:38:53','172.17.181.199','编辑角色'),
	('1253891285981007872','110','2020-04-25 11:39:13','172.17.181.199','编辑角色'),
	('1253960421700468736',NULL,'2020-04-25 16:13:57','172.17.181.199','编辑员工'),
	('1255153752166039552','1250254213499994112','2020-04-28 23:15:49','172.17.181.199','保存课程类别'),
	('1255153834143711232','1250254213499994112','2020-04-28 23:16:08','172.17.181.199','保存课程类别'),
	('1255154424303255552','1250254213499994112','2020-04-28 23:18:29','172.17.181.199','删除课程类别'),
	('1255155575752949760','1250254213499994112','2020-04-28 23:23:04','172.17.181.199','保存课程类别'),
	('1255156187932590080','1250254213499994112','2020-04-28 23:25:30','172.17.181.199','删除课程类别'),
	('1255157065032859648','1250254213499994112','2020-04-28 23:28:59','172.17.181.199','保存课程类别'),
	('1255165369419235328',NULL,'2020-04-29 00:01:59','172.17.181.199','编辑员工'),
	('1255686909947080704','110','2020-04-30 10:34:24','192.168.112.1','删除课程类别'),
	('1255687068950593536','110','2020-04-30 10:35:01','172.17.181.199','保存课程类别'),
	('1255687300466143232','110','2020-04-30 10:35:57','192.168.112.1','删除课程类别'),
	('1255688369042350080','110','2020-04-30 10:40:11','172.17.181.199','保存课程类别'),
	('1255688380958367744','110','2020-04-30 10:40:14','172.17.181.199','删除课程类别'),
	('1255739071294857216','110','2020-04-30 14:01:40','172.17.181.199','删除课程类别'),
	('1255739083772911616','110','2020-04-30 14:01:43','172.17.181.199','删除课程类别'),
	('1255777318020562944','110','2020-04-30 16:33:38','172.17.181.199','保存知识点'),
	('1255777389822853120','110','2020-04-30 16:33:56','172.17.181.199','保存知识点'),
	('1255884099287760896','1250254213499994112','2020-04-30 23:37:57','172.17.181.199','保存知识点'),
	('1255884352489504768','1250254213499994112','2020-04-30 23:38:57','172.17.181.199','保存知识点'),
	('1255884411469807616','1250254213499994112','2020-04-30 23:39:12','172.17.181.199','编辑知识点'),
	('1255884753557241856','1250254213499994112','2020-04-30 23:40:33','172.17.181.199','保存知识点'),
	('1255884786985844736','1250254213499994112','2020-04-30 23:40:41','172.17.181.199','编辑知识点'),
	('1255884831474827264','1250254213499994112','2020-04-30 23:40:52','172.17.181.199','编辑知识点'),
	('1255884859178205184','1250254213499994112','2020-04-30 23:40:58','172.17.181.199','编辑知识点'),
	('1255885252582948864','1250254213499994112','2020-04-30 23:42:32','172.17.181.199','保存知识点'),
	('1256051489896099840','110','2020-05-01 10:43:06','172.17.181.199','编辑知识点'),
	('1256051609094025216','110','2020-05-01 10:43:35','172.17.181.199','编辑知识点'),
	('1256051682372710400','110','2020-05-01 10:43:52','172.17.181.199','编辑知识点'),
	('1256051708637442048','110','2020-05-01 10:43:58','172.17.181.199','保存知识点'),
	('1256055293731368960','1250254213499994112','2020-05-01 10:58:13','172.17.181.199','删除员工'),
	('1256163884786184192',NULL,'2020-05-01 18:09:43','172.17.181.199','编辑员工'),
	('1256163890280722432',NULL,'2020-05-01 18:09:44','172.17.181.199','编辑员工'),
	('1256164137400725504',NULL,'2020-05-01 18:10:43','172.17.181.199','编辑员工'),
	('1256164249170538496',NULL,'2020-05-01 18:11:10','172.17.181.199','编辑员工'),
	('1256164412031168512',NULL,'2020-05-01 18:11:49','172.17.181.199','编辑员工'),
	('1257510622834892800','110','2020-05-05 11:21:11','172.17.181.199','保存作品视频'),
	('1259016814715416576',NULL,'2020-05-09 15:06:15','172.17.181.199','新增员工'),
	('1259023467728809984','1232682015317360640','2020-05-09 15:32:41','172.17.181.199','保存轮播图'),
	('1259024066956439552','1232682015317360640','2020-05-09 15:35:04','172.17.181.199','保存轮播图'),
	('1259024265040834560','1232682015317360640','2020-05-09 15:35:51','172.17.181.199','保存轮播图'),
	('1259024722895253504','1232682015317360640','2020-05-09 15:37:40','172.17.181.199','保存轮播图'),
	('1259055513132343296','110','2020-05-09 17:40:01','192.168.112.1','保存轮播图'),
	('1259059889070735360','110','2020-05-09 17:57:24','192.168.112.1','保存轮播图'),
	('1259060100010672128','110','2020-05-09 17:58:15','192.168.112.1','保存轮播图'),
	('1259089685106032640','110','2020-05-09 19:55:48','172.17.181.199','保存作品视频'),
	('1259120850907054080','110','2020-05-09 21:59:39','172.17.181.199','删除课程类别'),
	('1259120868804149248','110','2020-05-09 21:59:43','172.17.181.199','删除课程类别'),
	('1259120880858578944','110','2020-05-09 21:59:46','172.17.181.199','删除课程类别'),
	('1259144797878988800','110','2020-05-09 23:34:48','172.17.181.199','保存作品视频'),
	('1259474956939063296','1259430210527002624','2020-05-10 21:26:44','172.17.181.199','学生评价课程'),
	('1259687485023850496','1232682015317360640','2020-05-11 11:31:15','172.17.181.199','保存轮播图'),
	('1259687546436849664','1232682015317360640','2020-05-11 11:31:30','172.17.181.199','保存轮播图'),
	('1259687710392193024','1232682015317360640','2020-05-11 11:32:09','172.17.181.199','保存轮播图'),
	('1259689380031369216','1232682015317360640','2020-05-11 11:38:47','172.17.181.199','保存轮播图'),
	('1259691831912493056','1232682015317360640','2020-05-11 11:48:31','172.17.181.199','保存轮播图'),
	('1259691852158398464','1232682015317360640','2020-05-11 11:48:36','172.17.181.199','保存轮播图'),
	('1259691873108946944','1232682015317360640','2020-05-11 11:48:41','172.17.181.199','保存轮播图'),
	('1259691884475510784','1232682015317360640','2020-05-11 11:48:44','172.17.181.199','保存轮播图'),
	('1259691896802570240','1232682015317360640','2020-05-11 11:48:47','172.17.181.199','保存轮播图'),
	('1259691910446641152','1232682015317360640','2020-05-11 11:48:50','172.17.181.199','保存轮播图'),
	('1259691924132655104','1232682015317360640','2020-05-11 11:48:53','172.17.181.199','保存轮播图'),
	('1259692092634624000','1232682015317360640','2020-05-11 11:49:33','172.17.181.199','保存轮播图'),
	('1259692106253529088','1232682015317360640','2020-05-11 11:49:37','172.17.181.199','保存轮播图'),
	('1259692119222317056','1232682015317360640','2020-05-11 11:49:40','172.17.181.199','保存轮播图'),
	('1259692134913208320','1232682015317360640','2020-05-11 11:49:44','172.17.181.199','保存轮播图'),
	('1259692734874841088','1232682015317360640','2020-05-11 11:52:07','172.17.181.199','保存轮播图'),
	('1259693021194809344','1232682015317360640','2020-05-11 11:53:15','172.17.181.199','保存轮播图'),
	('1259695149099446272','1232682015317360640','2020-05-11 12:01:42','172.17.181.199','保存轮播图'),
	('1259695472752914432','1232682015317360640','2020-05-11 12:02:59','172.17.181.199','删除轮播图'),
	('1259786339031429120','1232682015317360640','2020-05-11 18:04:04','172.17.181.199','保存轮播图'),
	('1259788577988653056','1232682015317360640','2020-05-11 18:12:57','172.17.181.199','删除轮播图'),
	('1259788588407304192','1232682015317360640','2020-05-11 18:13:00','172.17.181.199','删除轮播图'),
	('1259839175857426432',NULL,'2020-05-11 21:34:01','172.17.181.199','删除课程类别'),
	('1259839184954871808',NULL,'2020-05-11 21:34:03','172.17.181.199','删除课程类别'),
	('1259839194773737472',NULL,'2020-05-11 21:34:05','172.17.181.199','删除课程类别'),
	('1259839204638740480',NULL,'2020-05-11 21:34:08','172.17.181.199','删除课程类别'),
	('1259839242316173312',NULL,'2020-05-11 21:34:17','172.17.181.199','删除课程类别'),
	('1259839278945030144',NULL,'2020-05-11 21:34:25','172.17.181.199','删除课程类别'),
	('1259839319826911232',NULL,'2020-05-11 21:34:35','172.17.181.199','删除课程类别'),
	('1259839948393697280',NULL,'2020-05-11 21:37:05','172.17.181.199','删除课程类别'),
	('1259839957818298368',NULL,'2020-05-11 21:37:07','172.17.181.199','删除课程类别'),
	('1259839974817812480',NULL,'2020-05-11 21:37:11','172.17.181.199','删除课程类别'),
	('1259840042207694848',NULL,'2020-05-11 21:37:27','172.17.181.199','保存课程类别'),
	('1259840116270714880',NULL,'2020-05-11 21:37:45','172.17.181.199','保存课程类别'),
	('1259840173460049920',NULL,'2020-05-11 21:37:59','172.17.181.199','保存课程类别'),
	('1259841796911550464',NULL,'2020-05-11 21:44:26','172.17.181.199','新增员工'),
	('1259845776773369856',NULL,'2020-05-11 22:00:15','172.17.181.199','保存知识点'),
	('1259845878007091200',NULL,'2020-05-11 22:00:39','172.17.181.199','保存创作方式'),
	('1259865388726611968',NULL,'2020-05-11 23:18:10','172.17.181.199','新增员工'),
	('1259868135253340160','110','2020-05-11 23:29:05','172.17.181.199','删除员工'),
	('1259868186583232512','110','2020-05-11 23:29:18','172.17.181.199','删除员工'),
	('1259869774752247808','110','2020-05-11 23:35:36','172.17.181.199','保存作品视频'),
	('1259871979110658048','1232682015317360640','2020-05-11 23:44:22','172.17.181.199','删除轮播图'),
	('1259871999922794496','1232682015317360640','2020-05-11 23:44:27','172.17.181.199','删除轮播图'),
	('1259872069049118720','1232682015317360640','2020-05-11 23:44:43','172.17.181.199','保存轮播图'),
	('1259872181586489344','1232682015317360640','2020-05-11 23:45:10','172.17.181.199','保存轮播图'),
	('1259872181594877952','1232682015317360640','2020-05-11 23:45:10','172.17.181.199','保存轮播图'),
	('1259872181968171008','1232682015317360640','2020-05-11 23:45:10','172.17.181.199','保存轮播图'),
	('1259872182018502656','1232682015317360640','2020-05-11 23:45:10','172.17.181.199','保存轮播图'),
	('1259879898086567936','1232682015317360640','2020-05-12 00:15:50','172.17.181.199','新增消息'),
	('1260022729547640832',NULL,'2020-05-12 09:43:23','172.17.181.199','删除员工'),
	('1260022740012429312',NULL,'2020-05-12 09:43:26','172.17.181.199','删除员工'),
	('1260022751538376704',NULL,'2020-05-12 09:43:29','172.17.181.199','删除员工'),
	('1260022761629872128',NULL,'2020-05-12 09:43:31','172.17.181.199','删除员工'),
	('1260022803728101376',NULL,'2020-05-12 09:43:41','172.17.181.199','删除员工'),
	('1260022815027556352',NULL,'2020-05-12 09:43:44','172.17.181.199','删除员工'),
	('1260022829128806400',NULL,'2020-05-12 09:43:47','172.17.181.199','删除员工'),
	('1260022838922506240',NULL,'2020-05-12 09:43:50','172.17.181.199','删除员工'),
	('1260022857595547648',NULL,'2020-05-12 09:43:54','172.17.181.199','删除员工'),
	('1260065016440877056','1232682015317360640','2020-05-12 12:31:25','172.17.181.199','保存轮播图'),
	('1260179829099798528','110','2020-05-12 20:07:39','172.17.181.199','保存作品视频'),
	('1260223307930345472','110','2020-05-12 23:00:25','172.17.181.199','编辑知识点'),
	('1260223319280132096','110','2020-05-12 23:00:28','172.17.181.199','编辑知识点'),
	('1260223349542035456','110','2020-05-12 23:00:35','172.17.181.199','编辑知识点'),
	('1260223371633434624','110','2020-05-12 23:00:40','172.17.181.199','编辑知识点'),
	('1260223382987415552','110','2020-05-12 23:00:43','172.17.181.199','编辑知识点'),
	('1260223411898753024','110','2020-05-12 23:00:50','172.17.181.199','编辑知识点'),
	('1260223444677238784','110','2020-05-12 23:00:58','172.17.181.199','编辑知识点'),
	('1260223456089939968','110','2020-05-12 23:01:00','172.17.181.199','编辑知识点'),
	('1260223757291298816',NULL,'2020-05-12 23:02:12','172.17.181.199','新增员工'),
	('1260229281298718720','110','2020-05-12 23:24:09','172.17.181.199','保存作品视频'),
	('1260468523618750464','110','2020-05-13 15:14:49','172.17.181.199','保存课程类别'),
	('1260578910410330112','110','2020-05-13 22:33:27','172.17.181.199','删除课程类别'),
	('1260902799236517888','110','2020-05-14 19:58:20','192.168.137.1','保存预习视频'),
	('1260925471619280896','110','2020-05-14 21:30:34','172.17.181.199','保存课程类别'),
	('1260927402769117184','1232682015317360640','2020-05-14 21:38:14','172.17.181.199','删除轮播图'),
	('1260927417507901440','1232682015317360640','2020-05-14 21:38:18','172.17.181.199','删除轮播图'),
	('1260927445697818624','1232682015317360640','2020-05-14 21:38:25','172.17.181.199','删除轮播图'),
	('1260927447681724416','1232682015317360640','2020-05-14 21:38:25','172.17.181.199','删除轮播图'),
	('1260927459098619904','1232682015317360640','2020-05-14 21:38:28','172.17.181.199','删除轮播图'),
	('1260927475208941568','1232682015317360640','2020-05-14 21:38:32','172.17.181.199','删除轮播图'),
	('1260927487955431424','1232682015317360640','2020-05-14 21:38:35','172.17.181.199','删除轮播图'),
	('1260931609479868416','110','2020-05-14 21:54:57','172.17.181.199','保存知识点'),
	('1260931650307223552','110','2020-05-14 21:55:07','172.17.181.199','保存知识点'),
	('1260931711418232832','110','2020-05-14 21:55:22','172.17.181.199','保存创作方式'),
	('1260933023073562624','110','2020-05-14 22:00:34','172.17.181.199','保存作品视频'),
	('1260951030411812864','1232682015317360640','2020-05-14 23:12:08','172.17.181.199','保存轮播图'),
	('1260951192093843456','1232682015317360640','2020-05-14 23:12:46','172.17.181.199','保存轮播图'),
	('1260953651453353984','110','2020-05-14 23:22:33','172.17.181.199','保存作品视频'),
	('1260978557868040192','110','2020-05-15 01:01:31','172.17.181.199','保存作品视频'),
	('1261503155902509056','110','2020-05-16 11:46:05','172.17.181.199','保存预习视频'),
	('1261504615285420032','110','2020-05-16 11:51:53','172.17.181.199','保存上课视频'),
	('1261505378451615744','110','2020-05-16 11:54:55','172.17.181.199','保存预习视频'),
	('1261505474249519104','110','2020-05-16 11:55:17','172.17.181.199','保存上课视频'),
	('1261519601240010752','110','2020-05-16 12:51:25','172.17.181.199','删除课程类别'),
	('1261519623562096640','110','2020-05-16 12:51:31','172.17.181.199','删除课程类别'),
	('1261519882736529408','110','2020-05-16 12:52:33','172.17.181.199','删除课程类别'),
	('1262659711566327808','110','2020-05-19 16:21:49','172.17.181.199','保存课程类别'),
	('1262666217779081216','110','2020-05-19 16:47:40','172.17.181.199','保存作品视频'),
	('1262668461412954112','110','2020-05-19 16:56:35','172.17.181.199','保存作品视频'),
	('1262743371992772608','110','2020-05-19 21:54:15','172.17.181.199','保存预习视频'),
	('1262746688366030848','110','2020-05-19 22:07:26','172.17.181.199','保存上课视频'),
	('1262753058997813248','110','2020-05-19 22:32:45','172.17.181.199','保存预习视频'),
	('1262753811313344512','110','2020-05-19 22:35:44','172.17.181.199','保存上课视频'),
	('1262754070982705152','110','2020-05-19 22:36:46','172.17.181.199','保存预习视频'),
	('1262754360813305856','110','2020-05-19 22:37:55','172.17.181.199','保存上课视频'),
	('1262754591336448000','110','2020-05-19 22:38:50','172.17.181.199','保存预习视频'),
	('1262754751730827264','110','2020-05-19 22:39:28','172.17.181.199','保存上课视频'),
	('1262754996896284672','110','2020-05-19 22:40:27','172.17.181.199','保存预习视频'),
	('1262755410408521728','110','2020-05-19 22:42:05','172.17.181.199','保存上课视频'),
	('1262755579891957760','110','2020-05-19 22:42:46','172.17.181.199','保存预习视频'),
	('1262755624435466240','110','2020-05-19 22:42:56','172.17.181.199','保存上课视频'),
	('1262755751380271104','110','2020-05-19 22:43:27','172.17.181.199','保存上课视频'),
	('1262759966387355648','110','2020-05-19 23:00:11','172.17.181.199','保存预习视频'),
	('1262760402079072256','110','2020-05-19 23:01:55','172.17.181.199','保存上课视频'),
	('1262760591384788992','110','2020-05-19 23:02:41','172.17.181.199','保存预习视频'),
	('1262760786931630080','110','2020-05-19 23:03:27','172.17.181.199','保存上课视频'),
	('1262760817281613824','110','2020-05-19 23:03:34','172.17.181.199','保存预习视频'),
	('1262766367272833024','110','2020-05-19 23:25:38','172.17.181.199','保存预习视频'),
	('1262766455009284096','110','2020-05-19 23:25:58','172.17.181.199','保存上课视频'),
	('1262766552459743232','110','2020-05-19 23:26:22','172.17.181.199','保存作品视频'),
	('1262767497264467968','110','2020-05-19 23:30:07','172.17.181.199','保存预习视频'),
	('1262767638063058944','110','2020-05-19 23:30:41','172.17.181.199','保存上课视频'),
	('1262767717029220352','110','2020-05-19 23:30:59','172.17.181.199','保存作品视频'),
	('1262767884117708800','110','2020-05-19 23:31:39','172.17.181.199','保存作品视频'),
	('1262767948542218240','110','2020-05-19 23:31:55','172.17.181.199','保存作品视频'),
	('1262768063474536448','110','2020-05-19 23:32:22','172.17.181.199','保存作品视频'),
	('1262768103471419392','110','2020-05-19 23:32:32','172.17.181.199','保存作品视频'),
	('1262768197037953024','110','2020-05-19 23:32:54','172.17.181.199','保存作品视频'),
	('1262768327292063744','110','2020-05-19 23:33:25','172.17.181.199','保存作品视频'),
	('1262768401497690112','110','2020-05-19 23:33:43','172.17.181.199','保存作品视频'),
	('1262768833590693888','110','2020-05-19 23:35:26','172.17.181.199','保存预习视频'),
	('1262768904537346048','110','2020-05-19 23:35:43','172.17.181.199','保存上课视频'),
	('1262768935533252608','110','2020-05-19 23:35:50','172.17.181.199','保存作品视频'),
	('1262769032606224384','110','2020-05-19 23:36:13','172.17.181.199','保存预习视频'),
	('1262769185140477952','110','2020-05-19 23:36:49','172.17.181.199','保存上课视频'),
	('1262769220481683456','110','2020-05-19 23:36:58','172.17.181.199','保存作品视频'),
	('1262769304451649536','110','2020-05-19 23:37:18','172.17.181.199','保存预习视频'),
	('1262769392985018368','110','2020-05-19 23:37:39','172.17.181.199','保存上课视频'),
	('1262769424303886336','110','2020-05-19 23:37:46','172.17.181.199','保存作品视频'),
	('1262769945618124800','110','2020-05-19 23:39:51','172.17.181.199','保存预习视频'),
	('1262770061464801280','110','2020-05-19 23:40:18','172.17.181.199','保存上课视频'),
	('1262770093828050944','110','2020-05-19 23:40:26','172.17.181.199','保存作品视频'),
	('1262770255761739776','110','2020-05-19 23:41:05','172.17.181.199','保存预习视频'),
	('1262770402885341184','110','2020-05-19 23:41:40','172.17.181.199','保存上课视频'),
	('1262770608448180224','110','2020-05-19 23:42:29','172.17.181.199','保存预习视频'),
	('1262770750144352256','110','2020-05-19 23:43:02','172.17.181.199','保存上课视频'),
	('1262771105452232704','110','2020-05-19 23:44:27','172.17.181.199','保存作品视频'),
	('1262776945806643200',NULL,'2020-05-20 00:07:40','172.17.181.199','编辑员工'),
	('1262777004564647936',NULL,'2020-05-20 00:07:54','172.17.181.199','编辑员工'),
	('1262777513853816832',NULL,'2020-05-20 00:09:55','172.17.181.199','编辑员工'),
	('1262899760316747776','110','2020-05-20 08:15:40','172.17.181.199','保存预习视频'),
	('1262900043558096896','110','2020-05-20 08:16:48','172.17.181.199','保存上课视频'),
	('1262900153855709184','110','2020-05-20 08:17:15','172.17.181.199','保存作品视频'),
	('1262900290300612608','110','2020-05-20 08:17:47','172.17.181.199','保存预习视频'),
	('1262900336647671808','110','2020-05-20 08:17:58','172.17.181.199','保存上课视频'),
	('1262900360928497664','110','2020-05-20 08:18:04','172.17.181.199','保存作品视频'),
	('1263341755342417920','110','2020-05-21 13:32:01','172.17.181.199','保存预习视频'),
	('1263341909256597504','110','2020-05-21 13:32:37','172.17.181.199','保存上课视频'),
	('1263341950549520384','110','2020-05-21 13:32:47','172.17.181.199','保存作品视频'),
	('1263342566512422912','110','2020-05-21 13:35:14','172.17.181.199','保存作品视频'),
	('1263738442342887424','110','2020-05-22 15:48:18','172.17.181.199','编辑知识点'),
	('1263738450714718208','110','2020-05-22 15:48:20','172.17.181.199','编辑知识点'),
	('1263738471371665408','110','2020-05-22 15:48:25','172.17.181.199','删除创作方式'),
	('1263738479848353792','110','2020-05-22 15:48:27','172.17.181.199','删除创作方式'),
	('1263738504590553088','110','2020-05-22 15:48:33','172.17.181.199','删除课程类别'),
	('1263738564875284480','110','2020-05-22 15:48:48','172.17.181.199','删除课程类别'),
	('1263739567225860096','110','2020-05-22 15:52:47','172.17.181.199','删除课程类别'),
	('1263740014133145600',NULL,'2020-05-22 15:54:33','172.17.181.199','新增员工'),
	('1263740093858476032','110','2020-05-22 15:54:52','172.17.181.199','保存课程类别'),
	('1263740125894569984','110','2020-05-22 15:55:00','172.17.181.199','删除课程类别'),
	('1263740164276645888','110','2020-05-22 15:55:09','172.17.181.199','保存课程类别'),
	('1263740516409438208','110','2020-05-22 15:56:33','172.17.181.199','保存知识点'),
	('1263740553352867840','110','2020-05-22 15:56:42','172.17.181.199','保存知识点'),
	('1263740596470312960','110','2020-05-22 15:56:52','172.17.181.199','保存知识点'),
	('1263740637780013056','110','2020-05-22 15:57:02','172.17.181.199','编辑知识点'),
	('1263740646843904000','110','2020-05-22 15:57:04','172.17.181.199','编辑知识点'),
	('1263740657031868416','110','2020-05-22 15:57:06','172.17.181.199','编辑知识点'),
	('1263740695153897472','110','2020-05-22 15:57:16','172.17.181.199','保存知识点'),
	('1263740734676824064','110','2020-05-22 15:57:25','172.17.181.199','保存知识点'),
	('1263740780730281984','110','2020-05-22 15:57:36','172.17.181.199','保存知识点'),
	('1263740827945562112','110','2020-05-22 15:57:47','172.17.181.199','保存知识点'),
	('1263741115855171584','110','2020-05-22 15:58:56','172.17.181.199','保存知识点'),
	('1263741162483249152','110','2020-05-22 15:59:07','172.17.181.199','保存知识点'),
	('1263741205676191744','110','2020-05-22 15:59:17','172.17.181.199','保存知识点'),
	('1263741245941510144','110','2020-05-22 15:59:27','172.17.181.199','保存知识点'),
	('1263741268322316288','110','2020-05-22 15:59:32','172.17.181.199','保存知识点'),
	('1263741299121090560','110','2020-05-22 15:59:40','172.17.181.199','保存知识点'),
	('1263741876328624128','110','2020-05-22 16:01:57','172.17.181.199','编辑知识点'),
	('1263750640763080704','110','2020-05-22 16:36:46','172.17.181.199','保存上课视频'),
	('1263751459642216448','110','2020-05-22 16:40:02','172.17.181.199','保存作品视频'),
	('1263752104474513408','110','2020-05-22 16:42:36','172.17.181.199','保存预习视频'),
	('1263752224691654656','110','2020-05-22 16:43:04','172.17.181.199','保存上课视频'),
	('1263752264772423680','110','2020-05-22 16:43:14','172.17.181.199','保存作品视频'),
	('1263753882955870208','110','2020-05-22 16:49:40','172.17.181.199','保存预习视频'),
	('1263827279949787136',NULL,'2020-05-22 21:41:19','172.17.181.199','新增员工'),
	('1263832435311439872','1232682015317360640','2020-05-22 22:01:48','172.17.181.199','保存轮播图'),
	('1263838898062815232','1260223757249355776','2020-05-22 22:27:29','172.17.181.199','保存课程类别'),
	('1263838961690406912','1260223757249355776','2020-05-22 22:27:44','172.17.181.199','保存课程类别'),
	('1263838978471817216','1260223757249355776','2020-05-22 22:27:48','172.17.181.199','删除课程类别'),
	('1263840037919453184','110','2020-05-22 22:32:01','172.17.181.199','修改课程类别'),
	('1263840058945499136','110','2020-05-22 22:32:06','172.17.181.199','修改课程类别'),
	('1263842877387763712','110','2020-05-22 22:43:18','172.17.181.199','保存预习视频'),
	('1263843093474111488','110','2020-05-22 22:44:09','172.17.181.199','保存上课视频'),
	('1263843123685683200','110','2020-05-22 22:44:16','172.17.181.199','保存作品视频'),
	('1263844003323506688',NULL,'2020-05-22 22:47:46','172.17.181.199','编辑员工'),
	('1263844615960326144',NULL,'2020-05-22 22:50:12','172.17.181.199','新增员工'),
	('1263844827772678144','110','2020-05-22 22:51:03','172.17.181.199','保存上课视频'),
	('1263844972249673728','110','2020-05-22 22:51:37','172.17.181.199','保存作品视频'),
	('1263845422197829632','110','2020-05-22 22:53:24','172.17.181.199','保存预习视频'),
	('1263845500924915712','110','2020-05-22 22:53:43','172.17.181.199','保存上课视频'),
	('1263845534001197056','110','2020-05-22 22:53:51','172.17.181.199','保存作品视频'),
	('1263851758952312832','1232682015317360640','2020-05-22 23:18:35','172.17.181.199','评价作品'),
	('1263861248963571712','1260223757249355776','2020-05-22 23:56:18','172.17.181.199','保存预习视频'),
	('1264106091023396864',NULL,'2020-05-23 16:09:13','172.17.181.199','编辑员工'),
	('1264108350293602304',NULL,'2020-05-23 16:18:11','172.17.181.199','编辑员工'),
	('1264108406014930944',NULL,'2020-05-23 16:18:25','172.17.181.199','编辑员工'),
	('1264109488090836992',NULL,'2020-05-23 16:22:43','172.17.181.199','编辑员工'),
	('1264109972918824960','1260223757249355776','2020-05-23 16:24:38','172.17.181.199','保存作品视频'),
	('1264122368026648576',NULL,'2020-05-23 17:13:53','172.17.181.199','编辑员工'),
	('1264130412726939648','1232682015317360640','2020-05-23 17:45:51','172.17.181.199','保存轮播图'),
	('1264169169383550976','1263827279857512448','2020-05-23 20:19:52','172.17.181.199','保存预习视频'),
	('1264176928061616128','1263827279857512448','2020-05-23 20:50:41','172.17.181.199','保存预习视频'),
	('1264176994079961088','1263827279857512448','2020-05-23 20:50:57','172.17.181.199','保存上课视频'),
	('1264177174296621056','1263827279857512448','2020-05-23 20:51:40','172.17.181.199','保存上课视频'),
	('1264177279053557760','1263827279857512448','2020-05-23 20:52:05','172.17.181.199','保存作品视频'),
	('1264329927203450880',NULL,'2020-05-24 06:58:39','172.17.181.199','编辑员工'),
	('1264330007927025664',NULL,'2020-05-24 06:58:59','172.17.181.199','编辑员工'),
	('1264330111123681280',NULL,'2020-05-24 06:59:23','172.17.181.199','编辑员工'),
	('1264330138332131328',NULL,'2020-05-24 06:59:30','172.17.181.199','编辑员工'),
	('1264330200286195712',NULL,'2020-05-24 06:59:45','172.17.181.199','删除角色'),
	('1264330211002642432',NULL,'2020-05-24 06:59:47','172.17.181.199','删除角色'),
	('1264330243206508544',NULL,'2020-05-24 06:59:55','172.17.181.199','删除角色'),
	('1264330273506160640',NULL,'2020-05-24 07:00:02','172.17.181.199','删除角色'),
	('1264330282855264256',NULL,'2020-05-24 07:00:04','172.17.181.199','删除角色'),
	('1264330292485386240',NULL,'2020-05-24 07:00:07','172.17.181.199','删除角色'),
	('1264330302375555072',NULL,'2020-05-24 07:00:09','172.17.181.199','删除角色'),
	('1264330313058447360',NULL,'2020-05-24 07:00:11','172.17.181.199','删除角色'),
	('1264330321447055360',NULL,'2020-05-24 07:00:13','172.17.181.199','删除角色'),
	('1264330333958664192',NULL,'2020-05-24 07:00:16','172.17.181.199','删除角色'),
	('1264330345346199552',NULL,'2020-05-24 07:00:19','172.17.181.199','删除角色'),
	('1264330373607419904',NULL,'2020-05-24 07:00:26','172.17.181.199','删除角色'),
	('1264330382360932352',NULL,'2020-05-24 07:00:28','172.17.181.199','删除角色'),
	('1264330424912146432',NULL,'2020-05-24 07:00:38','172.17.181.199','删除角色'),
	('1264330448123424768',NULL,'2020-05-24 07:00:44','172.17.181.199','删除角色'),
	('1264330517379772416','110','2020-05-24 07:01:00','172.17.181.199','编辑角色'),
	('1264448344799539200','110','2020-05-24 14:49:12','172.17.181.199','保存创作方式'),
	('1264448479730298880','110','2020-05-24 14:49:45','172.17.181.199','删除创作方式'),
	('1264461288304254976','1232682015317360640','2020-05-24 15:40:38','172.17.181.199','删除轮播图'),
	('1264461299087810560','1232682015317360640','2020-05-24 15:40:41','172.17.181.199','删除轮播图'),
	('1264573112743862272','1232682015317360640','2020-05-24 23:04:59','172.17.181.199','评价作品'),
	('1264574293503352832','110','2020-05-24 23:09:41','172.17.181.199','保存作品视频'),
	('1264575644086018048','1232682015317360640','2020-05-24 23:15:03','172.17.181.199','评价作品'),
	('1264578027620806656','110','2020-05-24 23:24:31','172.17.181.199','保存作品视频'),
	('1264579081225777152','1232682015317360640','2020-05-24 23:28:42','172.17.181.199','评价作品'),
	('1264583596192710656','1232682015317360640','2020-05-24 23:46:39','172.17.181.199','评价作品'),
	('1264585963617271808','1232682015317360640','2020-05-24 23:56:03','172.17.181.199','评价作品'),
	('1264892036588912640','110','2020-05-25 20:12:17','172.17.181.199','保存预习视频'),
	('1264892183561519104','110','2020-05-25 20:12:52','172.17.181.199','保存上课视频'),
	('1264892222568546304','110','2020-05-25 20:13:01','172.17.181.199','保存作品视频'),
	('1264893734808076288','1232682015317360640','2020-05-25 20:19:02','172.17.181.199','保存轮播图'),
	('1264894966159261696',NULL,'2020-05-25 20:23:55','172.17.181.199','新增员工'),
	('1264895372385992704',NULL,'2020-05-25 20:25:32','172.17.181.199','编辑员工'),
	('1264895414278701056',NULL,'2020-05-25 20:25:42','172.17.181.199','编辑员工'),
	('1264895502057095168',NULL,'2020-05-25 20:26:03','172.17.181.199','编辑员工'),
	('1264895505588699136',NULL,'2020-05-25 20:26:04','172.17.181.199','编辑员工'),
	('1264895509392932864',NULL,'2020-05-25 20:26:05','172.17.181.199','编辑员工'),
	('1264895554259402752',NULL,'2020-05-25 20:26:15','172.17.181.199','编辑员工'),
	('1264895558000721920',NULL,'2020-05-25 20:26:16','172.17.181.199','编辑员工'),
	('1264895561100312576',NULL,'2020-05-25 20:26:17','172.17.181.199','编辑员工'),
	('1264895564178931712',NULL,'2020-05-25 20:26:18','172.17.181.199','编辑员工'),
	('1264898823069253632','1263827279857512448','2020-05-25 20:39:15','172.17.181.199','修改课程类别'),
	('1264899162686242816','110','2020-05-25 20:40:36','172.17.181.199','保存课程类别'),
	('1264899474599854080','110','2020-05-25 20:41:50','172.17.181.199','修改课程类别'),
	('1264899946979147776','1263827279857512448','2020-05-25 20:43:43','172.17.181.199','修改课程类别'),
	('1264900315775909888','1263827279857512448','2020-05-25 20:45:11','172.17.181.199','删除课程类别'),
	('1264903999532449792',NULL,'2020-05-25 20:59:49','172.17.181.199','保存课程类别'),
	('1264904233880797184',NULL,'2020-05-25 21:00:45','172.17.181.199','修改课程类别'),
	('1264904702959173632',NULL,'2020-05-25 21:02:37','172.17.181.199','修改课程类别'),
	('1264904718134165504',NULL,'2020-05-25 21:02:40','172.17.181.199','保存课程类别'),
	('1264904726648602624',NULL,'2020-05-25 21:02:42','172.17.181.199','删除课程类别'),
	('1264904737302134784',NULL,'2020-05-25 21:02:45','172.17.181.199','删除课程类别'),
	('1264905110892986368','1232682015317360640','2020-05-25 21:04:14','172.17.181.199','保存轮播图'),
	('1264905311808536576','1232682015317360640','2020-05-25 21:05:02','172.17.181.199','保存轮播图'),
	('1264906084273504256','1232682015317360640','2020-05-25 21:08:06','172.17.181.199','保存轮播图'),
	('1264906425966673920','110','2020-05-25 21:09:27','172.17.181.199','修改课程类别'),
	('1264906620133588992','110','2020-05-25 21:10:14','172.17.181.199','修改课程类别'),
	('1264909496889327616','1232682015317360640','2020-05-25 21:21:40','172.17.181.199','保存轮播图'),
	('1264909526949904384','1232682015317360640','2020-05-25 21:21:47','172.17.181.199','删除轮播图'),
	('1264909534914887680','1232682015317360640','2020-05-25 21:21:49','172.17.181.199','删除轮播图'),
	('1264910081071988736','1232682015317360640','2020-05-25 21:23:59','172.17.181.199','保存轮播图'),
	('1264910097824038912','1232682015317360640','2020-05-25 21:24:03','172.17.181.199','保存轮播图'),
	('1264910110914461696','1232682015317360640','2020-05-25 21:24:06','172.17.181.199','删除轮播图'),
	('1264910121416998912','1232682015317360640','2020-05-25 21:24:08','172.17.181.199','删除轮播图'),
	('1264910131189727232','1232682015317360640','2020-05-25 21:24:11','172.17.181.199','删除轮播图'),
	('1264910185422077952','1232682015317360640','2020-05-25 21:24:24','172.17.181.199','保存轮播图'),
	('1264913090589966336','1232682015317360640','2020-05-25 21:35:56','172.17.181.199','保存轮播图'),
	('1264913109237841920','1232682015317360640','2020-05-25 21:36:01','172.17.181.199','删除轮播图'),
	('1264915470253457408','1263827279857512448','2020-05-25 21:45:24','172.17.181.199','保存课程类别'),
	('1264915525182062592','1263827279857512448','2020-05-25 21:45:37','172.17.181.199','修改课程类别'),
	('1264915537962106880','1263827279857512448','2020-05-25 21:45:40','172.17.181.199','删除课程类别'),
	('1265084947234496512','1263827279857512448','2020-05-26 08:58:50','172.17.181.199','修改课程类别'),
	('1265085010581069824','1232682015317360640','2020-05-26 08:59:05','172.17.181.199','保存轮播图'),
	('1265085032995430400','1232682015317360640','2020-05-26 08:59:11','172.17.181.199','删除轮播图'),
	('1265085261303980032','1263827279857512448','2020-05-26 09:00:05','172.17.181.199','保存课程类别'),
	('1265085271420641280','1263827279857512448','2020-05-26 09:00:08','172.17.181.199','删除课程类别'),
	('1265525883999547392','1232682015317360640','2020-05-27 14:10:58','172.17.181.199','保存轮播图'),
	('1265619262687080448','110','2020-05-27 20:22:01','172.17.181.199','保存课程类别');

/*!40000 ALTER TABLE `tb_log` ENABLE KEYS */;
UNLOCK TABLES;


# Dump of table tb_login_log
# ------------------------------------------------------------

DROP TABLE IF EXISTS `tb_login_log`;

CREATE TABLE `tb_login_log` (
  `row_guid` varchar(255) DEFAULT NULL,
  `recordguid` varchar(255) DEFAULT NULL COMMENT '关联用户',
  `id` varchar(255) NOT NULL,
  `t_login_date` datetime DEFAULT NULL COMMENT '登录日期',
  `t_login_ip` varchar(255) DEFAULT NULL COMMENT '登录IP',
  `wechat_name` varchar(255) CHARACTER SET utf8mb4 COLLATE utf8mb4_0900_ai_ci DEFAULT NULL COMMENT '微信昵称',
  `qq_no` varchar(255) CHARACTER SET utf8mb4 COLLATE utf8mb4_0900_ai_ci DEFAULT NULL COMMENT 'qq账号',
  PRIMARY KEY (`id`)
) ENGINE=InnoDB DEFAULT CHARSET=utf8mb4 COLLATE=utf8mb4_0900_ai_ci;

LOCK TABLES `tb_login_log` WRITE;
/*!40000 ALTER TABLE `tb_login_log` DISABLE KEYS */;

INSERT INTO `tb_login_log` (`row_guid`, `recordguid`, `id`, `t_login_date`, `t_login_ip`, `wechat_name`, `qq_no`)
VALUES
	('{b65c3f3c-4cf6-43cc-8b7c-5ce0498f64fa}','{78612397-c2cd-4c23-b8a3-739f31c573ea}','04c89d6f-6147-4b5e-8c80-284ef87a7fc5','2020-03-20 00:33:04','119.130.70.78',NULL,NULL),
	('{72b3a3e4-6b0a-40d2-bc00-a86796f3a68f}','{78612397-c2cd-4c23-b8a3-739f31c573ea}','07997668-02e1-4a30-aa65-a31282a0978e','2020-03-19 22:22:36','183.60.88.6',NULL,NULL),
	('{18772717-47ef-49a3-84e6-2566a36aa05e}','{030c7433-05d8-458e-bcf5-7902730d19e0}','0a92961e-affd-42a2-9a3a-73e90eeca1c6','2020-03-17 15:19:14','117.153.62.208',NULL,NULL),
	('{672ba462-57fd-4988-8b7f-fb28b94ca37d}','{672ba462-57fd-4988-8b7f-fb28b94ca37d}','1','2020-03-07 22:49:07','125.122.155.41','王莽乱臣贼子','112233'),
	('{bf1aa41e-98c4-4042-9c77-f3b50dad3032}','{030c7433-05d8-458e-bcf5-7902730d19e0}','10','2020-03-09 23:02:36','1',NULL,NULL),
	('{baba1428-80c6-4ed9-b282-70e79586b0e2}','{030c7433-05d8-458e-bcf5-7902730d19e0}','1174d5fe-e605-4478-ac98-d8749d1b30cf','2020-03-16 20:40:10','117.153.62.208',NULL,NULL),
	('{fde86127-71d3-43c0-8d01-db7e46af3adb}','{78612397-c2cd-4c23-b8a3-739f31c573ea}','1220ca9e-c21b-4e53-80db-ce66aa8f7995','2020-03-19 22:12:49','183.60.88.6',NULL,NULL),
	('{c9dac33e-dc5d-4347-80dd-2c49bd8462bc}','110','1238826521806462976','2020-03-14 13:57:14','172.17.181.199',NULL,NULL),
	(NULL,'110','1238828042950500352','2020-03-14 14:03:16','172.17.181.199',NULL,NULL),
	(NULL,'110','1238829103874531328','2020-03-14 14:07:29','172.17.181.199',NULL,NULL),
	(NULL,'110','1238831914943209472','2020-03-14 14:18:40','172.17.181.199',NULL,NULL),
	(NULL,'110','1239074842319958016','2020-03-15 06:23:58','172.17.181.199',NULL,NULL),
	(NULL,'110','1239075234743234560','2020-03-15 06:25:32','172.17.181.199',NULL,NULL),
	(NULL,'110','1239076673691496448','2020-03-15 06:31:15','172.17.181.199',NULL,NULL),
	(NULL,'110','1239078902255235072','2020-03-15 06:40:06','172.17.181.199',NULL,NULL),
	(NULL,'110','1239119198636650496','2020-03-15 09:20:13','172.17.181.199',NULL,NULL),
	(NULL,'110','1239180708096421888','2020-03-15 13:24:38','172.17.181.199',NULL,NULL),
	(NULL,'110','1239181429223108608','2020-03-15 13:27:30','172.17.181.199',NULL,NULL),
	(NULL,'110','1239187404143374336','2020-03-15 13:51:15','172.17.181.199',NULL,NULL),
	(NULL,'110','1239207358031261696','2020-03-15 15:10:32','192.168.112.1',NULL,NULL),
	(NULL,'110','1239208576103243776','2020-03-15 15:15:23','192.168.112.1',NULL,NULL),
	(NULL,'110','1239209028660350976','2020-03-15 15:17:10','192.168.112.1',NULL,NULL),
	(NULL,'110','1239209517468614656','2020-03-15 15:19:07','192.168.112.1',NULL,NULL),
	(NULL,'110','1239210135432253440','2020-03-15 15:21:34','192.168.112.1',NULL,NULL),
	(NULL,'110','1239210614467907584','2020-03-15 15:23:29','192.168.112.1',NULL,NULL),
	(NULL,'110','1239211283950186496','2020-03-15 15:26:08','192.168.112.1',NULL,NULL),
	(NULL,'110','1239211771034714112','2020-03-15 15:28:04','192.168.112.1',NULL,NULL),
	(NULL,'110','1239215830105972736','2020-03-15 15:44:12','192.168.112.1',NULL,NULL),
	(NULL,'110','1239217717408444416','2020-03-15 15:51:42','192.168.112.1',NULL,NULL),
	(NULL,'110','1239218453898903552','2020-03-15 15:54:38','192.168.112.1',NULL,NULL),
	(NULL,'110','1239219378373795840','2020-03-15 15:58:18','192.168.112.1',NULL,NULL),
	(NULL,'110','1239220849630810112','2020-03-15 16:04:09','192.168.112.1',NULL,NULL),
	(NULL,'110','1239221223141969920','2020-03-15 16:05:38','192.168.112.1',NULL,NULL),
	(NULL,'110','1239221666593128448','2020-03-15 16:07:24','192.168.112.1',NULL,NULL),
	(NULL,'110','1239224791400046592','2020-03-15 16:19:49','192.168.112.1',NULL,NULL),
	(NULL,'110','1239225274097217536','2020-03-15 16:21:44','192.168.112.1',NULL,NULL),
	(NULL,'110','1239225888994779136','2020-03-15 16:24:10','192.168.112.1',NULL,NULL),
	(NULL,'110','1239228220457361408','2020-03-15 16:33:26','192.168.112.1',NULL,NULL),
	(NULL,'110','1239229507026644992','2020-03-15 16:38:33','192.168.112.1',NULL,NULL),
	(NULL,'110','1239230320285331456','2020-03-15 16:41:47','192.168.112.1',NULL,NULL),
	(NULL,'110','1239235440133865472','2020-03-15 17:02:07','192.168.112.1',NULL,NULL),
	(NULL,'110','1239236043056631808','2020-03-15 17:04:31','192.168.112.1',NULL,NULL),
	(NULL,'110','1239237606173151232','2020-03-15 17:10:44','192.168.112.1',NULL,NULL),
	(NULL,'110','1239239205410877440','2020-03-15 17:17:05','192.168.112.1',NULL,NULL),
	(NULL,'110','1239240110826975232','2020-03-15 17:20:41','192.168.112.1',NULL,NULL),
	(NULL,'110','1239353377402515456','2020-03-16 00:50:46','192.168.112.1',NULL,NULL),
	(NULL,'110','1239724548052537344','2020-03-17 01:25:40','192.168.112.1',NULL,NULL),
	(NULL,'110','1239725030552686592','2020-03-17 01:27:35','192.168.112.1',NULL,NULL),
	(NULL,'110','1239881146603425792','2020-03-17 11:47:56','192.168.112.1',NULL,NULL),
	(NULL,'110','1239885842487480320','2020-03-17 12:06:35','192.168.112.1',NULL,NULL),
	(NULL,'110','1239886621562662912','2020-03-17 12:09:41','192.168.112.1',NULL,NULL),
	(NULL,'110','1239899085691944960','2020-03-17 12:59:13','192.168.112.1',NULL,NULL),
	(NULL,'110','1240552006800740352','2020-03-19 08:13:41','192.168.112.1',NULL,NULL),
	(NULL,'110','1240555010530586624','2020-03-19 08:25:38','192.168.112.1',NULL,NULL),
	(NULL,'110','1240555462642954240','2020-03-19 08:27:25','192.168.112.1',NULL,NULL),
	(NULL,'110','1240556550335094784','2020-03-19 08:31:45','192.168.112.1',NULL,NULL),
	(NULL,'110','1240556964887449600','2020-03-19 08:33:24','192.168.112.1',NULL,NULL),
	(NULL,'110','1240559579901788160','2020-03-19 08:43:47','192.168.112.1',NULL,NULL),
	(NULL,'110','1240563607385780224','2020-03-19 08:59:47','192.168.112.1',NULL,NULL),
	(NULL,'110','1240564279749480448','2020-03-19 09:02:28','192.168.112.1',NULL,NULL),
	(NULL,'110','1246671284618301440','2020-04-05 05:29:31','172.17.181.199',NULL,NULL),
	(NULL,'110','1246703263552278528','2020-04-05 07:36:35','172.17.181.199',NULL,NULL),
	(NULL,'110','1246717306451165184','2020-04-05 08:32:23','172.17.181.199',NULL,NULL),
	(NULL,'110','1249992222113939456','2020-04-14 17:25:44','172.17.181.199',NULL,NULL),
	(NULL,'110','1249992540721659904','2020-04-14 17:27:00','172.17.181.199',NULL,NULL),
	(NULL,'110','1250042137699565568','2020-04-14 20:44:05','172.17.181.199',NULL,NULL),
	(NULL,'110','1250088488525250560','2020-04-14 23:48:16','172.17.181.199',NULL,NULL),
	(NULL,'110','1250250529772814336','2020-04-15 10:32:09','172.17.181.199',NULL,NULL),
	(NULL,'110','1250251211649204224','2020-04-15 10:34:52','172.17.181.199',NULL,NULL),
	(NULL,'110','1250251270574981120','2020-04-15 10:35:06','172.17.181.199',NULL,NULL),
	(NULL,'110','1250251277172621312','2020-04-15 10:35:08','172.17.181.199',NULL,NULL),
	(NULL,'110','1250251383062020096','2020-04-15 10:35:33','172.17.181.199',NULL,NULL),
	(NULL,'110','1250252902360563712','2020-04-15 10:41:35','172.17.181.199',NULL,NULL),
	(NULL,'110','1250308453824086016','2020-04-15 14:22:20','172.17.181.199',NULL,NULL),
	(NULL,'1250254213499994112','1250308553854042112','2020-04-15 14:22:44','172.17.181.199',NULL,NULL),
	(NULL,'1250254213499994112','1250601583400120320','2020-04-16 09:47:07','172.17.181.199',NULL,NULL),
	(NULL,'110','1250671897903558656','2020-04-16 14:26:31','172.17.181.199',NULL,NULL),
	(NULL,'110','1250672411064070144','2020-04-16 14:28:34','172.17.181.199',NULL,NULL),
	(NULL,'110','1250674203099701248','2020-04-16 14:35:41','192.168.112.1',NULL,NULL),
	(NULL,'110','1250821482667978752','2020-04-17 00:20:55','172.17.181.199',NULL,NULL),
	(NULL,'110','1251125067129769984','2020-04-17 20:27:15','172.17.181.199',NULL,NULL),
	(NULL,'110','1251146335833010176','2020-04-17 21:51:46','172.17.181.199',NULL,NULL),
	(NULL,'110','1251336125148803072','2020-04-18 10:25:56','172.17.181.199',NULL,NULL),
	(NULL,'110','1251353670979399680','2020-04-18 11:35:39','172.17.181.199',NULL,NULL),
	(NULL,'110','1251485116987940864','2020-04-18 20:17:58','192.168.112.1',NULL,NULL),
	(NULL,'110','1251485841998553088','2020-04-18 20:20:51','192.168.112.1',NULL,NULL),
	(NULL,'110','1251516703210913792','2020-04-18 22:23:29','172.17.181.199',NULL,NULL),
	(NULL,'110','1251517162352984064','2020-04-18 22:25:18','172.17.181.199',NULL,NULL),
	(NULL,'110','1251724811346558976','2020-04-19 12:10:26','172.17.181.199',NULL,NULL),
	(NULL,'110','1252211894813130752','2020-04-20 20:25:55','172.17.181.199',NULL,NULL),
	(NULL,'110','1252430328129851392','2020-04-21 10:53:54','172.17.181.199',NULL,NULL),
	(NULL,'110','1252460743725084672','2020-04-21 12:54:46','172.17.181.199',NULL,NULL),
	(NULL,'110','1252783708966658048','2020-04-22 10:18:06','172.17.181.199',NULL,NULL),
	(NULL,'110','1252787228189040640','2020-04-22 10:32:06','172.17.181.199',NULL,NULL),
	(NULL,'110','1252867548716400640','2020-04-22 15:51:15','172.17.181.199',NULL,NULL),
	(NULL,'110','1252925283277447168','2020-04-22 19:40:40','172.17.181.199',NULL,NULL),
	(NULL,'110','1253148203920572416','2020-04-23 10:26:29','172.17.181.199',NULL,NULL),
	(NULL,'110','1253239557153505280','2020-04-23 16:29:29','172.17.181.199',NULL,NULL),
	(NULL,'110','1253309802295738368','2020-04-23 21:08:37','172.17.181.199',NULL,NULL),
	(NULL,'110','1253351892635553792','2020-04-23 23:55:52','172.17.181.199',NULL,NULL),
	(NULL,'110','1253355940000501760','2020-04-24 00:11:57','172.17.181.199',NULL,NULL),
	(NULL,'1250254213499994112','1253523765625257984','2020-04-24 11:18:50','172.17.181.199',NULL,NULL),
	(NULL,'1250254213499994112','1253523774978555904','2020-04-24 11:18:52','172.17.181.199',NULL,NULL),
	(NULL,'110','1253524106806722560','2020-04-24 11:20:11','172.17.181.199',NULL,NULL),
	(NULL,'110','1253527147173806080','2020-04-24 11:32:16','172.17.181.199',NULL,NULL),
	(NULL,'110','1253559665075867648','2020-04-24 13:41:29','172.17.181.199',NULL,NULL),
	(NULL,'110','1253570155994861568','2020-04-24 14:23:10','172.17.181.199',NULL,NULL),
	(NULL,'110','1253570254854606848','2020-04-24 14:23:34','172.17.181.199',NULL,NULL),
	(NULL,'110','1253596645415325696','2020-04-24 16:08:26','172.17.181.199',NULL,NULL),
	(NULL,'110','1253605780181618688','2020-04-24 16:44:44','172.17.181.199',NULL,NULL),
	(NULL,'110','1253889035149709312','2020-04-25 11:30:17','172.17.181.199',NULL,NULL),
	(NULL,'110','1253962732699017216','2020-04-25 16:23:08','172.17.181.199',NULL,NULL),
	(NULL,'110','1253968808324521984','2020-04-25 16:47:16','172.17.181.199',NULL,NULL),
	(NULL,'110','1253968983663206400','2020-04-25 16:47:58','172.17.181.199',NULL,NULL),
	(NULL,'110','1253986125624369152','2020-04-25 17:56:05','172.17.181.199',NULL,NULL),
	(NULL,'110','1254234715617693696','2020-04-26 10:23:53','172.17.181.199',NULL,NULL),
	(NULL,'110','1254243796306825216','2020-04-26 10:59:58','172.17.181.199',NULL,NULL),
	(NULL,'110','1254303014447648768','2020-04-26 14:55:17','172.17.181.199',NULL,NULL),
	(NULL,'110','1254382765912838144','2020-04-26 20:12:11','172.17.181.199',NULL,NULL),
	(NULL,'110','1254654052333723648','2020-04-27 14:10:11','172.17.181.199',NULL,NULL),
	(NULL,'110','1254690651478106112','2020-04-27 16:35:37','172.17.181.199',NULL,NULL),
	(NULL,'110','1254809371391229952','2020-04-28 00:27:22','172.17.181.199',NULL,NULL),
	(NULL,'110','1254959691446550528','2020-04-28 10:24:41','172.17.181.199',NULL,NULL),
	(NULL,'1250254213499994112','1255150189394198528','2020-04-28 23:01:39','172.17.181.199',NULL,NULL),
	(NULL,'1250254213499994112','1255153422078509056','2020-04-28 23:14:30','172.17.181.199',NULL,NULL),
	(NULL,'1250254213499994112','1255154621146136576','2020-04-28 23:19:16','172.17.181.199',NULL,NULL),
	(NULL,'110','1255314067377815552','2020-04-29 09:52:51','172.17.181.199',NULL,NULL),
	(NULL,'110','1255316578327265280','2020-04-29 10:02:50','172.17.181.199',NULL,NULL),
	(NULL,'110','1255331903055790080','2020-04-29 11:03:43','172.17.181.199',NULL,NULL),
	(NULL,'110','1255334830155730944','2020-04-29 11:15:21','172.17.181.199',NULL,NULL),
	(NULL,'110','1255334993590980608','2020-04-29 11:16:00','172.17.181.199',NULL,NULL),
	(NULL,'110','1255336014996279296','2020-04-29 11:20:04','172.17.181.199',NULL,NULL),
	(NULL,'110','1255342846586368000','2020-04-29 11:47:12','172.17.181.199',NULL,NULL),
	(NULL,'110','1255343235012472832','2020-04-29 11:48:45','172.17.181.199',NULL,NULL),
	(NULL,'110','1255343703214239744','2020-04-29 11:50:37','172.17.181.199',NULL,NULL),
	(NULL,'110','1255343882294243328','2020-04-29 11:51:19','172.17.181.199',NULL,NULL),
	(NULL,'110','1255344107956187136','2020-04-29 11:52:13','172.17.181.199',NULL,NULL),
	(NULL,'110','1255344260180062208','2020-04-29 11:52:49','172.17.181.199',NULL,NULL),
	(NULL,'110','1255344452186910720','2020-04-29 11:53:35','172.17.181.199',NULL,NULL),
	(NULL,'110','1255344588279492608','2020-04-29 11:54:08','172.17.181.199',NULL,NULL),
	(NULL,'110','1255345010402635776','2020-04-29 11:55:48','172.17.181.199',NULL,NULL),
	(NULL,'110','1255348204746813440','2020-04-29 12:08:30','172.17.181.199',NULL,NULL),
	(NULL,'110','1255348238292856832','2020-04-29 12:08:38','172.17.181.199',NULL,NULL),
	(NULL,'1250254213499994112','1255393058705092608','2020-04-29 15:06:44','172.17.181.199',NULL,NULL),
	(NULL,'110','1255485195366825984','2020-04-29 21:12:51','172.17.181.199',NULL,NULL),
	(NULL,'110','1255668182050013184','2020-04-30 09:19:58','172.17.181.199',NULL,NULL),
	(NULL,'110','1255739018463404032','2020-04-30 14:01:27','172.17.181.199',NULL,NULL),
	(NULL,'110','1255761355573288960','2020-04-30 15:30:13','172.17.181.199',NULL,NULL),
	(NULL,'110','1255767881901924352','2020-04-30 15:56:09','172.17.181.199',NULL,NULL),
	(NULL,'110','1255777261087080448','2020-04-30 16:33:25','172.17.181.199',NULL,NULL),
	(NULL,'110','1255833712790847488','2020-04-30 20:17:44','172.17.181.199',NULL,NULL),
	(NULL,'1250254213499994112','1255872274559123456','2020-04-30 22:50:58','172.17.181.199',NULL,NULL),
	(NULL,'110','1255881595284078592','2020-04-30 23:28:00','172.17.181.199',NULL,NULL),
	(NULL,'110','1255882470660489216','2020-04-30 23:31:29','172.17.181.199',NULL,NULL),
	(NULL,'1250254213499994112','1256046870163845120','2020-05-01 10:24:45','172.17.181.199',NULL,NULL),
	(NULL,'110','1256764459617767424','2020-05-03 09:56:11','172.17.181.199',NULL,NULL),
	(NULL,'110','1257669020782473216','2020-05-05 21:50:36','192.168.112.1',NULL,NULL),
	(NULL,'110','1257968132884688896','2020-05-06 17:39:09','172.17.181.199',NULL,NULL),
	(NULL,'110','1258305542076121088','2020-05-07 15:59:54','172.17.181.199',NULL,NULL),
	(NULL,'110','1258312767599427584','2020-05-07 16:28:37','172.17.181.199',NULL,NULL),
	(NULL,'110','1258313259410931712','2020-05-07 16:30:34','172.17.181.199',NULL,NULL),
	(NULL,'110','1258962619794653184','2020-05-09 11:30:54','172.17.181.199',NULL,NULL),
	(NULL,'110','1258962654158585856','2020-05-09 11:31:02','172.17.181.199',NULL,NULL),
	(NULL,'110','1258999190858141696','2020-05-09 13:56:13','172.17.181.199',NULL,NULL),
	(NULL,'110','1259015832065486848','2020-05-09 15:02:20','172.17.181.199',NULL,NULL),
	(NULL,'110','1259103238399606784','2020-05-09 20:49:40','172.17.181.199',NULL,NULL),
	(NULL,'110','1259120765905289216','2020-05-09 21:59:19','172.17.181.199',NULL,NULL),
	(NULL,'110','1259129253998080000','2020-05-09 22:33:02','172.17.181.199',NULL,NULL),
	(NULL,'110','1259341169118883840','2020-05-10 12:35:07','172.17.181.199',NULL,NULL),
	(NULL,'110','1259369713102430208','2020-05-10 14:28:32','172.17.181.199',NULL,NULL),
	(NULL,'110','1259382868079747072','2020-05-10 15:20:49','172.17.181.199',NULL,NULL),
	(NULL,'110','1259382879819603968','2020-05-10 15:20:51','172.17.181.199',NULL,NULL),
	(NULL,'110','1259382882164219904','2020-05-10 15:20:52','172.17.181.199',NULL,NULL),
	(NULL,'110','1259382886572433408','2020-05-10 15:20:53','172.17.181.199',NULL,NULL),
	(NULL,'110','1259673811710251008','2020-05-11 10:36:55','172.17.181.199',NULL,NULL),
	(NULL,'110','1259688148625657856','2020-05-11 11:33:53','172.17.181.199',NULL,NULL),
	(NULL,'110','1259689290608807936','2020-05-11 11:38:25','172.17.181.199',NULL,NULL),
	(NULL,'110','1259829325907865600','2020-05-11 20:54:52','172.17.181.199',NULL,NULL),
	(NULL,'110','1259832113417138176','2020-05-11 21:05:57','172.17.181.199',NULL,NULL),
	(NULL,'110','1259843277807046656','2020-05-11 21:50:19','172.17.181.199',NULL,NULL),
	(NULL,'110','1259843421566816256','2020-05-11 21:50:53','172.17.181.199',NULL,NULL),
	(NULL,'110','1259843796843778048','2020-05-11 21:52:23','172.17.181.199',NULL,NULL),
	(NULL,'110','1259852227755634688','2020-05-11 22:25:53','172.17.181.199',NULL,NULL),
	(NULL,'110','1259855401606443008','2020-05-11 22:38:29','172.17.181.199',NULL,NULL),
	(NULL,'110','1259858270929809408','2020-05-11 22:49:53','172.17.181.199',NULL,NULL),
	(NULL,'110','1259858728515792896','2020-05-11 22:51:43','172.17.181.199',NULL,NULL),
	(NULL,'110','1259858987564396544','2020-05-11 22:52:44','172.17.181.199',NULL,NULL),
	(NULL,'110','1259859068132782080','2020-05-11 22:53:04','172.17.181.199',NULL,NULL),
	(NULL,'110','1259859091855765504','2020-05-11 22:53:09','172.17.181.199',NULL,NULL),
	(NULL,'110','1259859278808477696','2020-05-11 22:53:54','172.17.181.199',NULL,NULL),
	(NULL,'110','1259859704719077376','2020-05-11 22:55:35','172.17.181.199',NULL,NULL),
	(NULL,'110','1259862801902202880','2020-05-11 23:07:54','172.17.181.199',NULL,NULL),
	(NULL,'110','1259864864744796160','2020-05-11 23:16:06','172.17.181.199',NULL,NULL),
	(NULL,'1259865388688863232','1259865464362496000','2020-05-11 23:18:29','172.17.181.199',NULL,NULL),
	(NULL,'110','1259869097036607488','2020-05-11 23:32:55','172.17.181.199',NULL,NULL),
	(NULL,'110','1259869881623113728','2020-05-11 23:36:02','172.17.181.199',NULL,NULL),
	(NULL,'110','1259870360272891904','2020-05-11 23:37:56','172.17.181.199',NULL,NULL),
	(NULL,'110','1259873845219356672','2020-05-11 23:51:47','172.17.181.199',NULL,NULL),
	(NULL,'1259865388688863232','1260021869409136640','2020-05-12 09:39:58','172.17.181.199',NULL,NULL),
	(NULL,'110','1260083472401866752','2020-05-12 13:44:46','172.17.181.199',NULL,NULL),
	(NULL,'110','1260083482438836224','2020-05-12 13:44:48','172.17.181.199',NULL,NULL),
	(NULL,'110','1260083486863826944','2020-05-12 13:44:49','172.17.181.199',NULL,NULL),
	(NULL,'110','1260083488872898560','2020-05-12 13:44:50','172.17.181.199',NULL,NULL),
	(NULL,'110','1260083490017943552','2020-05-12 13:44:50','172.17.181.199',NULL,NULL),
	(NULL,'110','1260083490986827776','2020-05-12 13:44:50','172.17.181.199',NULL,NULL),
	(NULL,'110','1260083491896991744','2020-05-12 13:44:50','172.17.181.199',NULL,NULL),
	(NULL,'110','1260083492857487360','2020-05-12 13:44:51','172.17.181.199',NULL,NULL),
	(NULL,'110','1260084732450480128','2020-05-12 13:49:46','172.17.181.199',NULL,NULL),
	(NULL,'110','1260084736837722112','2020-05-12 13:49:47','172.17.181.199',NULL,NULL),
	(NULL,'110','1260084738305728512','2020-05-12 13:49:48','172.17.181.199',NULL,NULL),
	(NULL,'110','1260084739031343104','2020-05-12 13:49:48','172.17.181.199',NULL,NULL),
	(NULL,'110','1260084739836649472','2020-05-12 13:49:48','172.17.181.199',NULL,NULL),
	(NULL,'110','1260084740587429888','2020-05-12 13:49:48','172.17.181.199',NULL,NULL),
	(NULL,'110','1260084741338210304','2020-05-12 13:49:48','172.17.181.199',NULL,NULL),
	(NULL,'110','1260084742533586944','2020-05-12 13:49:49','172.17.181.199',NULL,NULL),
	(NULL,'110','1260084777883181056','2020-05-12 13:49:57','172.17.181.199',NULL,NULL),
	(NULL,'110','1260084779036614656','2020-05-12 13:49:57','172.17.181.199',NULL,NULL),
	(NULL,'110','1260084780080996352','2020-05-12 13:49:57','172.17.181.199',NULL,NULL),
	(NULL,'110','1260085525715001344','2020-05-12 13:52:55','172.17.181.199',NULL,NULL),
	(NULL,'110','1260085533260554240','2020-05-12 13:52:57','172.17.181.199',NULL,NULL),
	(NULL,'110','1260085535852634112','2020-05-12 13:52:58','172.17.181.199',NULL,NULL),
	(NULL,'110','1260085537580687360','2020-05-12 13:52:58','172.17.181.199',NULL,NULL),
	(NULL,'110','1260085540579614720','2020-05-12 13:52:59','172.17.181.199',NULL,NULL),
	(NULL,'110','1260085541955346432','2020-05-12 13:52:59','172.17.181.199',NULL,NULL),
	(NULL,'110','1260085574490562560','2020-05-12 13:53:07','172.17.181.199',NULL,NULL),
	(NULL,'110','1260100760819638272','2020-05-12 14:53:28','172.17.181.199',NULL,NULL),
	(NULL,'110','1260100797679181824','2020-05-12 14:53:36','172.17.181.199',NULL,NULL),
	(NULL,'110','1260100814464786432','2020-05-12 14:53:40','172.17.181.199',NULL,NULL),
	(NULL,'110','1260100853174018048','2020-05-12 14:53:50','172.17.181.199',NULL,NULL),
	(NULL,'110','1260100856542044160','2020-05-12 14:53:50','172.17.181.199',NULL,NULL),
	(NULL,'110','1260100858735665152','2020-05-12 14:53:51','172.17.181.199',NULL,NULL),
	(NULL,'110','1260149084301991936','2020-05-12 18:05:29','172.17.181.199',NULL,NULL),
	(NULL,'110','1260149091545554944','2020-05-12 18:05:31','172.17.181.199',NULL,NULL),
	(NULL,'110','1260149122746982400','2020-05-12 18:05:38','172.17.181.199',NULL,NULL),
	(NULL,'110','1260149194826096640','2020-05-12 18:05:55','172.17.181.199',NULL,NULL),
	(NULL,'110','1260149501601718272','2020-05-12 18:07:08','172.17.181.199',NULL,NULL),
	(NULL,'110','1260150362826547200','2020-05-12 18:10:34','172.17.181.199',NULL,NULL),
	(NULL,'110','1260151701522554880','2020-05-12 18:15:53','172.17.181.199',NULL,NULL),
	(NULL,'110','1260152917744885760','2020-05-12 18:20:43','172.17.181.199',NULL,NULL),
	(NULL,'110','1260153873979088896','2020-05-12 18:24:31','172.17.181.199',NULL,NULL),
	(NULL,'110','1260155890713698304','2020-05-12 18:32:32','172.17.181.199',NULL,NULL),
	(NULL,'110','1260170182397698048','2020-05-12 19:29:19','172.17.181.199',NULL,NULL),
	(NULL,'110','1260170187200176128','2020-05-12 19:29:20','172.17.181.199',NULL,NULL),
	(NULL,'110','1260170188659793920','2020-05-12 19:29:20','172.17.181.199',NULL,NULL),
	(NULL,'110','1260170189532209152','2020-05-12 19:29:21','172.17.181.199',NULL,NULL),
	(NULL,'110','1260170190379458560','2020-05-12 19:29:21','172.17.181.199',NULL,NULL),
	(NULL,'110','1260170191860047872','2020-05-12 19:29:21','172.17.181.199',NULL,NULL),
	(NULL,'110','1260170192694714368','2020-05-12 19:29:21','172.17.181.199',NULL,NULL),
	(NULL,'110','1260170193567129600','2020-05-12 19:29:22','172.17.181.199',NULL,NULL),
	(NULL,'110','1260170194385018880','2020-05-12 19:29:22','172.17.181.199',NULL,NULL),
	(NULL,'110','1260170195710418944','2020-05-12 19:29:22','172.17.181.199',NULL,NULL),
	(NULL,'110','1260170196612194304','2020-05-12 19:29:22','172.17.181.199',NULL,NULL),
	(NULL,'110','1260170249636585472','2020-05-12 19:29:35','172.17.181.199',NULL,NULL),
	(NULL,'110','1260170386295431168','2020-05-12 19:30:08','172.17.181.199',NULL,NULL),
	(NULL,'110','1260211870306607104','2020-05-12 22:14:58','172.17.181.199',NULL,NULL),
	(NULL,'110','1260223196596740096','2020-05-12 22:59:59','172.17.181.199',NULL,NULL),
	(NULL,'1260223757249355776','1260223855177965568','2020-05-12 23:02:36','172.17.181.199',NULL,NULL),
	(NULL,'1260223757249355776','1260467401403355136','2020-05-13 15:10:22','172.17.181.199',NULL,NULL),
	(NULL,'1260223757249355776','1260467405383749632','2020-05-13 15:10:22','172.17.181.199',NULL,NULL),
	(NULL,'110','1260580339351023616','2020-05-13 22:39:08','172.17.181.199',NULL,NULL),
	(NULL,'110','1260598501807222784','2020-05-13 23:51:18','172.17.181.199',NULL,NULL),
	(NULL,'1260223757249355776','1260924102917222400','2020-05-14 21:25:08','172.17.181.199',NULL,NULL),
	(NULL,'110','1260936132889931776','2020-05-14 22:12:56','172.17.181.199',NULL,NULL),
	(NULL,'110','1261189090869215232','2020-05-15 14:58:06','172.17.181.199',NULL,NULL),
	(NULL,'110','1261241142982967296','2020-05-15 18:24:56','172.17.181.199',NULL,NULL),
	(NULL,'110','1261288586303180800','2020-05-15 21:33:27','172.17.181.199',NULL,NULL),
	(NULL,'1260223757249355776','1261294953613193216','2020-05-15 21:58:45','172.17.181.199',NULL,NULL),
	(NULL,'110','1261488012388888576','2020-05-16 10:45:54','172.17.181.199',NULL,NULL),
	(NULL,'110','1261498301721243648','2020-05-16 11:26:47','172.17.181.199',NULL,NULL),
	(NULL,'110','1261501671425077248','2020-05-16 11:40:11','172.17.181.199',NULL,NULL),
	(NULL,'1260223757249355776','1261502005434281984','2020-05-16 11:41:30','172.17.181.199',NULL,NULL),
	(NULL,'110','1261579394348642304','2020-05-16 16:49:01','172.17.181.199',NULL,NULL),
	(NULL,'110','1261580173746794496','2020-05-16 16:52:07','172.17.181.199',NULL,NULL),
	(NULL,'110','1261583609712242688','2020-05-16 17:05:46','172.17.181.199',NULL,NULL),
	(NULL,'110','1261604619178110976','2020-05-16 18:29:15','172.17.181.199',NULL,NULL),
	(NULL,'110','1261639051029147648','2020-05-16 20:46:05','172.17.181.199',NULL,NULL),
	(NULL,'110','1261639285461381120','2020-05-16 20:47:00','172.17.181.199',NULL,NULL),
	(NULL,'110','1261645088402599936','2020-05-16 21:10:04','172.17.181.199',NULL,NULL),
	(NULL,'110','1261869847203704832','2020-05-17 12:03:11','172.17.181.199',NULL,NULL),
	(NULL,'110','1261879799498567680','2020-05-17 12:42:43','172.17.181.199',NULL,NULL),
	(NULL,'110','1261892503282020352','2020-05-17 13:33:12','172.17.181.199',NULL,NULL),
	(NULL,'110','1261960898799104000','2020-05-17 18:04:59','172.17.181.199',NULL,NULL),
	(NULL,'110','1262027397979058176','2020-05-17 22:29:14','172.17.181.199',NULL,NULL),
	(NULL,'1260223757249355776','1262260647439761408','2020-05-18 13:56:05','172.17.181.199',NULL,NULL),
	(NULL,'110','1262656109607075840','2020-05-19 16:07:30','172.17.181.199',NULL,NULL),
	(NULL,'110','1262656880872501248','2020-05-19 16:10:34','172.17.181.199',NULL,NULL),
	(NULL,'110','1262659659078807552','2020-05-19 16:21:36','172.17.181.199',NULL,NULL),
	(NULL,'110','1262663208097525760','2020-05-19 16:35:43','172.17.181.199',NULL,NULL),
	(NULL,'1260223757249355776','1262665310182027264','2020-05-19 16:44:04','172.17.181.199',NULL,NULL),
	(NULL,'110','1262666050648649728','2020-05-19 16:47:00','172.17.181.199',NULL,NULL),
	(NULL,'110','1262666056252239872','2020-05-19 16:47:02','172.17.181.199',NULL,NULL),
	(NULL,'110','1262735062157996032','2020-05-19 21:21:14','172.17.181.199',NULL,NULL),
	(NULL,'110','1262761438843998208','2020-05-19 23:06:03','172.17.181.199',NULL,NULL),
	(NULL,'110','1262763536130215936','2020-05-19 23:14:23','172.17.181.199',NULL,NULL),
	(NULL,'110','1262764689647702016','2020-05-19 23:18:58','172.17.181.199',NULL,NULL),
	(NULL,'1260223757249355776','1262765436745519104','2020-05-19 23:21:56','172.17.181.199',NULL,NULL),
	(NULL,'110','1262776844497424384','2020-05-20 00:07:16','172.17.181.199',NULL,NULL),
	(NULL,'1260223757249355776','1262777406911647744','2020-05-20 00:09:30','172.17.181.199',NULL,NULL),
	(NULL,'110','1262798505170898944','2020-05-20 01:33:20','172.17.181.199',NULL,NULL),
	(NULL,'110','1263273319862005760','2020-05-21 09:00:05','172.17.181.199',NULL,NULL),
	(NULL,'1260223757249355776','1263341154336403456','2020-05-21 13:29:38','172.17.181.199',NULL,NULL),
	(NULL,'110','1263452842167529472','2020-05-21 20:53:26','172.17.181.199',NULL,NULL),
	(NULL,'110','1263648124939431936','2020-05-22 09:49:25','172.17.181.199',NULL,NULL),
	(NULL,'110','1263650142563233792','2020-05-22 09:57:26','172.17.181.199',NULL,NULL),
	(NULL,'110','1263737680615337984','2020-05-22 15:45:17','172.17.181.199',NULL,NULL),
	(NULL,'110','1263743639567888384','2020-05-22 16:08:58','172.17.181.199',NULL,NULL),
	(NULL,'110','1263744601154023424','2020-05-22 16:12:47','172.17.181.199',NULL,NULL),
	(NULL,'110','1263745610437783552','2020-05-22 16:16:47','172.17.181.199',NULL,NULL),
	(NULL,'110','1263750144534974464','2020-05-22 16:34:48','172.17.181.199',NULL,NULL),
	(NULL,'110','1263750155142369280','2020-05-22 16:34:51','172.17.181.199',NULL,NULL),
	(NULL,'1260223757249355776','1263750632810680320','2020-05-22 16:36:45','172.17.181.199',NULL,NULL),
	(NULL,'110','1263753695952826368','2020-05-22 16:48:55','172.17.181.199',NULL,NULL),
	(NULL,'1260223757249355776','1263758961272348672','2020-05-22 17:09:51','172.17.181.199',NULL,NULL),
	(NULL,'1260223757249355776','1263759298607636480','2020-05-22 17:11:11','172.17.181.199',NULL,NULL),
	(NULL,'1260223757249355776','1263759827417096192','2020-05-22 17:13:17','172.17.181.199',NULL,NULL),
	(NULL,'1260223757249355776','1263759979175403520','2020-05-22 17:13:53','172.17.181.199',NULL,NULL),
	(NULL,'1260223757249355776','1263760727401504768','2020-05-22 17:16:52','172.17.181.199',NULL,NULL),
	(NULL,'1260223757249355776','1263761031291412480','2020-05-22 17:18:04','172.17.181.199',NULL,NULL),
	(NULL,'1260223757249355776','1263761678325719040','2020-05-22 17:20:38','172.17.181.199',NULL,NULL),
	(NULL,'1260223757249355776','1263821348855783424','2020-05-22 21:17:45','172.17.181.199',NULL,NULL),
	(NULL,'1260223757249355776','1263823175454203904','2020-05-22 21:25:00','172.17.181.199',NULL,NULL),
	(NULL,'110','1263824091762880512','2020-05-22 21:28:39','172.17.181.199',NULL,NULL),
	(NULL,'110','1263824102076674048','2020-05-22 21:28:41','172.17.181.199',NULL,NULL),
	(NULL,'1260223757249355776','1263824209740263424','2020-05-22 21:29:07','172.17.181.199',NULL,NULL),
	(NULL,'1260223757249355776','1263824574103646208','2020-05-22 21:30:34','172.17.181.199',NULL,NULL),
	(NULL,'1260223757249355776','1263824707608342528','2020-05-22 21:31:06','172.17.181.199',NULL,NULL),
	(NULL,'1260223757249355776','1263825183364050944','2020-05-22 21:32:59','172.17.181.199',NULL,NULL),
	(NULL,'110','1263825243925606400','2020-05-22 21:33:14','172.17.181.199',NULL,NULL),
	(NULL,'1260223757249355776','1263825316117966848','2020-05-22 21:33:31','172.17.181.199',NULL,NULL),
	(NULL,'110','1263827047929278464','2020-05-22 21:40:24','172.17.181.199',NULL,NULL),
	(NULL,'1263827279857512448','1263827351018074112','2020-05-22 21:41:36','172.17.181.199',NULL,NULL),
	(NULL,'1260223757249355776','1263827364255297536','2020-05-22 21:41:39','172.17.181.199',NULL,NULL),
	(NULL,'1263827279857512448','1263827473844072448','2020-05-22 21:42:05','172.17.181.199',NULL,NULL),
	(NULL,'110','1263827683492163584','2020-05-22 21:42:55','172.17.181.199',NULL,NULL),
	(NULL,'1263827279857512448','1263829342591053824','2020-05-22 21:49:31','172.17.181.199',NULL,NULL),
	(NULL,'110','1263830535123955712','2020-05-22 21:54:15','172.17.181.199',NULL,NULL),
	(NULL,'1263827279857512448','1263835781543948288','2020-05-22 22:15:06','172.17.181.199',NULL,NULL),
	(NULL,'1260223757249355776','1263835887928274944','2020-05-22 22:15:31','172.17.181.199',NULL,NULL),
	(NULL,'1263827279857512448','1263836383846002688','2020-05-22 22:17:30','172.17.181.199',NULL,NULL),
	(NULL,'110','1263836460886978560','2020-05-22 22:17:48','172.17.181.199',NULL,NULL),
	(NULL,'110','1263837665537224704','2020-05-22 22:22:35','172.17.181.199',NULL,NULL),
	(NULL,'110','1263840285647630336','2020-05-22 22:33:00','172.17.181.199',NULL,NULL),
	(NULL,'110','1263840325774536704','2020-05-22 22:33:09','172.17.181.199',NULL,NULL),
	(NULL,'1260223757249355776','1263840399237771264','2020-05-22 22:33:27','172.17.181.199',NULL,NULL),
	(NULL,'1260223757249355776','1263840409916469248','2020-05-22 22:33:29','172.17.181.199',NULL,NULL),
	(NULL,'110','1263843301146685440','2020-05-22 22:44:59','172.17.181.199',NULL,NULL),
	(NULL,'110','1264103946467373056','2020-05-23 16:00:41','172.17.181.199',NULL,NULL),
	(NULL,'110','1264110131299938304','2020-05-23 16:25:16','172.17.181.199',NULL,NULL),
	(NULL,'1263827279857512448','1264113349954301952','2020-05-23 16:38:03','172.17.181.199',NULL,NULL),
	(NULL,'1263827279857512448','1264115181275480064','2020-05-23 16:45:20','172.17.181.199',NULL,NULL),
	(NULL,'1263827279857512448','1264131493808795648','2020-05-23 17:50:09','172.17.181.199',NULL,NULL),
	(NULL,'110','1264166708052717568','2020-05-23 20:10:05','172.17.181.199',NULL,NULL),
	(NULL,'1263827279857512448','1264168950210195456','2020-05-23 20:19:00','172.17.181.199',NULL,NULL),
	(NULL,'110','1264319283070726144','2020-05-24 06:16:22','172.17.181.199',NULL,NULL),
	(NULL,'110','1264386359986712576','2020-05-24 10:42:54','172.17.181.199',NULL,NULL),
	(NULL,'1260223757249355776','1264392724314550272','2020-05-24 11:08:11','172.17.181.199',NULL,NULL),
	(NULL,'1263827279857512448','1264393470212796416','2020-05-24 11:11:09','172.17.181.199',NULL,NULL),
	(NULL,'110','1264393817115291648','2020-05-24 11:12:32','172.17.181.199',NULL,NULL),
	(NULL,'110','1264394766609248256','2020-05-24 11:16:18','172.17.181.199',NULL,NULL),
	(NULL,'110','1264403085587607552','2020-05-24 11:49:22','172.17.181.199',NULL,NULL),
	(NULL,'1260223757249355776','1264448597959340032','2020-05-24 14:50:13','172.17.181.199',NULL,NULL),
	(NULL,'1263827279857512448','1264450345952309248','2020-05-24 14:57:09','172.17.181.199',NULL,NULL),
	(NULL,'110','1264460043996864512','2020-05-24 15:35:42','172.17.181.199',NULL,NULL),
	(NULL,'110','1264460046408589312','2020-05-24 15:35:42','172.17.181.199',NULL,NULL),
	(NULL,'110','1264502459730731008','2020-05-24 18:24:14','172.17.181.199',NULL,NULL),
	(NULL,'1263827279857512448','1264571951534022656','2020-05-24 23:00:23','172.17.181.199',NULL,NULL),
	(NULL,'110','1264577564406067200','2020-05-24 23:22:41','172.17.181.199',NULL,NULL),
	(NULL,'110','1264889453719732224','2020-05-25 20:02:01','172.17.181.199',NULL,NULL),
	(NULL,'110','1264890135361241088','2020-05-25 20:04:43','172.17.181.199',NULL,NULL),
	(NULL,'1263827279857512448','1264898693033246720','2020-05-25 20:38:44','172.17.181.199',NULL,NULL),
	(NULL,'110','1264901891324264448','2020-05-25 20:51:26','172.17.181.199',NULL,NULL),
	(NULL,'110','1264903944780005376','2020-05-25 20:59:36','172.17.181.199',NULL,NULL),
	(NULL,'1263827279857512448','1264909354274603008','2020-05-25 21:21:06','172.17.181.199',NULL,NULL),
	(NULL,'1263827279857512448','1264909356392726528','2020-05-25 21:21:06','172.17.181.199',NULL,NULL),
	(NULL,'1260223757249355776','1264930809741737984','2020-05-25 22:46:21','172.17.181.199',NULL,NULL),
	(NULL,'1263827279857512448','1265084909238296576','2020-05-26 08:58:41','172.17.181.199',NULL,NULL),
	(NULL,'1263827279857512448','1265086560007299072','2020-05-26 09:05:15','172.17.181.199',NULL,NULL),
	(NULL,'1263827279857512448','1265179134030192640','2020-05-26 15:13:06','172.17.181.199',NULL,NULL),
	(NULL,'110','1265262562180276224','2020-05-26 20:44:37','172.17.181.199',NULL,NULL),
	(NULL,'1263827279857512448','1265277334934188032','2020-05-26 21:43:19','172.17.181.199',NULL,NULL),
	(NULL,'110','1265517378819256320','2020-05-27 13:37:10','172.17.181.199',NULL,NULL),
	(NULL,'110','1265525693854969856','2020-05-27 14:10:12','172.17.181.199',NULL,NULL),
	(NULL,'110','1265531102162513920','2020-05-27 14:31:42','172.17.181.199',NULL,NULL),
	(NULL,'1263827279857512448','1265602159397498880','2020-05-27 19:14:03','172.17.181.199',NULL,NULL),
	(NULL,'110','1265619178624839680','2020-05-27 20:21:41','172.17.181.199',NULL,NULL),
	(NULL,'110','1265638612169060352','2020-05-27 21:38:54','172.17.181.199',NULL,NULL),
	(NULL,'1263827279857512448','1265662424210141184','2020-05-27 23:13:31','172.17.181.199',NULL,NULL),
	(NULL,'110','1265663593326243840','2020-05-27 23:18:10','172.17.181.199',NULL,NULL),
	('{f1d33d3d-0e40-42d2-a38f-acc0d41b898d}','{030c7433-05d8-458e-bcf5-7902730d19e0}','16ec6c00-74c0-4d09-96d0-e7eddf6258ae','2020-03-17 22:22:30','117.153.62.208',NULL,NULL),
	('{4cf5a586-c438-4756-8cfa-cd31c816a69e}','{030c7433-05d8-458e-bcf5-7902730d19e0}','1b3a4dd8-766c-4e02-864c-7839beff0ef9','2020-03-24 22:55:11','113.88.134.249',NULL,NULL),
	('{21b7e599-5067-404c-bafe-78ec4ae74fb6}','{78612397-c2cd-4c23-b8a3-739f31c573ea}','1ef4c71e-9a98-4d97-8d04-7293ef31475d','2020-03-19 23:28:19','119.130.70.78',NULL,NULL),
	('{64cd9b7b-1ebd-4a4b-81a9-4e7919a2b517}','{030c7433-05d8-458e-bcf5-7902730d19e0}','21848634-ed74-4039-9f83-ebdfc7d8a4ac','2020-03-17 15:26:24','117.153.62.208',NULL,NULL),
	('{97b8e458-6f84-4119-b51e-d4261639e663}','{030c7433-05d8-458e-bcf5-7902730d19e0}','2194e991-1e9f-4d91-942e-9b1b6eb512b9','2020-03-17 15:28:29','117.153.62.208',NULL,NULL),
	('{db4f87bd-aca3-453e-ab88-722ba05c1708}','{78612397-c2cd-4c23-b8a3-739f31c573ea}','251003e4-14b1-4efa-8dbd-cf43d8bc55e4','2020-03-19 23:56:40','119.130.70.78',NULL,NULL),
	('{34d68677-f68f-47ad-b80c-32ab91c783a7}','{030c7433-05d8-458e-bcf5-7902730d19e0}','2889bbba-9154-4a4e-90e8-e6592118a997','2020-03-17 15:28:30','117.153.62.208',NULL,NULL),
	('{ba53efad-3ed6-4b19-a1f8-86acc3e0882b}','{030c7433-05d8-458e-bcf5-7902730d19e0}','2896c67e-d0e7-44ac-92be-406613135e16','2020-03-17 15:15:55','117.153.62.208',NULL,NULL),
	('{765ea726-985f-4cf2-9398-4f7aca423fa7}','{030c7433-05d8-458e-bcf5-7902730d19e0}','29484362-d55c-4f80-931e-d94b504bfda6','2020-03-16 18:28:43','117.153.62.208',NULL,NULL),
	('{d298c768-4446-43c4-b8f7-cd49dbd8d3c0}','{030c7433-05d8-458e-bcf5-7902730d19e0}','2e05e6da-83da-4a9a-a5e0-6e257e9c6e6a','2020-03-24 22:54:52','113.88.134.249',NULL,NULL),
	('{247b9e4f-6690-4759-a255-12d8759fe0f2}','{030c7433-05d8-458e-bcf5-7902730d19e0}','30534bd7-bd46-43b3-ab88-f929845f69a9','2020-03-21 23:28:32','117.153.62.86',NULL,NULL),
	('{c757c8e9-b13e-4cda-a9e7-6a1d584aee5b}','{030c7433-05d8-458e-bcf5-7902730d19e0}','31229677-a8b7-4155-be68-87eb093ff075','2020-03-10 13:29:00','117.153.64.138',NULL,NULL),
	('{2625288a-e8f4-47ee-998e-07e866294b5f}','{030c7433-05d8-458e-bcf5-7902730d19e0}','32af8f30-9849-4e3b-9e49-32d26851be9f','2020-03-17 22:22:47','117.153.62.208',NULL,NULL),
	('{85492e65-cdb4-49c5-aea8-7bbebc4ab77e}','{78612397-c2cd-4c23-b8a3-739f31c573ea}','3c212a7b-eedc-4a3c-8693-d8a52b1fb9b7','2020-03-20 00:35:37','119.130.70.78',NULL,NULL),
	('{c9dac33e-dc5d-4347-80dd-2c49bd8462bc}','{c9dac33e-dc5d-4347-80dd-2c49bd8462bc}','4','2020-03-07 22:24:52','1','王莽祸国殃民','5678'),
	('{71071bed-8ba2-41df-a6a7-9a3c8746ea13}','{030c7433-05d8-458e-bcf5-7902730d19e0}','404c1f5f-8e8c-40e7-ae44-54ffaf5d111b','2020-03-17 22:25:27','117.153.62.208',NULL,NULL),
	('{8a9957ba-c818-4df2-9ede-975beea3d34f}','{030c7433-05d8-458e-bcf5-7902730d19e0}','46ead6ab-55ef-4518-a77a-552e34e7ec74','2020-03-17 20:39:46','117.153.62.208',NULL,NULL),
	('{7b283bb3-556e-4c24-81d9-e852cd64fc1b}','{030c7433-05d8-458e-bcf5-7902730d19e0}','4a6ae654-96b9-438c-9bbe-72f94bec5db8','2020-03-17 15:19:20','117.153.62.208',NULL,NULL),
	('{61dd52cb-247c-4713-892c-e796b14ce2f1}','{030c7433-05d8-458e-bcf5-7902730d19e0}','4c580016-8a49-4147-afe5-b71ebd9dcacb','2020-03-17 14:30:38','117.153.62.208',NULL,NULL),
	('{cd06f518-5416-4965-8fe6-906d82e793bd}','{030c7433-05d8-458e-bcf5-7902730d19e0}','4dead3fd-9bf4-45c1-add0-a22e70c3a9b6','2020-03-17 19:45:05','117.153.62.208',NULL,NULL),
	('{c19f4363-0d7e-4215-8953-3e31aecda6ea}','{030c7433-05d8-458e-bcf5-7902730d19e0}','4ff35394-83ab-4b5e-ab6f-4e9ace216d14','2020-03-10 13:37:10','117.153.64.138',NULL,NULL),
	('{d2098e61-5235-4d20-8a21-78738eeb4ff9}','{d2098e61-5235-4d20-8a21-78738eeb4ff9}','5','2020-03-04 19:42:48','234.45.6.8','王莽历史罪人','2345566'),
	('{5ad57eea-dc25-472b-8d00-5dee759fca22}','{030c7433-05d8-458e-bcf5-7902730d19e0}','5180532e-d317-42ea-bda4-9cb7548198be','2020-03-20 23:52:56','117.153.62.52',NULL,NULL),
	('{6acdd43f-ca91-4c50-97d9-b69697d6a068}','{030c7433-05d8-458e-bcf5-7902730d19e0}','545ec492-bcb9-4a10-9bc6-030032754c1d','2020-03-21 23:28:32','117.153.62.86',NULL,NULL),
	('{656453cd-46e6-4f09-a920-22a99be7b70d}','{78612397-c2cd-4c23-b8a3-739f31c573ea}','5b5bf404-967d-48ea-bb08-94e93d78a1f9','2020-03-19 22:14:12','183.60.88.6',NULL,NULL),
	('{27e6f108-f49a-4ec8-bafe-c7e27f0ca77d}','{030c7433-05d8-458e-bcf5-7902730d19e0}','5de6ed70-8314-46e3-962d-21e59efeeea3','2020-03-17 15:28:01','117.153.62.208',NULL,NULL),
	('{17f3e9de-851c-4926-947b-6f98f0b9a448}','{030c7433-05d8-458e-bcf5-7902730d19e0}','5f8ee663-f03f-4b6e-9615-dc42c132dcca','2020-03-16 18:28:37','117.153.62.208',NULL,NULL),
	('{ec14e555-c9ec-4f8b-b5e0-e6885d63003d}','{030c7433-05d8-458e-bcf5-7902730d19e0}','5fb93acd-eb3c-436b-8de1-cd9844c8111d','2020-03-17 19:56:22','117.153.62.208',NULL,NULL),
	('{28255230-8bf2-4d1c-b172-1d119c0ad93c}','{78612397-c2cd-4c23-b8a3-739f31c573ea}','6433f091-7579-4959-80fe-6834662c9f2c','2020-03-19 22:19:13','183.60.88.6',NULL,NULL),
	('{d633e79b-b5fb-4c20-b2a4-8aff08d92564}','{030c7433-05d8-458e-bcf5-7902730d19e0}','6735bb36-e79e-4071-ab67-84ca1f32c1a0','2020-03-17 15:26:28','117.153.62.208',NULL,NULL),
	('{4eff72a1-9283-44c6-b352-6ea0a4b45a94}','{030c7433-05d8-458e-bcf5-7902730d19e0}','6816adb3-6d46-4e76-96ee-6a00bce0ad0f','2020-03-17 18:00:28','117.153.62.208',NULL,NULL),
	('{f1408496-9c94-4279-8867-fe603bd41d82}','{030c7433-05d8-458e-bcf5-7902730d19e0}','68319ee9-5a32-461c-8d81-16d2071eabe6','2020-03-16 17:26:52','117.153.62.208',NULL,NULL),
	('{66a69358-17c5-4e7d-9237-263d9a49800a}','{030c7433-05d8-458e-bcf5-7902730d19e0}','6e06e32b-0688-4961-98b5-6f56577b9ef8','2020-03-17 15:27:57','117.153.62.208',NULL,NULL),
	('{7e71dbc2-857a-4506-86d8-bc571db1ba5d}','{78612397-c2cd-4c23-b8a3-739f31c573ea}','6f90639f-fe98-4e46-be62-d57ffc8c51cf','2020-03-19 22:20:01','183.60.88.6',NULL,NULL),
	('{3b9ba2da-41e6-40ce-9c77-ca7cc09b4be5}','{030c7433-05d8-458e-bcf5-7902730d19e0}','73596efe-e426-48c1-a817-95a980e19507','2020-03-16 18:27:44','117.153.62.208',NULL,NULL),
	('{4579e912-02a2-4c82-9d93-94b66a8d907f}','{030c7433-05d8-458e-bcf5-7902730d19e0}','744722f8-54b3-46fe-aada-119fbf96a88b','2020-03-17 16:15:50','117.153.62.208',NULL,NULL),
	('{8846cb9c-fdd8-42ef-b11c-6693055fca46}','{030c7433-05d8-458e-bcf5-7902730d19e0}','74dc8c0f-4b48-4ec4-832d-a0dca69affdc','2020-03-17 22:26:14','117.153.62.208',NULL,NULL),
	('{fd85b783-b747-4353-8ef4-c382c947a2e0}','{030c7433-05d8-458e-bcf5-7902730d19e0}','795ab1c9-c65c-4318-82df-5a2b36b2712f','2020-03-17 17:46:44','117.153.62.208',NULL,NULL),
	('{841d5128-275c-484f-8c02-a26320d9f13d}','{030c7433-05d8-458e-bcf5-7902730d19e0}','7e838464-e923-4707-b936-1044b628d82e','2020-03-17 15:15:54','117.153.62.208',NULL,NULL),
	('{99db2786-b19e-4f28-87c1-726fd7311e08}','{78612397-c2cd-4c23-b8a3-739f31c573ea}','80b240b4-7d1b-4ccd-af31-ad47f8f01800','2020-03-19 23:40:20','119.130.70.78',NULL,NULL),
	('{ef371ef6-ed9e-46fd-a50e-6e9bd35921d6}','{030c7433-05d8-458e-bcf5-7902730d19e0}','81ed08b7-af74-4daf-a843-17b0ed6757a0','2020-03-17 19:45:36','117.153.62.208',NULL,NULL),
	('{6cf7ecf6-3c63-4ef2-89d3-f3aeca6ecf4a}','{78612397-c2cd-4c23-b8a3-739f31c573ea}','825b1197-e8da-4b1c-a665-f4da26fc4945','2020-03-19 23:32:49','119.130.70.78',NULL,NULL),
	('{eae88af9-4eb3-4354-9ed6-bb63238892df}','{030c7433-05d8-458e-bcf5-7902730d19e0}','877d2b2a-cce0-46e0-a6a3-4d291e956ec5','2020-03-16 18:28:05','117.153.62.208',NULL,NULL),
	('{07434d96-c12f-4797-8aeb-06bb63791130}','{030c7433-05d8-458e-bcf5-7902730d19e0}','87a076ec-8410-43e8-b19f-e27760894d32','2020-03-16 17:11:58','117.153.62.208',NULL,NULL),
	('{f3baf94f-6d4d-4081-b080-61b8a200deaa}','{030c7433-05d8-458e-bcf5-7902730d19e0}','8950077d-eea4-475a-bec0-bef10a8dd03a','2020-03-17 15:29:35','117.153.62.208',NULL,NULL),
	('{12041420-c101-4ac0-b664-574f69ae56af}','{030c7433-05d8-458e-bcf5-7902730d19e0}','8ad1649b-6764-486b-8396-b63418b5c7be','2020-03-17 19:45:04','117.153.62.208',NULL,NULL),
	('{dfc693ae-e904-46b2-833b-7d00a36f7590}','{030c7433-05d8-458e-bcf5-7902730d19e0}','8b595b85-702e-4308-859f-e231c4578f17','2020-03-17 22:22:47','117.153.62.208',NULL,NULL),
	('{1aa94250-3aaf-4d8b-a481-786c624038a0}','{030c7433-05d8-458e-bcf5-7902730d19e0}','8e4205ec-113f-455c-bac5-cddc92afcbed','2020-03-17 22:22:26','117.153.62.208',NULL,NULL),
	('{f372b305-6429-4cf7-88fd-e8789d485211}','{030c7433-05d8-458e-bcf5-7902730d19e0}','8e8af276-150a-47dc-9c47-c8b4e0bd2e68','2020-03-17 15:27:56','117.153.62.208',NULL,NULL),
	('{8c421f47-87d8-47e8-ab90-52ca0b5f0ea3}','{030c7433-05d8-458e-bcf5-7902730d19e0}','933bfe6c-89d0-4c25-9c7e-12bd7305c37f','2020-03-16 18:28:48','117.153.62.208',NULL,NULL),
	('{89b3d567-bfa2-4f55-88e3-759fc3ff080a}','{030c7433-05d8-458e-bcf5-7902730d19e0}','93ab01da-1327-47a5-954f-b1efd42c534c','2020-03-17 19:34:08','117.153.62.208',NULL,NULL),
	('{89638a50-8d59-41ad-be7a-21bd8e905355}','{030c7433-05d8-458e-bcf5-7902730d19e0}','94c744ce-f2b6-4e78-9b92-4f73726940c7','2020-03-17 15:28:24','117.153.62.208',NULL,NULL),
	('{2826879d-2098-4388-a0c8-63823ffeade6}','{030c7433-05d8-458e-bcf5-7902730d19e0}','969489d2-ca17-4a1b-b27b-46d8f195deb7','2020-03-25 16:03:45','119.139.196.208',NULL,NULL),
	('{13a693c1-09cd-4e69-8a35-806029447a0d}','{030c7433-05d8-458e-bcf5-7902730d19e0}','9862a0de-8b3a-462a-878a-741a166b4229','2020-03-17 15:27:51','117.153.62.208',NULL,NULL),
	('{882bf54a-2f82-4941-9dc3-eb7b734a924b}','{030c7433-05d8-458e-bcf5-7902730d19e0}','9ac2a8fa-8adc-4f7f-a8b0-e078dbcd3e37','2020-03-16 18:33:36','117.153.62.208',NULL,NULL),
	('{5a5e11b9-cd27-48f0-b137-631554672ee2}','{030c7433-05d8-458e-bcf5-7902730d19e0}','9c181bad-fb8b-4180-a3f2-3d4810dc7349','2020-03-17 16:11:56','117.153.62.208',NULL,NULL),
	('{30bab270-9717-47f7-adfb-fc4322112f9a}','{78612397-c2cd-4c23-b8a3-739f31c573ea}','9cd32985-7d5a-4277-acfa-b045cdd3e879','2020-03-19 23:49:06','119.130.70.78',NULL,NULL),
	('{bc533559-3b53-4c44-9416-b1ff3258b709}','{030c7433-05d8-458e-bcf5-7902730d19e0}','9e26a8bd-f5e5-40f3-b618-4228c29b21f4','2020-03-17 18:00:13','117.153.62.208',NULL,NULL),
	('{90595a95-a433-4207-bf95-0f9b576a6ab6}','{030c7433-05d8-458e-bcf5-7902730d19e0}','a07a5383-8b30-43f7-b2da-caf59c4cb206','2020-03-16 17:26:54','117.153.62.208',NULL,NULL),
	('{182d28be-9dee-450f-bc38-da7ac5efee0a}','{030c7433-05d8-458e-bcf5-7902730d19e0}','a2c770b2-1de1-4c6f-8d3d-50d9f04cd6f4','2020-03-16 18:28:40','117.153.62.208',NULL,NULL),
	('{154e3906-1a21-4664-8e53-075d868c86f7}','{78612397-c2cd-4c23-b8a3-739f31c573ea}','a3e03fd6-38d9-4f48-a7f9-486a976f99fe','2020-03-20 00:39:07','119.130.70.78',NULL,NULL),
	('{8e6c4bbf-44d5-4ca7-831b-e93022f9c862}','{030c7433-05d8-458e-bcf5-7902730d19e0}','a51a01f7-d4ea-4d1f-bb28-6f55e0ed9660','2020-03-16 17:26:48','117.153.62.208',NULL,NULL),
	('{7072e353-ff6a-45ff-af82-81c46e7a467b}','{78612397-c2cd-4c23-b8a3-739f31c573ea}','a7399daf-61c7-4c60-967b-1a50a9fc396a','2020-03-19 22:16:24','183.60.88.6',NULL,NULL),
	('{afea80a9-c66f-408d-b870-b5bc5490d0db}','{78612397-c2cd-4c23-b8a3-739f31c573ea}','a7a0d2d3-25b1-4c1f-813b-b32a1b36bc58','2020-03-19 22:18:03','183.60.88.6',NULL,NULL),
	('{438c6e38-8700-4b74-a334-165f6d0b89c5}','{78612397-c2cd-4c23-b8a3-739f31c573ea}','ad149f10-8164-41f4-bf0a-29656ec1f3cb','2020-03-28 17:35:41','119.130.171.78',NULL,NULL),
	('{9a5a3e53-c40c-4b2a-be9c-e7a66ae22448}','{030c7433-05d8-458e-bcf5-7902730d19e0}','b0b118ae-bcaf-4f0a-8b5b-186a54a9a4bb','2020-03-16 18:28:34','117.153.62.208',NULL,NULL),
	('{e67d2bda-470d-439c-8f3b-5dd1062982d8}','{030c7433-05d8-458e-bcf5-7902730d19e0}','b4943e6e-4e64-4324-92c9-9db73a581552','2020-03-17 15:29:28','117.153.62.208',NULL,NULL),
	('{e0823d7f-353b-4be1-9575-f04633cd28ae}','{030c7433-05d8-458e-bcf5-7902730d19e0}','b696b9c0-2faa-4e27-bada-982ea02500da','2020-03-17 19:24:21','117.153.62.208',NULL,NULL),
	('{38ec4c63-94d9-4de6-85c0-403d813cdba1}','{030c7433-05d8-458e-bcf5-7902730d19e0}','bf3009ab-555d-4a2e-98b2-bd1a13223503','2020-03-17 15:28:40','117.153.62.208',NULL,NULL),
	('{e31562ea-0bf6-4bd3-8f4e-d2fbc3122eaf}','{030c7433-05d8-458e-bcf5-7902730d19e0}','bfb51cd1-5697-48ae-b981-59a0f9b4eb9a','2020-03-17 18:01:35','117.153.62.208',NULL,NULL),
	('{e805f806-5f75-4e3e-bf56-0449f7dfe9e7}','{030c7433-05d8-458e-bcf5-7902730d19e0}','bfcd15bb-9390-41b5-81a5-6ff462b606e9','2020-03-17 19:24:53','117.153.62.208',NULL,NULL),
	('{160acc83-b08c-488f-8fef-be161dc7fb5e}','{030c7433-05d8-458e-bcf5-7902730d19e0}','c0dab9fe-5855-4791-98ce-98e0a7d2ae1e','2020-03-17 15:19:19','117.153.62.208',NULL,NULL),
	('{bcb35582-5d2b-4199-b280-b4618c0f2392}','{030c7433-05d8-458e-bcf5-7902730d19e0}','c29454f8-3740-4039-850e-8d2ace30bf4f','2020-03-17 19:56:21','117.153.62.208',NULL,NULL),
	('{862c99d6-e193-4d9d-8d50-9ca7231c89a2}','{030c7433-05d8-458e-bcf5-7902730d19e0}','c410c497-0c11-42a8-bc0d-136d1bfe07e8','2020-03-17 15:16:04','117.153.62.208',NULL,NULL),
	('{44d7ea5c-8878-4e76-a5b2-8d0262c32d65}','{030c7433-05d8-458e-bcf5-7902730d19e0}','c631f3aa-181a-453c-9276-544a62031302','2020-03-17 19:45:06','117.153.62.208',NULL,NULL),
	('{f876f716-61ae-49ce-a8f2-dfc352f0f419}','{030c7433-05d8-458e-bcf5-7902730d19e0}','ca214ce4-3ca9-441b-9c8e-147a88be33de','2020-03-17 22:22:26','117.153.62.208',NULL,NULL),
	('{d8e6f022-97f4-4517-90e3-bdf575d4d198}','{030c7433-05d8-458e-bcf5-7902730d19e0}','cd694a3e-7a96-4fde-8d3f-68ee2c995326','2020-03-17 15:26:23','117.153.62.208',NULL,NULL),
	('{8fadfd04-12f9-43dd-915b-97d041ad6fbc}','{030c7433-05d8-458e-bcf5-7902730d19e0}','cf1a3928-0490-417e-9a0f-e2a74203f6cb','2020-03-17 19:34:07','117.153.62.208',NULL,NULL),
	('{53f8f76f-95f0-4803-a441-3428ca2acc33}','{78612397-c2cd-4c23-b8a3-739f31c573ea}','d0fb8462-b2fb-489d-ad3f-af3060fc9854','2020-03-19 22:16:34','183.60.88.6',NULL,NULL),
	('{7f7c652f-bf00-4ba2-9e6a-01719bbb6ae6}','{030c7433-05d8-458e-bcf5-7902730d19e0}','d1cfe166-e21a-464c-96b6-e6be87404c6a','2020-03-17 22:25:27','117.153.62.208',NULL,NULL),
	('{fa6ee4a4-c5a0-419d-805a-e702293e269c}','{030c7433-05d8-458e-bcf5-7902730d19e0}','d6f83abf-ce44-4f0d-af5c-bcf666c6b68d','2020-03-17 15:29:27','117.153.62.208',NULL,NULL),
	('{90d59d95-4191-4633-96c2-344beb9eeb5b}','{030c7433-05d8-458e-bcf5-7902730d19e0}','d9346100-2dab-49a8-94b8-7b0b98568e3d','2020-03-24 22:55:20','113.88.134.249',NULL,NULL),
	('{d67b451e-4e4a-4a9e-9ead-9d54daa8fbf5}','{030c7433-05d8-458e-bcf5-7902730d19e0}','df1614e9-5568-4552-8b67-e9d27124b212','2020-03-24 22:54:50','113.88.134.249',NULL,NULL),
	('{6881fbce-87d3-46ee-a837-b4a4345d43a0}','{78612397-c2cd-4c23-b8a3-739f31c573ea}','e941f29c-0bac-49db-8423-148bb88fff24','2020-03-22 16:59:01','14.28.159.223',NULL,NULL),
	('{7272fe61-1eff-41ef-a008-f94792d95f00}','{78612397-c2cd-4c23-b8a3-739f31c573ea}','ecc82902-934c-40a6-854e-3cfc4be0344c','2020-03-19 23:33:40','119.130.70.78',NULL,NULL),
	('{8d1ddfa7-32e2-4717-b592-b0dc61d9a462}','{030c7433-05d8-458e-bcf5-7902730d19e0}','eed72a58-532f-4bd6-bc03-5578c2d63bea','2020-03-17 16:12:03','117.153.62.208',NULL,NULL),
	('{46dccd81-5094-4f59-beab-2147f6a96060}','{030c7433-05d8-458e-bcf5-7902730d19e0}','ef97d1a8-7bcc-46c5-b2c1-eb1916c6f42a','2020-03-17 15:25:17','117.153.62.208',NULL,NULL),
	('{c1dc44f0-9d78-43ea-a3bd-18ef5ab7e367}','{030c7433-05d8-458e-bcf5-7902730d19e0}','f1582cf5-876c-4a52-b635-8931f2f8081a','2020-03-17 16:12:04','117.153.62.208',NULL,NULL),
	('{75c4c59a-e90e-4bd0-a23e-93ae4a15431e}','{030c7433-05d8-458e-bcf5-7902730d19e0}','f52f29d0-604c-4e9f-bb6c-74d78f905a4e','2020-03-17 19:24:23','117.153.62.208',NULL,NULL),
	('{ee545a4e-61dc-4324-b8b7-578777a3a23d}','{78612397-c2cd-4c23-b8a3-739f31c573ea}','f530f7ed-beae-4aeb-af09-2af6fc086af4','2020-03-19 22:21:44','183.60.88.6',NULL,NULL),
	('{71cb3ba7-2d59-483b-a025-fde7ef602c89}','{78612397-c2cd-4c23-b8a3-739f31c573ea}','f5f403c3-ced3-4b81-b0bd-1547c3b11381','2020-03-20 00:36:25','119.130.70.78',NULL,NULL),
	('{8c44c3db-1c02-487d-a4a9-b7e4a9b1c96b}','{030c7433-05d8-458e-bcf5-7902730d19e0}','ff4f7e94-60ed-4f02-b7b0-68e914c6d1ff','2020-03-11 13:13:07','117.153.62.208',NULL,NULL),
	('{3b30ab54-6b5b-4f0d-bdf3-59a07c9fc7b0}','{c9dac33e-dc5d-4347-80dd-2c49bd8462bc}','ff627b80-8639-4dd9-8fc8-79c315f0444a','2020-03-11 13:14:42','117.153.62.208',NULL,NULL),
	('{6e96afbf-c99c-46bf-acf5-49c47c5e2b66}','{030c7433-05d8-458e-bcf5-7902730d19e0}','ffd58b55-bac8-44a5-8908-5a8bfa013b83','2020-03-10 18:18:54','117.153.64.138',NULL,NULL);

/*!40000 ALTER TABLE `tb_login_log` ENABLE KEYS */;
UNLOCK TABLES;


# Dump of table tb_message
# ------------------------------------------------------------

DROP TABLE IF EXISTS `tb_message`;

CREATE TABLE `tb_message` (
  `row_guid` varchar(255) DEFAULT NULL,
  `recordguid` varchar(255) DEFAULT NULL,
  `id` varchar(255) NOT NULL,
  `t_message_title` varchar(255) DEFAULT NULL COMMENT '消息标题',
  `t_message_content` varchar(255) DEFAULT NULL COMMENT '消息内容',
  `t_update_man` varchar(255) DEFAULT NULL COMMENT '修改人',
  `t_update_date` datetime DEFAULT NULL COMMENT '修改日期',
  `t_send_date` datetime DEFAULT NULL COMMENT '推送日期',
  `t_status` int DEFAULT NULL COMMENT '是否推送:1是2否',
  PRIMARY KEY (`id`)
) ENGINE=InnoDB DEFAULT CHARSET=utf8mb4 COLLATE=utf8mb4_0900_ai_ci;

LOCK TABLES `tb_message` WRITE;
/*!40000 ALTER TABLE `tb_message` DISABLE KEYS */;

INSERT INTO `tb_message` (`row_guid`, `recordguid`, `id`, `t_message_title`, `t_message_content`, `t_update_man`, `t_update_date`, `t_send_date`, `t_status`)
VALUES
	('1237747707844206592',NULL,'1237747707844206592','哈哈哈哈','1321321',NULL,'2020-03-11 14:30:24','2020-03-11 14:30:24',1),
	('1259879898044624896',NULL,'1259879898044624896','推送标题推送标题推送标题推送标题推送标题推送标题推送标题推送标题推送标题推送标题','消息内容消息内容消息内容消息内容消息内容消息内容消息内容消息内容','1232682015317360640','2020-05-12 00:15:50','2020-05-12 00:15:50',1);

/*!40000 ALTER TABLE `tb_message` ENABLE KEYS */;
UNLOCK TABLES;


# Dump of table tb_order
# ------------------------------------------------------------

DROP TABLE IF EXISTS `tb_order`;

CREATE TABLE `tb_order` (
  `row_guid` varchar(255) DEFAULT NULL,
  `recordguid` varchar(255) DEFAULT NULL,
  `id` int NOT NULL AUTO_INCREMENT,
  `t_course_guid` varchar(255) DEFAULT NULL COMMENT '课程GUID',
  `t_user_guid` varchar(255) DEFAULT NULL COMMENT '用户GUID',
  `t_class_package_guid` varchar(255) DEFAULT NULL COMMENT '课包GUID',
  `t_order_no` varchar(255) DEFAULT NULL COMMENT '订单号',
  `t_order_status` int DEFAULT NULL COMMENT '订单状态 1待支付 2已支付 3已取消',
  `t_pay_way` varchar(255) DEFAULT NULL COMMENT '支付方式',
  `t_price` decimal(10,2) DEFAULT NULL COMMENT '订单金额',
  `t_pay_date` datetime DEFAULT NULL COMMENT '支付时间',
  `t_shop_no` varchar(255) CHARACTER SET utf8mb4 COLLATE utf8mb4_0900_ai_ci DEFAULT NULL COMMENT '商户订单号',
  `t_place_order_date` datetime DEFAULT NULL COMMENT '下单时间',
  `t_accept_address` varchar(255) DEFAULT NULL COMMENT '收货地址',
  `t_accept_people` varchar(255) DEFAULT NULL COMMENT '收货人',
  `t_accept_phone` varchar(255) DEFAULT NULL COMMENT '联系手机',
  `prepay_id` varchar(255) DEFAULT NULL COMMENT '预支付id',
  PRIMARY KEY (`id`)
) ENGINE=InnoDB DEFAULT CHARSET=utf8mb4 COLLATE=utf8mb4_0900_ai_ci;

LOCK TABLES `tb_order` WRITE;
/*!40000 ALTER TABLE `tb_order` DISABLE KEYS */;

INSERT INTO `tb_order` (`row_guid`, `recordguid`, `id`, `t_course_guid`, `t_user_guid`, `t_class_package_guid`, `t_order_no`, `t_order_status`, `t_pay_way`, `t_price`, `t_pay_date`, `t_shop_no`, `t_place_order_date`, `t_accept_address`, `t_accept_people`, `t_accept_phone`, `prepay_id`)
VALUES
	('1265637800374132736',NULL,324,'2','1263466310224498688','2','20200527213540',2,'微信',0.03,'2020-05-27 21:35:48',NULL,'2020-05-27 21:35:41','北京市 市辖区 朝阳区 中央美术学院','cxz','18600759366','wx272135408976750f836cf7401961293000');

/*!40000 ALTER TABLE `tb_order` ENABLE KEYS */;
UNLOCK TABLES;


# Dump of table tb_permission
# ------------------------------------------------------------

DROP TABLE IF EXISTS `tb_permission`;

CREATE TABLE `tb_permission` (
  `id` int NOT NULL AUTO_INCREMENT,
  `t_name` varchar(255) DEFAULT NULL COMMENT '权限名称',
  `t_pid` int DEFAULT NULL COMMENT '父级权限ID',
  `t_level` int DEFAULT NULL COMMENT '权限级别',
  PRIMARY KEY (`id`)
) ENGINE=InnoDB DEFAULT CHARSET=utf8;

LOCK TABLES `tb_permission` WRITE;
/*!40000 ALTER TABLE `tb_permission` DISABLE KEYS */;

INSERT INTO `tb_permission` (`id`, `t_name`, `t_pid`, `t_level`)
VALUES
	(1,'内容中心',0,1),
	(2,'类别',1,2),
	(3,'查看（列表）',2,3),
	(4,'课程',1,2),
	(5,'创建',2,3),
	(6,'修改',2,3),
	(7,'删除',2,3),
	(8,'创建课程',4,3),
	(9,'修改课程排序号',4,3),
	(10,'查看',4,3),
	(11,'修改',4,3),
	(12,'发布',4,3),
	(13,'删除',4,3),
	(14,'下架',4,3),
	(15,'课程价格',1,2),
	(16,'创建课包',15,3),
	(17,'修改课包',15,3),
	(18,'发布课包',15,3),
	(19,'下架课包',15,3),
	(20,'删除课包',15,3),
	(21,'查看课包列表',15,3),
	(22,'设置短期班课程总价',15,3),
	(23,'查看短期班价格设置页',15,3),
	(24,'知识点',1,2),
	(25,'添加',24,3),
	(26,'删除',24,3),
	(27,'修改',24,3),
	(28,'查看',24,3),
	(29,'创作方式',1,2),
	(30,'删除',29,3),
	(31,'修改',29,3),
	(32,'删除',29,3),
	(33,'查看',29,3),
	(34,'创作方式',1,2),
	(35,'添加',34,3),
	(36,'修改',34,3),
	(37,'删除',34,3),
	(38,'查看',34,3),
	(39,'用户中心',0,1),
	(40,'所有学生',39,2),
	(41,'查看（学生列表）',40,3),
	(42,'查看（学生详情）',40,3),
	(43,'所有作品',39,2),
	(44,'查看（作品列表、作品详情）',43,3),
	(45,'点评',43,3),
	(46,'所有评价',39,2),
	(47,'查看（评价列表）',46,3),
	(48,'运营中心',0,1),
	(49,'运营数据',48,2),
	(50,'查看',49,3),
	(51,'轮播图配置',48,2),
	(52,'查看（列表）',51,3),
	(53,'创建',51,3),
	(54,'修改',51,3),
	(55,'删除',51,3),
	(56,'修改开启状态',51,3),
	(57,'消息推送',48,2),
	(58,'查看（列表）',57,3),
	(59,'创建',57,3),
	(60,'删除',57,3),
	(61,'订单中心',0,1),
	(62,'订单',61,2),
	(63,'查看（列表）',62,3),
	(64,'系统管理',0,1),
	(65,'内部员工管理',64,2),
	(66,'查看列表',65,3),
	(67,'创建',65,3),
	(68,'删除',65,3),
	(69,'修改',65,3),
	(70,'角色管理',64,2),
	(71,'查看列表',70,3),
	(72,'创建',70,3),
	(73,'修改',70,3),
	(74,'删除',70,3),
	(75,'日志管理',64,2),
	(76,'员工资料修改',64,2),
	(77,'查看列表',75,3);

/*!40000 ALTER TABLE `tb_permission` ENABLE KEYS */;
UNLOCK TABLES;


# Dump of table tb_role
# ------------------------------------------------------------

DROP TABLE IF EXISTS `tb_role`;

CREATE TABLE `tb_role` (
  `role_id` varchar(255) NOT NULL,
  `t_role_name` varchar(255) DEFAULT NULL COMMENT '角色名称',
  `t_role_description` varchar(255) DEFAULT NULL COMMENT '角色描述',
  `t_ids` varchar(255) DEFAULT NULL COMMENT '权限ID集',
  `t_status` int DEFAULT NULL COMMENT '状态 1启用 2停用',
  `t_create_date` datetime DEFAULT NULL COMMENT '新增时间',
  `t_update_date` datetime DEFAULT NULL COMMENT '修改日期',
  PRIMARY KEY (`role_id`)
) ENGINE=InnoDB DEFAULT CHARSET=utf8;

LOCK TABLES `tb_role` WRITE;
/*!40000 ALTER TABLE `tb_role` DISABLE KEYS */;

INSERT INTO `tb_role` (`role_id`, `t_role_name`, `t_role_description`, `t_ids`, `t_status`, `t_create_date`, `t_update_date`)
VALUES
	('1250670324997615616','老师','','',1,'2020-04-16 14:20:16',NULL),
	('3','客服','客服',NULL,1,'2020-04-14 20:47:09',NULL),
	('4','编辑','编辑',NULL,1,'2020-04-14 20:47:12',NULL),
	('5','运营','运营',NULL,1,NULL,NULL),
	('6','点评老师','点评老师',NULL,1,NULL,NULL),
	('7','销售','销售',NULL,1,NULL,NULL);

/*!40000 ALTER TABLE `tb_role` ENABLE KEYS */;
UNLOCK TABLES;


# Dump of table tb_role_per
# ------------------------------------------------------------

DROP TABLE IF EXISTS `tb_role_per`;

CREATE TABLE `tb_role_per` (
  `id` int NOT NULL AUTO_INCREMENT,
  `role_id` varchar(255) DEFAULT NULL,
  `per_id` int DEFAULT NULL,
  PRIMARY KEY (`id`)
) ENGINE=InnoDB DEFAULT CHARSET=utf8mb4 COLLATE=utf8mb4_0900_ai_ci;

LOCK TABLES `tb_role_per` WRITE;
/*!40000 ALTER TABLE `tb_role_per` DISABLE KEYS */;

INSERT INTO `tb_role_per` (`id`, `role_id`, `per_id`)
VALUES
	(24,'1234041005793816576',1),
	(25,'1234041005793816576',2),
	(26,'1234100492101722112',64),
	(27,'1234100812110340096',64),
	(28,'1234102643643666432',1),
	(29,'1234102643643666432',10),
	(30,'1234102643643666432',2),
	(31,'1234102643643666432',3),
	(32,'1234102643643666432',5),
	(33,'1234102643643666432',6),
	(34,'1234102643643666432',8),
	(35,'1234102643643666432',9),
	(36,'1234102643643666432',7),
	(195,NULL,6),
	(196,NULL,7),
	(197,NULL,38),
	(198,NULL,6),
	(199,NULL,7),
	(200,NULL,38),
	(201,NULL,6),
	(202,NULL,7),
	(203,NULL,38),
	(204,NULL,6),
	(205,NULL,7),
	(206,NULL,38),
	(207,NULL,7),
	(214,NULL,6),
	(215,NULL,7),
	(216,NULL,38),
	(217,NULL,1),
	(218,NULL,2),
	(219,NULL,3),
	(220,NULL,5),
	(221,NULL,6),
	(222,NULL,7),
	(223,NULL,4),
	(224,NULL,8),
	(225,NULL,9),
	(226,NULL,10),
	(227,NULL,11),
	(228,NULL,12),
	(229,NULL,13),
	(230,NULL,14),
	(231,NULL,15),
	(232,NULL,16),
	(233,NULL,17),
	(234,NULL,18),
	(235,NULL,19),
	(236,NULL,20),
	(237,NULL,21),
	(238,NULL,22),
	(239,NULL,23),
	(240,NULL,24),
	(241,NULL,25),
	(242,NULL,26),
	(243,NULL,27),
	(244,NULL,28),
	(245,NULL,29),
	(246,NULL,30),
	(247,NULL,31),
	(248,NULL,32),
	(249,NULL,33),
	(250,NULL,34),
	(251,NULL,35),
	(252,NULL,36),
	(253,NULL,37),
	(254,NULL,38),
	(255,NULL,2),
	(256,NULL,3),
	(257,NULL,5),
	(258,NULL,6),
	(259,NULL,7),
	(260,NULL,3),
	(261,NULL,5),
	(262,NULL,6),
	(263,NULL,7),
	(264,NULL,4),
	(265,NULL,8),
	(266,NULL,9),
	(267,NULL,10),
	(268,NULL,11),
	(269,NULL,12),
	(270,NULL,13),
	(271,NULL,14),
	(272,NULL,8),
	(273,NULL,9),
	(274,NULL,10),
	(275,NULL,11),
	(276,NULL,12),
	(277,NULL,13),
	(278,NULL,14),
	(279,NULL,15),
	(280,NULL,16),
	(281,NULL,17),
	(282,NULL,18),
	(283,NULL,19),
	(284,NULL,20),
	(285,NULL,21),
	(286,NULL,22),
	(287,NULL,23),
	(288,NULL,16),
	(289,NULL,17),
	(290,NULL,18),
	(291,NULL,19),
	(292,NULL,20),
	(293,NULL,21),
	(294,NULL,22),
	(295,NULL,23),
	(296,NULL,24),
	(297,NULL,25),
	(298,NULL,26),
	(299,NULL,27),
	(300,NULL,28),
	(301,NULL,25),
	(302,NULL,26),
	(303,NULL,27),
	(304,NULL,28),
	(305,NULL,29),
	(306,NULL,30),
	(307,NULL,31),
	(308,NULL,32),
	(309,NULL,33),
	(310,NULL,30),
	(311,NULL,31),
	(312,NULL,32),
	(313,NULL,33),
	(314,NULL,34),
	(315,NULL,35),
	(316,NULL,36),
	(317,NULL,37),
	(318,NULL,38),
	(319,NULL,35),
	(320,NULL,36),
	(321,NULL,37),
	(322,NULL,38),
	(323,NULL,2),
	(324,NULL,3),
	(325,NULL,5),
	(326,NULL,6),
	(327,NULL,7),
	(328,NULL,3),
	(329,NULL,5),
	(330,NULL,6),
	(331,NULL,7),
	(332,NULL,4),
	(333,NULL,8),
	(334,NULL,9),
	(335,NULL,10),
	(336,NULL,11),
	(337,NULL,12),
	(338,NULL,13),
	(339,NULL,14),
	(340,NULL,8),
	(341,NULL,9),
	(342,NULL,10),
	(343,NULL,11),
	(344,NULL,12),
	(345,NULL,13),
	(346,NULL,14),
	(347,NULL,15),
	(348,NULL,16),
	(349,NULL,17),
	(350,NULL,18),
	(351,NULL,19),
	(352,NULL,20),
	(353,NULL,21),
	(354,NULL,22),
	(355,NULL,23),
	(356,NULL,16),
	(357,NULL,17),
	(358,NULL,18),
	(359,NULL,19),
	(360,NULL,20),
	(361,NULL,21),
	(362,NULL,22),
	(363,NULL,23),
	(364,NULL,24),
	(365,NULL,25),
	(366,NULL,26),
	(367,NULL,27),
	(368,NULL,28),
	(369,NULL,25),
	(370,NULL,26),
	(371,NULL,27),
	(372,NULL,28),
	(373,NULL,34),
	(374,NULL,35),
	(375,NULL,36),
	(376,NULL,37),
	(377,NULL,38),
	(378,NULL,35),
	(379,NULL,36),
	(380,NULL,37),
	(381,NULL,38),
	(382,NULL,6),
	(383,NULL,7),
	(384,NULL,6),
	(385,NULL,7),
	(389,NULL,51),
	(390,NULL,52),
	(391,NULL,53),
	(392,NULL,54),
	(393,NULL,55),
	(394,NULL,56),
	(395,NULL,52),
	(396,NULL,53),
	(397,NULL,54),
	(398,NULL,55),
	(399,NULL,56),
	(400,NULL,49),
	(401,NULL,50),
	(402,NULL,50),
	(409,NULL,61),
	(410,NULL,62),
	(411,NULL,63),
	(412,NULL,62),
	(413,NULL,63),
	(414,NULL,63),
	(415,NULL,61),
	(416,NULL,62),
	(417,NULL,63),
	(418,NULL,62),
	(419,NULL,63),
	(420,NULL,63),
	(424,NULL,61),
	(425,NULL,62),
	(426,NULL,63),
	(427,NULL,62),
	(428,NULL,63),
	(429,NULL,63);

/*!40000 ALTER TABLE `tb_role_per` ENABLE KEYS */;
UNLOCK TABLES;


# Dump of table tb_stage
# ------------------------------------------------------------

DROP TABLE IF EXISTS `tb_stage`;

CREATE TABLE `tb_stage` (
  `row_guid` varchar(255) DEFAULT NULL,
  `group_guid` varchar(255) DEFAULT NULL,
  `id` varchar(255) NOT NULL,
  `t_name` varchar(255) DEFAULT NULL COMMENT '阶段名',
  `t_order` varchar(255) DEFAULT NULL,
  `t_class_id` text CHARACTER SET utf8 COLLATE utf8_general_ci COMMENT '课节id',
  `t_status` varchar(255) CHARACTER SET utf8 COLLATE utf8_general_ci DEFAULT NULL COMMENT '状态 0 已发布 1 未发布 2 已下架',
  `t_update_man` varchar(255) DEFAULT NULL COMMENT '阶段创建人',
  `t_update_date` datetime DEFAULT NULL COMMENT '阶段修改日期',
  `t_learn_count` int DEFAULT NULL,
  PRIMARY KEY (`id`)
) ENGINE=InnoDB DEFAULT CHARSET=utf8;

LOCK TABLES `tb_stage` WRITE;
/*!40000 ALTER TABLE `tb_stage` DISABLE KEYS */;

INSERT INTO `tb_stage` (`row_guid`, `group_guid`, `id`, `t_name`, `t_order`, `t_class_id`, `t_status`, `t_update_man`, `t_update_date`, `t_learn_count`)
VALUES
	('2',NULL,'2','初级儿童画',NULL,'2','0','110','2020-05-22 22:50:12',NULL);

/*!40000 ALTER TABLE `tb_stage` ENABLE KEYS */;
UNLOCK TABLES;


# Dump of table tb_stage_dic
# ------------------------------------------------------------

DROP TABLE IF EXISTS `tb_stage_dic`;

CREATE TABLE `tb_stage_dic` (
  `id` int NOT NULL,
  `stage_name` varchar(20) DEFAULT NULL,
  PRIMARY KEY (`id`)
) ENGINE=InnoDB DEFAULT CHARSET=utf8mb4 COLLATE=utf8mb4_0900_ai_ci;

LOCK TABLES `tb_stage_dic` WRITE;
/*!40000 ALTER TABLE `tb_stage_dic` DISABLE KEYS */;

INSERT INTO `tb_stage_dic` (`id`, `stage_name`)
VALUES
	(1,'学龄前'),
	(2,'小学低年级'),
	(3,'小学高年级'),
	(4,'初中'),
	(5,'高中'),
	(6,'高考'),
	(7,'成年');

/*!40000 ALTER TABLE `tb_stage_dic` ENABLE KEYS */;
UNLOCK TABLES;


# Dump of table tb_state_dic
# ------------------------------------------------------------

DROP TABLE IF EXISTS `tb_state_dic`;

CREATE TABLE `tb_state_dic` (
  `id` int NOT NULL AUTO_INCREMENT,
  `StateNum` int DEFAULT NULL COMMENT '省份代码',
  `StateName` varchar(255) DEFAULT NULL COMMENT '省份',
  `Xzqdm` int DEFAULT NULL COMMENT '行政区划代码',
  PRIMARY KEY (`id`)
) ENGINE=InnoDB DEFAULT CHARSET=utf8mb4 COLLATE=utf8mb4_0900_ai_ci;

LOCK TABLES `tb_state_dic` WRITE;
/*!40000 ALTER TABLE `tb_state_dic` DISABLE KEYS */;

INSERT INTO `tb_state_dic` (`id`, `StateNum`, `StateName`, `Xzqdm`)
VALUES
	(1,1,'北京市',110000),
	(2,2,'天津市',120000),
	(3,3,'河北省',130000),
	(4,4,'山西省',140000),
	(5,5,'内蒙古自治区',150000),
	(6,6,'辽宁省',210000),
	(7,7,'吉林省',220000),
	(8,8,'黑龙江省',230000),
	(9,9,'上海市',310000),
	(10,10,'江苏省',320000),
	(11,12,'浙江省',330000),
	(12,11,'安徽省',340000),
	(13,13,'福建省',350000),
	(14,14,'江西省',360000),
	(15,15,'山东省',370000),
	(16,16,'河南省',410000),
	(17,17,'湖北省',420000),
	(18,18,'湖南省',430000),
	(19,19,'广东省',440000),
	(20,20,'广西壮族自治区',450000),
	(21,21,'海南省',460000),
	(22,31,'重庆市',500000),
	(23,22,'四川省',510000),
	(24,24,'贵州省',520000),
	(25,23,'云南省',530000),
	(26,25,'西藏自治区',540000),
	(27,26,'陕西省',610000),
	(28,27,'甘肃省',620000),
	(29,28,'青海省',630000),
	(30,29,'宁夏回族自治区',640000),
	(31,30,'新疆维吾尔自治区',650000),
	(34,33,'中国台湾',680000),
	(35,34,'中国蒙古特别行政区',690000),
	(36,35,'中国西伯利亚特别行政区',700000),
	(37,36,'中国日本特别行政区',800000),
	(38,37,'中国美利坚诸侯国',900000),
	(39,38,'中国欧洲联合诸侯国',1000000),
	(40,39,'中国加拿大诸侯国',9999999),
	(41,40,'中国非洲藩属国',888888),
	(42,41,'中国香港',690000),
	(43,42,'中国澳门',700000);

/*!40000 ALTER TABLE `tb_state_dic` ENABLE KEYS */;
UNLOCK TABLES;


# Dump of table tb_timetable
# ------------------------------------------------------------

DROP TABLE IF EXISTS `tb_timetable`;

CREATE TABLE `tb_timetable` (
  `row_guid` varchar(255) DEFAULT NULL,
  `id` int NOT NULL AUTO_INCREMENT,
  `user_guid` varchar(255) CHARACTER SET utf8mb4 COLLATE utf8mb4_0900_ai_ci DEFAULT NULL,
  `t_course_guid` varchar(255) DEFAULT NULL COMMENT '课程GUID',
  `t_package_guid` varchar(255) DEFAULT NULL,
  `t_class_id` varchar(255) DEFAULT NULL,
  `t_create_date` datetime DEFAULT NULL,
  `t_weeks` varchar(255) DEFAULT NULL COMMENT '星期',
  `t_status` int DEFAULT NULL COMMENT '状态',
  PRIMARY KEY (`id`)
) ENGINE=InnoDB DEFAULT CHARSET=utf8mb4 COLLATE=utf8mb4_0900_ai_ci;

LOCK TABLES `tb_timetable` WRITE;
/*!40000 ALTER TABLE `tb_timetable` DISABLE KEYS */;

INSERT INTO `tb_timetable` (`row_guid`, `id`, `user_guid`, `t_course_guid`, `t_package_guid`, `t_class_id`, `t_create_date`, `t_weeks`, `t_status`)
VALUES
	('1263524011403100160',454,'1263466310224498688','2','2','2','2020-06-04 00:00:00','4',NULL);

/*!40000 ALTER TABLE `tb_timetable` ENABLE KEYS */;
UNLOCK TABLES;


# Dump of table tb_try_course
# ------------------------------------------------------------

DROP TABLE IF EXISTS `tb_try_course`;

CREATE TABLE `tb_try_course` (
  `id` int NOT NULL AUTO_INCREMENT,
  `user_guid` varchar(255) DEFAULT NULL COMMENT '用户id',
  `course_guid` varchar(255) DEFAULT NULL COMMENT '课程id',
  PRIMARY KEY (`id`)
) ENGINE=InnoDB DEFAULT CHARSET=utf8mb4 COLLATE=utf8mb4_0900_ai_ci;

LOCK TABLES `tb_try_course` WRITE;
/*!40000 ALTER TABLE `tb_try_course` DISABLE KEYS */;

INSERT INTO `tb_try_course` (`id`, `user_guid`, `course_guid`)
VALUES
	(1,'{c9dac33e-dc5d-4347-80dd-2c49bd8462bc}','1'),
	(2,'{c9dac33e-dc5d-4347-80dd-2c49bd8462bc}','2'),
	(3,'{a506a74c-7bfd-4926-a271-b1ce393110dc}','2');

/*!40000 ALTER TABLE `tb_try_course` ENABLE KEYS */;
UNLOCK TABLES;


# Dump of table tb_type
# ------------------------------------------------------------

DROP TABLE IF EXISTS `tb_type`;

CREATE TABLE `tb_type` (
  `row_guid` varchar(255) DEFAULT NULL,
  `group_guid` varchar(255) DEFAULT NULL,
  `id` int NOT NULL AUTO_INCREMENT,
  `t_type_name` varchar(255) DEFAULT NULL COMMENT '类别名称',
  `t_order` int DEFAULT NULL COMMENT '排序',
  `t_status` int DEFAULT NULL COMMENT '状态 1正常 2删除',
  PRIMARY KEY (`id`)
) ENGINE=InnoDB DEFAULT CHARSET=utf8;

LOCK TABLES `tb_type` WRITE;
/*!40000 ALTER TABLE `tb_type` DISABLE KEYS */;

INSERT INTO `tb_type` (`row_guid`, `group_guid`, `id`, `t_type_name`, `t_order`, `t_status`)
VALUES
	('1263740164243091456',NULL,3,'国画',1,1),
	('1259840116228771840',NULL,26,'测试-围棋',1,2),
	('1259840042140585984',NULL,31,'测试-国画',0,2),
	('1263838898016677888',NULL,33,'儿童画11',0,1);

/*!40000 ALTER TABLE `tb_type` ENABLE KEYS */;
UNLOCK TABLES;


# Dump of table tb_user
# ------------------------------------------------------------

DROP TABLE IF EXISTS `tb_user`;

CREATE TABLE `tb_user` (
  `row_guid` varchar(255) DEFAULT NULL,
  `group_guid` varchar(255) DEFAULT NULL,
  `id` int NOT NULL AUTO_INCREMENT COMMENT '主键',
  `t_username` varchar(255) DEFAULT NULL COMMENT '用户名',
  `t_password` varchar(255) DEFAULT NULL,
  `t_mobile` varchar(255) DEFAULT NULL COMMENT '手机号',
  `t_sex` varchar(255) DEFAULT NULL COMMENT '性别',
  `t_children_date` datetime DEFAULT NULL COMMENT '孩子生日',
  `t_student_no` varchar(255) DEFAULT NULL COMMENT '学号',
  `t_register_date` datetime DEFAULT NULL COMMENT '注册日期',
  `t_register_ip` varchar(255) DEFAULT NULL COMMENT '注册IP',
  `t_age` int DEFAULT NULL COMMENT '年龄',
  `t_name` varchar(255) DEFAULT NULL COMMENT '孩子姓名',
  `t_head_img` varchar(255) DEFAULT NULL COMMENT '头像',
  `t_course_id` varchar(255) DEFAULT NULL COMMENT '所拥有的课程ID',
  `t_status` int DEFAULT NULL COMMENT '状态 0 正常 可以登录 1 禁用 2 发送验证码未完善信息',
  `show_stage_id` int DEFAULT NULL,
  `stage_id` int DEFAULT NULL,
  `wx_nickname` varchar(255) CHARACTER SET utf8 COLLATE utf8_general_ci DEFAULT NULL COMMENT '微信昵称',
  `wx_number` varchar(255) CHARACTER SET utf8 COLLATE utf8_general_ci DEFAULT NULL COMMENT '微信账号',
  `wx_headimg` varchar(255) CHARACTER SET utf8 COLLATE utf8_general_ci DEFAULT NULL COMMENT '微信头像',
  `wx_unionid` varchar(255) CHARACTER SET utf8 COLLATE utf8_general_ci DEFAULT NULL COMMENT '微信unionid',
  `wx_country` varchar(255) DEFAULT NULL,
  `qq_unionid` varchar(255) DEFAULT NULL COMMENT 'qqunionid',
  PRIMARY KEY (`id`)
) ENGINE=InnoDB DEFAULT CHARSET=utf8;

LOCK TABLES `tb_user` WRITE;
/*!40000 ALTER TABLE `tb_user` DISABLE KEYS */;

INSERT INTO `tb_user` (`row_guid`, `group_guid`, `id`, `t_username`, `t_password`, `t_mobile`, `t_sex`, `t_children_date`, `t_student_no`, `t_register_date`, `t_register_ip`, `t_age`, `t_name`, `t_head_img`, `t_course_id`, `t_status`, `show_stage_id`, `stage_id`, `wx_nickname`, `wx_number`, `wx_headimg`, `wx_unionid`, `wx_country`, `qq_unionid`)
VALUES
	('1249305030597226496',NULL,72,'Wuling21','508df4cb2f4d8f80519256258cfb975f','15626163684','0','2020-05-05 18:14:16','','2020-04-12 19:58:04','172.17.181.199',NULL,NULL,'images/android/f/8/3/3/4/3/8/6/f8334386ae894bed82dec10c855d5784.jpg',NULL,0,1,3,NULL,NULL,NULL,'6AE9D2485F7335C5B60C961B64B41E0A',NULL,'6AE9D2485F7335C5B60C961B64B41E0A'),
	('1253370013784125440',NULL,79,'QQ登录注册用户','e10adc3949ba59abbe56e057f20f883e','18038134429','0','2020-04-24 01:10:38','','2020-04-24 01:08:26','192.168.0.108',NULL,NULL,'images/android/0/2/f/c/e/3/1/2/02fce31278de49df966d4d5255772c70.jpg',NULL,0,6,6,NULL,NULL,NULL,'oBiR_sztImALaBDgm-5P3NOtlxuA',NULL,'927C1D60A99F9D2DFEAACC495738E1E1'),
	('1259365505070432256',NULL,83,'guest','508df4cb2f4d8f80519256258cfb975f','13185674983','0','2020-05-01 16:11:10',NULL,'2020-05-10 14:41:27','172.17.181.199',NULL,NULL,'',NULL,0,1,1,NULL,NULL,NULL,NULL,NULL,NULL),
	('1259440290492284928',NULL,86,'陈小壮','e10adc3949ba59abbe56e057f20f883e','19833519969','0','2020-05-12 22:41:30',NULL,'2020-05-10 19:10:08','172.17.181.199',NULL,NULL,'585769113372390774/head.png',NULL,0,1,1,NULL,NULL,NULL,NULL,NULL,NULL),
	('1259688964224847872',NULL,88,'Roll','e10adc3949ba59abbe56e057f20f883e','13227293721','0','2020-05-11 17:37:59',NULL,'2020-05-11 11:38:12','172.17.181.199',NULL,NULL,'images/android/4/c/c/0/f/e/5/5/4cc0fe55af91454ba93b8408de355279.jpg',NULL,0,6,1,NULL,NULL,NULL,NULL,NULL,NULL),
	('1260842552192098304',NULL,89,'jbbb','d694cf384cdf4d0981bb257b6ddaef40','15102921954','0',NULL,NULL,'2020-05-14 16:02:04','172.17.181.199',NULL,NULL,'images/android/8/3/6/d/0/f/6/7/836d0f6739134341afaadb460b6dfb60.jpg',NULL,0,3,3,NULL,NULL,NULL,NULL,NULL,NULL),
	('1261928762121580544',NULL,93,'兔子窝','e10adc3949ba59abbe56e057f20f883e','18148505550','0',NULL,NULL,'2020-05-17 15:57:52','172.17.181.199',NULL,NULL,'images/android/9/c/1/a/8/e/2/6/9c1a8e265c32475f98a576b5c0c6846e.jpg',NULL,0,1,1,NULL,NULL,NULL,'oBiR_s6ROKcWPt32j-MykBMkkym8',NULL,NULL),
	('1262803526948110336',NULL,94,'ios新','e10adc3949ba59abbe56e057f20f883e','15580915313','1',NULL,NULL,'2020-05-20 01:54:12','172.17.181.199',NULL,NULL,'2648256717175694452/head.png',NULL,0,1,1,NULL,NULL,NULL,'oBiR_sxqKFPv5JCw45P6Mz6UOmeM',NULL,NULL),
	('1263466310224498688',NULL,98,'脆弱','e10adc3949ba59abbe56e057f20f883e','13261993379','1','2020-05-24 14:18:52',NULL,'2020-05-21 21:47:54','172.17.181.199',NULL,NULL,'images/android/7/c/a/8/6/d/8/2/7ca86d82d14c451c9d93946ed8148d8c.png',NULL,0,1,1,NULL,NULL,NULL,'oBiR_sz3Bxjx6ag3-HDpWnDmguYM',NULL,NULL),
	('1264868645383315456',NULL,100,'陈先生','e10adc3949ba59abbe56e057f20f883e','17778015601','0',NULL,NULL,'2020-05-25 18:40:20','172.17.181.199',NULL,NULL,'7286451842417433160/head.png',NULL,0,1,1,NULL,NULL,NULL,NULL,NULL,NULL),
	('1264870538511785984',NULL,101,'铁木真','e10adc3949ba59abbe56e057f20f883e','16619880853','0','2020-05-25 18:51:19',NULL,'2020-05-25 18:47:23','172.17.181.199',NULL,NULL,'',NULL,0,1,1,NULL,NULL,NULL,'oBiR_s3G2q5C_P5cDixABOeQtjag',NULL,NULL),
	('1265636643627032576',NULL,104,'好好好','e10adc3949ba59abbe56e057f20f883e','18747633468','男','2020-05-27 21:31:39',NULL,'2020-05-27 21:31:35','172.17.181.199',NULL,NULL,'images/android/2/0/d/b/6/a/3/5/20db6a3556ab4ef784c4ca10302e44d2.jpg',NULL,0,1,1,NULL,NULL,NULL,NULL,NULL,NULL),
	('1265636732277841920',NULL,105,'cxz','53b4278953f7a165538d52b39aa7b2a9','18600759366','男',NULL,NULL,'2020-05-27 21:32:29','172.17.181.199',NULL,NULL,'images/android/b/6/f/d/8/c/9/d/b6fd8c9d3467443e852226f56544b2eb.jpg',NULL,0,1,1,NULL,NULL,NULL,NULL,NULL,NULL),
	('1265640391665475584',NULL,106,'zheng','4951c4ed007b9514cde83724803bd235','18630353558','1',NULL,NULL,'2020-05-27 21:46:59','172.17.181.199',NULL,NULL,'4363548779749426468/head.png',NULL,0,1,1,NULL,NULL,NULL,NULL,NULL,NULL);

/*!40000 ALTER TABLE `tb_user` ENABLE KEYS */;
UNLOCK TABLES;


# Dump of table tb_User_Code
# ------------------------------------------------------------

DROP TABLE IF EXISTS `tb_User_Code`;

CREATE TABLE `tb_User_Code` (
  `Row_Guid` varchar(38) DEFAULT NULL,
  `group_guid` varchar(38) CHARACTER SET utf8mb4 COLLATE utf8mb4_0900_ai_ci DEFAULT NULL,
  `id` int NOT NULL AUTO_INCREMENT,
  `t_CreateTime` datetime DEFAULT NULL,
  `t_code` varchar(100) CHARACTER SET utf8mb4 COLLATE utf8mb4_0900_ai_ci DEFAULT NULL,
  PRIMARY KEY (`id`)
) ENGINE=InnoDB DEFAULT CHARSET=utf8mb4 COLLATE=utf8mb4_0900_ai_ci;

LOCK TABLES `tb_User_Code` WRITE;
/*!40000 ALTER TABLE `tb_User_Code` DISABLE KEYS */;

INSERT INTO `tb_User_Code` (`Row_Guid`, `group_guid`, `id`, `t_CreateTime`, `t_code`)
VALUES
	(NULL,NULL,1,'2020-02-29 14:24:27','199726'),
	('{4ffa4513-5fd3-4d7e-9036-3f02327aff85}','',2,'2020-02-27 00:16:50','458673'),
	('{f76bf25c-913b-464c-a1a9-a78317dfd17a}','',3,'2020-02-29 14:25:27','949074'),
	(NULL,'{b5d8c24f-dc2e-492e-918b-80db8aff973e}',4,'2020-03-01 17:16:58','674586'),
	(NULL,'{55d11718-2330-4736-bd31-24a728bee0ee}',5,'2020-03-03 10:51:35','744245'),
	(NULL,'{672ba462-57fd-4988-8b7f-fb28b94ca37d}',6,'2020-03-11 13:40:43','3307'),
	(NULL,'{38f0b68c-89ef-44ca-8633-ef0c9d1eecd4}',7,'2020-03-09 22:12:34','4168'),
	(NULL,'{d2098e61-5235-4d20-8a21-78738eeb4ff9}',8,'2020-03-07 15:06:34','2788'),
	(NULL,'{030c7433-05d8-458e-bcf5-7902730d19e0}',9,'2020-03-20 23:51:28','9902'),
	(NULL,'{1ad449c1-d968-40f8-b3ab-92b0265064ae}',10,'2020-03-11 13:47:26','0750'),
	(NULL,'{5c54327f-f918-45cb-830f-a56918b1bbf4}',11,'2020-03-11 14:03:03','7740'),
	(NULL,'{fb1dd3fe-420b-442d-9220-07a66515a0cf}',12,'2020-03-18 01:26:05','4541'),
	(NULL,'{78612397-c2cd-4c23-b8a3-739f31c573ea}',13,'2020-03-28 17:35:30','5080'),
	(NULL,'{c3d41b61-9384-4baa-9491-f4471143f4a2}',14,'2020-03-17 20:51:59','1638'),
	('1241725255735582720',NULL,34,'2020-03-22 13:55:46','8291'),
	('1241725439714533376',NULL,35,'2020-03-22 13:56:30','2785'),
	('1241725515723710464',NULL,36,'2020-03-22 13:56:48','4961'),
	('1241725681331609600',NULL,37,'2020-03-22 13:57:27','5201'),
	('1241726176725164032',NULL,38,'2020-03-22 13:59:25','0414'),
	('1241726243653672960',NULL,39,'2020-03-22 13:59:41','9531'),
	('1241729022812086272',NULL,40,'2020-03-22 14:10:44','4984'),
	('1241735403883466752',NULL,41,'2020-03-22 14:36:05','3134'),
	('1241748173869920256',NULL,42,'2020-03-22 15:26:50','8931'),
	('1241750022152822784',NULL,43,'2020-03-22 15:34:11','5039'),
	('1241893340853604352',NULL,44,'2020-03-23 01:03:40','2521'),
	('1241894412703813632',NULL,45,'2020-03-23 01:07:56','5797'),
	('1241895950264365056',NULL,46,'2020-03-23 01:14:03','9131'),
	('1241898528058388480',NULL,47,'2020-03-23 01:24:17','7185'),
	('1241902604133396480',NULL,48,'2020-03-23 01:40:29','8396'),
	('1241902652799905792',NULL,49,'2020-03-23 01:40:41','8778'),
	('1241905814843723776',NULL,50,'2020-03-23 01:53:14','0367'),
	('1242271963146104832',NULL,51,'2020-03-24 02:08:11','1070'),
	('1242272581701087232',NULL,52,'2020-03-24 02:10:38','7268'),
	('1243820695729860608',NULL,53,'2020-03-28 08:42:18','5227'),
	('1243821471239839744',NULL,54,'2020-03-28 08:45:22','2091'),
	('1243832972482813952',NULL,55,'2020-03-28 09:31:05','8889'),
	('1243833558108315648',NULL,56,'2020-03-28 09:33:24','9729'),
	('1243836814089482240',NULL,57,'2020-03-28 09:46:21','0632'),
	('1243848795274014720',NULL,58,'2020-03-28 10:33:57','8865'),
	('1243850228440772608',NULL,59,'2020-03-28 10:39:39','2168'),
	('1243852134345207808',NULL,60,'2020-03-28 10:47:13','0963'),
	('1243852601905246208',NULL,61,'2020-03-28 10:49:05','4526'),
	('1244133275108814848',NULL,62,'2020-03-29 05:24:22','1509'),
	('1244133298081017856',NULL,63,'2020-03-29 05:24:28','1425'),
	('1244133317391593472',NULL,64,'2020-03-29 05:24:32','5300'),
	('1244133352867016704',NULL,65,'2020-03-29 05:24:41','3851'),
	('1244133370365652992',NULL,66,'2020-03-29 05:24:45','8277'),
	('1244133378359996416',NULL,67,'2020-03-29 05:24:47','2354'),
	('1244133379253383168',NULL,68,'2020-03-29 05:24:47','4214'),
	('1244133383716122624',NULL,69,'2020-03-29 05:24:48','7247'),
	('1244133387860094976',NULL,70,'2020-03-29 05:24:49','5633'),
	('1244133389713977344',NULL,71,'2020-03-29 05:24:50','5411'),
	('1244133390812884992',NULL,72,'2020-03-29 05:24:50','8225'),
	('1244133392054398976',NULL,73,'2020-03-29 05:24:50','6140'),
	('1244133397599268864',NULL,74,'2020-03-29 05:24:52','0752'),
	('1244133398542987264',NULL,75,'2020-03-29 05:24:52','2382'),
	('1244133399457345536',NULL,76,'2020-03-29 05:24:52','1017'),
	('1244133400493338624',NULL,77,'2020-03-29 05:24:52','1704'),
	('1244133405727830016',NULL,78,'2020-03-29 05:24:53','3381'),
	('1244133406566690816',NULL,79,'2020-03-29 05:24:54','8238'),
	('1244133407384580096',NULL,80,'2020-03-29 05:24:54','9707'),
	('1244133408177303552',NULL,81,'2020-03-29 05:24:54','8807'),
	('1244133435280896000',NULL,82,'2020-03-29 05:25:01','6861'),
	('1244133435670966272',NULL,83,'2020-03-29 05:25:01','3766'),
	('1244133436455301120',NULL,84,'2020-03-29 05:25:01','9383'),
	('1244133437185110016',NULL,85,'2020-03-29 05:25:01','4567'),
	('1244133437877170176',NULL,86,'2020-03-29 05:25:01','5788'),
	('1244133438594396160',NULL,87,'2020-03-29 05:25:01','8036'),
	('1244133439257096192',NULL,88,'2020-03-29 05:25:01','8140'),
	('1244133439995293696',NULL,89,'2020-03-29 05:25:02','4153'),
	('1244133679762681856',NULL,90,'2020-03-29 05:25:59','3406'),
	('1244133681738199040',NULL,91,'2020-03-29 05:25:59','1285'),
	('1244133744346574848',NULL,92,'2020-03-29 05:26:14','7638'),
	('1244133982390104064',NULL,93,'2020-03-29 05:27:11','7844'),
	('1244136097057517568',NULL,94,'2020-03-29 05:35:35','4983'),
	('1244516917297926144',NULL,95,'2020-03-30 06:48:50','9974'),
	('1244522356225523712',NULL,96,'2020-03-30 07:10:26','9547'),
	('1244526085939052544',NULL,97,'2020-03-30 07:25:16','9614'),
	('1244526256982769664',NULL,98,'2020-03-30 07:25:57','4589'),
	('1244528781916028928',NULL,99,'2020-03-30 07:35:58','9021'),
	('1244537206204956672',NULL,100,'2020-03-30 08:09:27','6379'),
	('1244538870676774912',NULL,101,'2020-03-30 08:16:04','9537'),
	('1244563640986296320',NULL,102,'2020-03-30 09:54:30','7428'),
	('1244567198498471936',NULL,103,'2020-03-30 10:08:38','1606'),
	('1244567460076240896',NULL,104,'2020-03-30 10:09:40','2805'),
	('1244568664969768960',NULL,105,'2020-03-30 10:14:27','8508'),
	('1244569106779230208',NULL,106,'2020-03-30 10:16:13','4681'),
	('1244569866413809664',NULL,107,'2020-03-30 10:19:14','3709'),
	('1245389886343323648',NULL,108,'2020-04-01 16:37:42','0595'),
	('1245391797188534272',NULL,109,'2020-04-01 16:45:17','2152'),
	('1245391941757804544',NULL,110,'2020-04-01 16:45:52','0817'),
	('1245560655847620608',NULL,111,'2020-04-02 03:56:16','8604'),
	('1246338286014324736',NULL,112,'2020-04-04 07:26:18','0336'),
	('1246338395028480000',NULL,113,'2020-04-04 07:26:44','8418'),
	('1246338443971813376',NULL,114,'2020-04-04 07:26:56','0813'),
	('1246338561324244992',NULL,115,'2020-04-04 07:27:24','1577'),
	('1246338764005597184',NULL,116,'2020-04-04 07:28:12','8695'),
	('1246339598118445056',NULL,117,'2020-04-04 07:31:31','0522'),
	('1246342991138414592',NULL,118,'2020-04-04 07:45:00','1908'),
	('1246344679507742720',NULL,119,'2020-04-04 07:51:42','3341'),
	('1246346839668187136',NULL,120,'2020-04-04 08:00:17','0287'),
	('1246349991930912768',NULL,121,'2020-04-04 08:12:49','9919'),
	('1246350236541120512',NULL,122,'2020-04-04 08:13:47','7970'),
	('1246355456662736896',NULL,123,'2020-04-04 08:34:32','5505'),
	('1246404633264009216',NULL,124,'2020-04-04 11:49:56','0758'),
	('1246405264469012480',NULL,125,'2020-04-04 11:52:27','7777'),
	('1246405806377283584',NULL,126,'2020-04-04 11:54:36','4721'),
	('1246412319854571520',NULL,127,'2020-04-04 12:20:29','8014'),
	('1246412699820765184',NULL,128,'2020-04-04 12:22:00','7872'),
	('1246413534306906112',NULL,129,'2020-04-04 12:25:18','9518'),
	('1246413990018035712',NULL,130,'2020-04-04 12:27:07','8858'),
	('1246427160250138624',NULL,131,'2020-04-04 13:19:27','1301'),
	('1246428380079570944',NULL,132,'2020-04-04 13:24:18','2730'),
	('1246431531096588288',NULL,133,'2020-04-04 13:36:49','6515'),
	('1246432391537082368',NULL,134,'2020-04-04 13:40:14','4446'),
	('1246435015349256192',NULL,135,'2020-04-04 13:50:40','0420'),
	('1246435942152126464',NULL,136,'2020-04-04 13:54:21','7293'),
	('1246445363374276608',NULL,137,'2020-04-04 14:31:47','8057'),
	('1246445763152678912',NULL,138,'2020-04-04 14:33:22','3045'),
	('1246447598682427392',NULL,139,'2020-04-04 14:40:40','4504'),
	('1246454433254658048',NULL,140,'2020-04-04 15:07:50','0937'),
	('1246456960677658624',NULL,141,'2020-04-04 15:17:52','1233'),
	('1246457461708242944',NULL,142,'2020-04-04 15:19:52','4586'),
	('1246461280353615872',NULL,143,'2020-04-04 15:35:02','4618'),
	('1246465500101922816',NULL,144,'2020-04-04 15:51:48','7915'),
	('1246476541538381824',NULL,145,'2020-04-04 16:35:41','4047'),
	('1246483007902756864',NULL,146,'2020-04-04 17:01:22','9032'),
	('1246488251340652544',NULL,147,'2020-04-04 17:22:12','1913'),
	('1246490603663917056',NULL,148,'2020-04-04 17:31:33','2504'),
	('1246491122339938304',NULL,149,'2020-04-04 17:33:37','9613'),
	('1246491445168930816',NULL,150,'2020-04-04 17:34:54','3035'),
	('1246495054795341824',NULL,151,'2020-04-04 17:49:14','4533'),
	('1246495522799976448',NULL,152,'2020-04-04 17:51:06','5564'),
	('1246495927055384576',NULL,153,'2020-04-04 17:52:42','5002'),
	('1246496205741719552',NULL,154,'2020-04-04 17:53:49','6833'),
	('1246616618098360320',NULL,155,'2020-04-05 01:52:17','0402'),
	('1246656188336738304',NULL,156,'2020-04-05 04:29:32','9821'),
	('1246656454272389120',NULL,157,'2020-04-05 04:30:35','2300'),
	('1246789293819289600',NULL,158,'2020-04-05 13:18:27','3319'),
	('1246790351375294464',NULL,159,'2020-04-05 13:22:39','1664'),
	('1246790825189040128',NULL,160,'2020-04-05 13:24:32','1673'),
	('1246795985399308288',NULL,161,'2020-04-05 13:45:02','4279'),
	('1246796599848067072',NULL,162,'2020-04-05 13:47:28','9679'),
	('1246797979400790016',NULL,163,'2020-04-05 13:52:57','1828'),
	('1246802629248147456',NULL,164,'2020-04-05 14:11:26','5251'),
	('1246803413281005568',NULL,165,'2020-04-05 14:14:33','3780'),
	('1246807730171928576',NULL,166,'2020-04-05 14:31:42','8992'),
	('1246825379115294720',NULL,167,'2020-04-05 15:41:50','9926'),
	('1246829176789065728',NULL,168,'2020-04-05 15:56:55','3339'),
	('1246829380502216704',NULL,169,'2020-04-05 15:57:44','6464'),
	('1246829879544700928',NULL,170,'2020-04-05 15:59:43','0687'),
	('1246830662260547584',NULL,171,'2020-04-05 16:02:50','3923'),
	('1246834061395812352',NULL,172,'2020-04-05 16:16:20','7083'),
	('1246834885182316544',NULL,173,'2020-04-05 16:19:36','8616'),
	('1246837287562207232',NULL,174,'2020-04-05 16:29:09','4804'),
	('1246838062787026944',NULL,175,'2020-04-05 16:32:14','5205'),
	('1246838557282885632',NULL,176,'2020-04-05 16:34:12','7983'),
	('1246838639273140224',NULL,177,'2020-04-05 16:34:31','9945'),
	('1246838767513985024',NULL,178,'2020-04-05 16:35:02','8985'),
	('1246839306070970368',NULL,179,'2020-04-05 16:37:10','1726'),
	('1246840633048092672',NULL,180,'2020-04-05 16:42:27','4343'),
	('1246841080349642752',NULL,181,'2020-04-05 16:44:13','6775'),
	('1246841103581892608',NULL,182,'2020-04-05 16:44:19','0844'),
	('1246841695641456640',NULL,183,'2020-04-05 16:46:40','5307'),
	('1246843114826158080',NULL,184,'2020-04-05 16:52:18','0309'),
	('1246843932895793152',NULL,185,'2020-04-05 16:55:33','5085'),
	('1246845009619767296',NULL,186,'2020-04-05 16:59:50','0931'),
	('1246845894047485952',NULL,187,'2020-04-05 17:03:21','9384'),
	('1246846607221772288',NULL,188,'2020-04-05 17:06:11','0853'),
	('1246849827100872704',NULL,189,'2020-04-05 17:18:59','9266'),
	('1249250509982797824',NULL,190,'2020-04-12 16:18:26','2609'),
	('1249259730464006144',NULL,191,'2020-04-12 16:55:05','3274'),
	('1249305030597226496',NULL,192,'2020-04-12 19:55:05','2831'),
	('1249305849505722368',NULL,193,'2020-04-12 19:58:20','2984'),
	('1249307143503032320',NULL,194,'2020-04-12 20:03:29','0506'),
	('1249308261077864448',NULL,195,'2020-04-12 20:07:55','7152'),
	('1249308342344167424',NULL,196,'2020-04-12 20:08:14','9722'),
	('1249308720833966080',NULL,197,'2020-04-12 20:09:45','8370'),
	('1249309169532203008',NULL,198,'2020-04-12 20:11:32','9291'),
	('1249314882488827904',NULL,199,'2020-04-12 20:34:14','8262'),
	('1251833978241572864',NULL,200,'2020-04-19 19:24:13','8300'),
	('1251834145248743424',NULL,201,'2020-04-19 19:24:53','5831'),
	('1251835730980802560',NULL,202,'2020-04-19 19:31:11','8316'),
	('1251836087169486848',NULL,203,'2020-04-19 19:32:36','4187'),
	('1251841093104934912',NULL,204,'2020-04-19 19:52:29','5162'),
	('1251841479949692928',NULL,205,'2020-04-19 19:54:02','6519'),
	('1251842226464501760',NULL,206,'2020-04-19 19:57:00','1187'),
	('1251842350532014080',NULL,207,'2020-04-19 19:57:29','8945'),
	('1251843171202224128',NULL,208,'2020-04-19 20:00:45','9987'),
	('1251843906195279872',NULL,209,'2020-04-19 20:03:40','8646'),
	('1251844083530452992',NULL,210,'2020-04-19 20:04:22','4624'),
	('1252241319441149952',NULL,211,'2020-04-20 22:22:51','5021'),
	('1253347790067261440',NULL,212,'2020-04-23 23:39:34','7386'),
	('1253349424839192576',NULL,213,'2020-04-23 23:46:04','3473'),
	('1253350433409929216',NULL,214,'2020-04-23 23:50:04','2279'),
	('1253352565001359360',NULL,215,'2020-04-23 23:58:32','7948'),
	('1253364501273313280',NULL,216,'2020-04-24 00:45:58','7636'),
	('1253364576787562496',NULL,217,'2020-04-24 00:46:16','0648'),
	('1253365953920172032',NULL,218,'2020-04-24 00:51:44','4948'),
	('1253365959712505856',NULL,219,'2020-04-24 00:51:46','7418'),
	('1253368469667926016',NULL,220,'2020-04-24 01:01:44','8189'),
	('1253368471576334336',NULL,221,'2020-04-24 01:01:45','5590'),
	('1253368766100303872',NULL,222,'2020-04-24 01:02:55','5336'),
	('1253370013784125440',NULL,223,'2020-04-24 01:07:52','0703'),
	('1253370488851968000',NULL,224,'2020-04-24 01:09:46','2959'),
	('1253543154030399488',NULL,225,'2020-04-24 12:35:52','9808'),
	('1253597581063884800',NULL,226,'2020-04-24 16:12:09','9341'),
	('1257588871141253120',NULL,227,'2020-05-05 16:32:06','8082'),
	('1257623432755630080',NULL,228,'2020-05-05 18:49:27','1277'),
	('1257623462707154944',NULL,229,'2020-05-05 18:49:34','5091'),
	('1257624748764647424',NULL,230,'2020-05-05 18:54:40','4045'),
	('1257625060170747904',NULL,231,'2020-05-05 18:55:55','3833'),
	('1257625563453673472',NULL,232,'2020-05-05 18:57:55','5004'),
	('1257625919004823552',NULL,233,'2020-05-05 18:59:19','0741'),
	('1257626162542891008',NULL,234,'2020-05-05 19:00:17','2570'),
	('1257645387609231360',NULL,235,'2020-05-05 20:16:41','7645'),
	('1257648854046289920',NULL,236,'2020-05-05 20:30:27','9756'),
	('1257690658997207040',NULL,237,'2020-05-05 23:16:35','7214'),
	('1257691501905543168',NULL,238,'2020-05-05 23:19:55','2373'),
	('1257719091911376896',NULL,239,'2020-05-06 01:09:33','9907'),
	('1257720543610322944',NULL,240,'2020-05-06 01:15:20','7657'),
	('1257880156381036544',NULL,241,'2020-05-06 11:49:34','6642'),
	('1257883993317752832',NULL,242,'2020-05-06 12:04:49','1510'),
	('1258001200915836928',NULL,243,'2020-05-06 19:50:33','1534'),
	('1258995524294053888',NULL,244,'2020-05-09 13:41:39','0318'),
	('1258997290242838528',NULL,245,'2020-05-09 13:48:40','0906'),
	('1258997349550297088',NULL,246,'2020-05-09 13:48:54','8993'),
	('1258997394022502400',NULL,247,'2020-05-09 13:49:04','2135'),
	('1258997822718119936',NULL,248,'2020-05-09 13:50:47','5095'),
	('1258998586723176448',NULL,249,'2020-05-09 13:53:49','4475'),
	('1258998952659423232',NULL,250,'2020-05-09 13:55:16','2008'),
	('1258999399315050496',NULL,251,'2020-05-09 13:57:03','7163'),
	('1258999811610939392',NULL,252,'2020-05-09 13:58:41','4788'),
	('1259000786593722368',NULL,253,'2020-05-09 14:02:33','8634'),
	('1259000922132656128',NULL,254,'2020-05-09 14:03:06','7745'),
	('1259001181361614848',NULL,255,'2020-05-09 14:04:07','4015'),
	('1259001800143089664',NULL,256,'2020-05-09 14:06:35','7536'),
	('1259007832768589824',NULL,257,'2020-05-09 14:30:33','2507'),
	('1259076771171151872',NULL,258,'2020-05-09 19:04:29','6673'),
	('1259077126344814592',NULL,259,'2020-05-09 19:05:54','1496'),
	('1259082959308881920',NULL,260,'2020-05-09 19:29:05','0167'),
	('1259083225420693504',NULL,261,'2020-05-09 19:30:08','8779'),
	('1259083431746895872',NULL,262,'2020-05-09 19:30:57','9808'),
	('1259095404685443072',NULL,263,'2020-05-09 20:18:32','7535'),
	('1259095916143067136',NULL,264,'2020-05-09 20:20:34','6386'),
	('1259099851796922368',NULL,265,'2020-05-09 20:36:12','0967'),
	('1259102084403970048',NULL,266,'2020-05-09 20:45:05','7064'),
	('1259103909395972096',NULL,267,'2020-05-09 20:52:20','2385'),
	('1259108555762057216',NULL,268,'2020-05-09 21:10:47','9864'),
	('1259111821694615552',NULL,269,'2020-05-09 21:23:46','0598'),
	('1259116130456977408',NULL,270,'2020-05-09 21:40:53','6795'),
	('1259178706259914752',NULL,271,'2020-05-10 01:49:33','3893'),
	('1259178734139453440',NULL,272,'2020-05-10 01:49:39','5617'),
	('1259178880130592768',NULL,273,'2020-05-10 01:50:14','8578'),
	('1259179069260148736',NULL,274,'2020-05-10 01:50:59','6986'),
	('1259259273026449408',NULL,275,'2020-05-10 07:09:41','3034'),
	('1259312458428559360',NULL,276,'2020-05-10 10:41:02','9881'),
	('1259313472909062144',NULL,277,'2020-05-10 10:45:04','6708'),
	('1259313836639105024',NULL,278,'2020-05-10 10:46:30','9137'),
	('1259313988955254784',NULL,279,'2020-05-10 10:47:07','0166'),
	('1259315509725999104',NULL,280,'2020-05-10 10:53:09','8635'),
	('1259331141037142016',NULL,281,'2020-05-10 11:55:16','3723'),
	('1259365505070432256',NULL,282,'2020-05-10 14:11:49','6451'),
	('1259369933710237696',NULL,283,'2020-05-10 14:29:25','0342'),
	('1259370796138831872',NULL,284,'2020-05-10 14:32:50','4611'),
	('1259371851052425216',NULL,285,'2020-05-10 14:37:02','1919'),
	('1259372081470709760',NULL,286,'2020-05-10 14:37:57','9049'),
	('1259372681558171648',NULL,287,'2020-05-10 14:40:20','6557'),
	('1259373666519162880',NULL,288,'2020-05-10 14:44:15','8543'),
	('1259377566366244864',NULL,289,'2020-05-10 14:59:45','3028'),
	('1259378003995729920',NULL,290,'2020-05-10 15:01:29','2705'),
	('1259409126767349760',NULL,291,'2020-05-10 17:05:09','5168'),
	('1259430053492260864',NULL,292,'2020-05-10 18:28:18','4759'),
	('1259430210527002624',NULL,293,'2020-05-10 18:28:56','9407'),
	('1259440290492284928',NULL,294,'2020-05-10 19:08:59','5825'),
	('1259466498105901056',NULL,295,'2020-05-10 20:53:08','4108'),
	('1259664556781371392',NULL,296,'2020-05-11 10:00:08','6627'),
	('1259688964224847872',NULL,297,'2020-05-11 11:37:08','9157'),
	('1259833723757244416',NULL,298,'2020-05-11 21:12:21','9940'),
	('1259833804183023616',NULL,299,'2020-05-11 21:12:40','9737'),
	('1260207376260833280',NULL,300,'2020-05-12 21:57:07','5994'),
	('1260207651566559232',NULL,301,'2020-05-12 21:58:12','9891'),
	('1260842552192098304',NULL,302,'2020-05-14 16:01:04','1814'),
	('1260863903271444480',NULL,303,'2020-05-14 17:25:55','1622'),
	('1260865284267008000',NULL,304,'2020-05-14 17:31:24','9938'),
	('1260868825635315712',NULL,305,'2020-05-14 17:45:28','5276'),
	('1261295488160428032',NULL,306,'2020-05-15 22:00:53','0129'),
	('1261296379475193856',NULL,307,'2020-05-15 22:04:25','9809'),
	('1261508678781693952',NULL,308,'2020-05-16 12:08:01','3461'),
	('1261508944243388416',NULL,309,'2020-05-16 12:09:05','5315'),
	('1261665968100929536',NULL,310,'2020-05-16 22:33:02','9591'),
	('1261678708798451712',NULL,311,'2020-05-16 23:23:40','3170'),
	('1261928762121580544',NULL,312,'2020-05-17 15:57:17','0786'),
	('1261936103315402752',NULL,313,'2020-05-17 16:26:27','8249'),
	('1262309257355407360',NULL,314,'2020-05-18 17:09:14','4602'),
	('1262309984668692480',NULL,315,'2020-05-18 17:12:08','0360'),
	('1262408131722018816',NULL,316,'2020-05-18 23:42:08','5981'),
	('1262703674872496128',NULL,317,'2020-05-19 19:16:31','8399'),
	('1262768372393328640',NULL,318,'2020-05-19 23:33:36','1075'),
	('1262768559983575040',NULL,319,'2020-05-19 23:34:20','2125'),
	('1262770252116803584',NULL,320,'2020-05-19 23:41:04','1974'),
	('1262803526948110336',NULL,321,'2020-05-20 01:53:17','3233'),
	('1263346142253076480',NULL,322,'2020-05-21 13:49:27','5224'),
	('1263459670213447680',NULL,323,'2020-05-21 21:20:34','6592'),
	('1263460431886471168',NULL,324,'2020-05-21 21:23:36','3500'),
	('1263460911500939264',NULL,325,'2020-05-21 21:25:30','8181'),
	('1263462486969602048',NULL,326,'2020-05-21 21:31:46','6724'),
	('1263462911433166848',NULL,327,'2020-05-21 21:33:27','3242'),
	('1263462996862750720',NULL,328,'2020-05-21 21:33:47','3805'),
	('1263466310224498688',NULL,329,'2020-05-21 21:46:57','4380'),
	('1263467159935963136',NULL,330,'2020-05-21 21:50:20','7215'),
	('1263470161929359360',NULL,331,'2020-05-21 22:02:15','9706'),
	('1263471203026915328',NULL,332,'2020-05-21 22:06:24','9259'),
	('1263471451157745664',NULL,333,'2020-05-21 22:07:23','8726'),
	('1263491688339001344',NULL,334,'2020-05-21 23:27:48','9053'),
	('1263855198877163520',NULL,335,'2020-05-22 23:32:15','8257'),
	('1263880568628224000',NULL,336,'2020-05-23 01:13:04','1974'),
	('1264025922556305408',NULL,337,'2020-05-23 10:50:39','0993'),
	('1264043966422753280',NULL,338,'2020-05-23 12:02:21','3054'),
	('1264741347388702720',NULL,339,'2020-05-25 10:13:30','4858'),
	('1264818316872761344',NULL,340,'2020-05-25 15:19:21','7517'),
	('1264868645383315456',NULL,341,'2020-05-25 18:39:20','0096'),
	('1264870538511785984',NULL,342,'2020-05-25 18:46:51','6905'),
	('1264874024624332800',NULL,343,'2020-05-25 19:00:42','9303'),
	('1264874253142597632',NULL,344,'2020-05-25 19:01:37','6911'),
	('1264874671595724800',NULL,345,'2020-05-25 19:03:17','5955'),
	('1264903520408707072',NULL,346,'2020-05-25 20:57:55','2766'),
	('1265526152162357248',NULL,347,'2020-05-27 14:12:02','1964'),
	('1265636402240643072',NULL,348,'2020-05-27 21:30:07','0738'),
	('1265636643627032576',NULL,349,'2020-05-27 21:31:05','9643'),
	('1265636732277841920',NULL,350,'2020-05-27 21:31:26','2064'),
	('1265640391665475584',NULL,351,'2020-05-27 21:45:58','0558');

/*!40000 ALTER TABLE `tb_User_Code` ENABLE KEYS */;
UNLOCK TABLES;


# Dump of table tb_video
# ------------------------------------------------------------

DROP TABLE IF EXISTS `tb_video`;

CREATE TABLE `tb_video` (
  `id` int NOT NULL AUTO_INCREMENT,
  `row_guid` varchar(255) DEFAULT NULL,
  `group_guid` varchar(255) DEFAULT NULL,
  `t_video_name` varchar(255) DEFAULT NULL COMMENT '视频名称',
  `t_video_url` varchar(255) DEFAULT NULL COMMENT '视频url',
  `t_status` int DEFAULT NULL,
  `t_link_id` int DEFAULT NULL COMMENT '环节id',
  PRIMARY KEY (`id`)
) ENGINE=InnoDB DEFAULT CHARSET=utf8;

LOCK TABLES `tb_video` WRITE;
/*!40000 ALTER TABLE `tb_video` DISABLE KEYS */;

INSERT INTO `tb_video` (`id`, `row_guid`, `group_guid`, `t_video_name`, `t_video_url`, `t_status`, `t_link_id`)
VALUES
	(1,NULL,NULL,'预习','www.baidu.com',NULL,1),
	(2,NULL,NULL,'上课','www.jd.com',NULL,2),
	(3,NULL,NULL,'预习','www.taobao.com',NULL,4),
	(4,NULL,NULL,'上课','www.bing.cn',NULL,5),
	(5,NULL,NULL,'预习','www.google.com/zh-cn',NULL,7),
	(6,NULL,NULL,'上课','www.youtube.com',NULL,8),
	(7,NULL,NULL,'预习','www.tmall.com',NULL,10),
	(8,NULL,NULL,'上课','www.microsoft.com',NULL,11);

/*!40000 ALTER TABLE `tb_video` ENABLE KEYS */;
UNLOCK TABLES;


# Dump of table tb_works
# ------------------------------------------------------------

DROP TABLE IF EXISTS `tb_works`;

CREATE TABLE `tb_works` (
  `row_guid` varchar(255) DEFAULT NULL,
  `recordguid` varchar(255) DEFAULT NULL,
  `id` int NOT NULL AUTO_INCREMENT,
  `t_works_num` varchar(255) DEFAULT NULL COMMENT '作品编号',
  `t_works_name` varchar(255) DEFAULT NULL COMMENT '作品名',
  `t_user_guid` varchar(255) DEFAULT NULL,
  `t_teacher_guid` varchar(255) DEFAULT NULL COMMENT '评价教师GUID',
  `t_valuation_date` datetime DEFAULT NULL COMMENT '教师评价日期',
  `t_content` varchar(255) DEFAULT NULL COMMENT '教师评价内容',
  `t_upload_date` datetime DEFAULT NULL COMMENT '上传日期',
  `t_course_guid` varchar(255) DEFAULT NULL COMMENT '课程GUID',
  `t_link_guid` varchar(255) DEFAULT NULL COMMENT '环节GUID',
  `t_class_guid` varchar(255) DEFAULT NULL COMMENT '课节guid',
  `t_img_url` varchar(255) DEFAULT NULL COMMENT '作品图片',
  `t_works_type` varchar(255) DEFAULT NULL,
  `t_status` int DEFAULT NULL COMMENT '状态',
  PRIMARY KEY (`id`)
) ENGINE=InnoDB DEFAULT CHARSET=utf8mb4 COLLATE=utf8mb4_0900_ai_ci;

LOCK TABLES `tb_works` WRITE;
/*!40000 ALTER TABLE `tb_works` DISABLE KEYS */;

INSERT INTO `tb_works` (`row_guid`, `recordguid`, `id`, `t_works_num`, `t_works_name`, `t_user_guid`, `t_teacher_guid`, `t_valuation_date`, `t_content`, `t_upload_date`, `t_course_guid`, `t_link_guid`, `t_class_guid`, `t_img_url`, `t_works_type`, `t_status`)
VALUES
	('1263716894164869120',NULL,75,'20200522142240','work_20200522142240','1263466310224498688',NULL,NULL,NULL,'2020-05-22 14:22:41','2','2','2','http://airffter.oss-cn-beijing.aliyuncs.com/homework-1853686436759441854.png','课程作品',1);

/*!40000 ALTER TABLE `tb_works` ENABLE KEYS */;
UNLOCK TABLES;


# Dump of table user_link_status
# ------------------------------------------------------------

DROP TABLE IF EXISTS `user_link_status`;

CREATE TABLE `user_link_status` (
  `id` int NOT NULL AUTO_INCREMENT,
  `user_guid` varchar(255) DEFAULT NULL,
  `class_guid` varchar(255) DEFAULT NULL,
  `link_guid` varchar(255) DEFAULT NULL,
  `study_status` int DEFAULT NULL COMMENT '学习环节状态 0未学习 1已学习',
  PRIMARY KEY (`id`)
) ENGINE=InnoDB DEFAULT CHARSET=utf8mb4 COLLATE=utf8mb4_0900_ai_ci;

LOCK TABLES `user_link_status` WRITE;
/*!40000 ALTER TABLE `user_link_status` DISABLE KEYS */;

INSERT INTO `user_link_status` (`id`, `user_guid`, `class_guid`, `link_guid`, `study_status`)
VALUES
	(119,'1259688964224847872','1263742652396498944','1263750640662417408',1);

/*!40000 ALTER TABLE `user_link_status` ENABLE KEYS */;
UNLOCK TABLES;



/*!40111 SET SQL_NOTES=@OLD_SQL_NOTES */;
/*!40101 SET SQL_MODE=@OLD_SQL_MODE */;
/*!40014 SET FOREIGN_KEY_CHECKS=@OLD_FOREIGN_KEY_CHECKS */;
/*!40101 SET CHARACTER_SET_CLIENT=@OLD_CHARACTER_SET_CLIENT */;
/*!40101 SET CHARACTER_SET_RESULTS=@OLD_CHARACTER_SET_RESULTS */;
/*!40101 SET COLLATION_CONNECTION=@OLD_COLLATION_CONNECTION */;
